0,5,3,4
0.02,0,2,5
0.04,1,3,4
0.06,4,4,5
0.08,3,0,5
0.1,9,1,6
0.12,1,3,1
0.14,6,3,4
0.16,0,1,6
0.18,225,207,241
0.2,6421,6381,6446
0.22,8741,8728,8726
0.24,8732,8861,8895
0.26,8903,8803,8707
0.28,8807,8855,8827
0.3,8837,8834,8907
0.32,8741,8947,8908
0.34,9028,8783,8620
0.36,6673,6623,6814
0.38,1883,1855,1887
0.4,396,347,418
0.42,123,121,117
0.44,70,65,93
0.46,61,79,65
0.48,67,92,61
0.5,85,83,80
0.52,78,89,69
0.54,76,79,78
0.56,88,74,91
0.58,73,81,87
0.6,88,81,89
0.62,81,65,110
0.64,105,63,91
0.66,97,102,87
0.68,86,85,113
0.7,104,95,82
0.72,100,101,118
0.74,89,105,103
0.76,99,102,110
0.78,131,110,96
0.8,117,123,117
0.82,130,129,130
0.84,92,114,123
0.86,113,105,119
0.88,132,118,105
0.9,131,107,103
0.92,134,128,135
0.94,130,129,118
0.96,127,133,147
0.98,128,143,130
1,104,135,127
1.02,128,136,147
1.04,135,144,135
1.06,149,147,131
1.08,136,149,155
1.1,174,160,145
1.12,145,132,174
1.14,149,157,139
1.16,163,145,165
1.18,131,138,169
1.2,155,168,191
1.22,160,167,145
1.24,157,161,131
1.26,178,191,147
1.28,166,167,166
1.3,170,165,149
1.32,178,162,166
1.34,198,169,182
1.36,169,168,195
1.38,200,185,180
1.4,216,183,148
1.42,153,175,175
1.44,166,189,174
1.46,191,182,174
1.48,186,173,191
1.5,182,180,181
1.52,193,176,177
1.54,159,164,189
1.56,177,177,188
1.58,201,157,200
1.6,199,162,204
1.62,200,199,197
1.64,203,194,184
1.66,202,208,188
1.68,184,185,190
1.7,185,224,179
1.72,176,179,208
1.74,200,205,166
1.76,211,202,182
1.78,184,190,189
1.8,188,229,185
1.82,210,206,208
1.84,192,216,181
1.86,220,208,197
1.88,213,180,208
1.9,184,219,213
1.92,217,199,218
1.94,207,227,199
1.96,198,209,209
1.98,197,216,187
2,227,195,188
2.02,215,213,210
2.04,204,189,196
2.06,242,185,223
2.08,228,204,201
2.1,217,192,192
2.12,180,223,182
2.14,230,234,216
2.16,235,174,194
2.18,233,193,190
2.2,237,215,210
2.22,211,218,188
2.24,202,233,222
2.26,194,217,199
2.28,198,194,187
2.3,234,206,231
2.32,239,213,229
2.34,223,227,218
2.36,248,232,193
2.38,214,225,190
2.4,227,231,219
2.42,236,218,248
2.44,225,217,230
2.46,225,206,224
2.48,206,227,233
2.5,220,238,249
2.52,241,208,234
2.54,210,235,219
2.56,201,201,190
2.58,244,225,218
2.6,226,228,222
2.62,232,205,231
2.64,187,194,227
2.66,221,200,224
2.68,204,211,202
2.7,200,212,212
2.72,219,211,215
2.74,236,215,238
2.76,201,239,244
2.78,230,229,216
2.8,225,192,229
2.82,226,234,227
2.84,229,243,221
2.86,232,222,222
2.88,223,260,224
2.9,219,198,232
2.92,206,216,249
2.94,207,196,192
2.96,247,198,235
2.98,217,197,224
3,202,216,198
3.02,216,237,196
3.04,233,225,188
3.06,212,218,225
3.08,216,207,239
3.1,224,212,244
3.12,234,235,223
3.14,233,216,244
3.16,223,221,221
3.18,216,241,221
3.2,246,211,226
3.22,240,222,197
3.24,191,241,190
3.26,224,236,210
3.28,216,239,218
3.3,220,207,245
3.32,219,222,211
3.34,216,223,195
3.36,238,260,200
3.38,216,226,217
3.4,240,215,231
3.42,202,209,221
3.44,190,216,190
3.46,214,217,224
3.48,230,212,228
3.5,235,227,236
3.52,213,209,226
3.54,203,196,205
3.56,191,239,223
3.58,204,207,227
3.6,208,208,200
3.62,217,208,203
3.64,222,224,203
3.66,194,231,199
3.68,192,219,222
3.7,214,209,205
3.72,212,225,195
3.74,192,221,179
3.76,211,213,204
3.78,176,203,213
3.8,180,191,238
3.82,204,183,190
3.84,218,194,194
3.86,197,238,217
3.88,221,183,221
3.9,226,203,204
3.92,192,203,204
3.94,188,203,189
3.96,213,207,219
3.98,200,228,216
4,196,210,211
4.02,215,218,227
4.04,204,194,201
4.06,216,217,192
4.08,209,179,187
4.1,210,208,196
4.12,210,193,183
4.14,171,219,211
4.16,198,210,220
4.18,184,190,190
4.2,202,194,189
4.22,202,213,220
4.24,201,193,190
4.26,179,220,208
4.28,169,200,198
4.3,160,208,171
4.32,183,210,198
4.34,183,200,209
4.36,219,199,182
4.38,200,203,181
4.4,205,194,192
4.42,204,213,170
4.44,184,196,212
4.46,187,202,201
4.48,207,186,192
4.5,202,197,214
4.52,169,194,202
4.54,193,196,221
4.56,178,196,188
4.58,203,225,170
4.6,172,202,175
4.62,184,203,195
4.64,181,163,191
4.66,203,187,205
4.68,193,166,190
4.7,206,195,174
4.72,206,183,193
4.74,182,177,205
4.76,170,197,199
4.78,173,191,185
4.8,194,178,155
4.82,188,184,178
4.84,173,182,190
4.86,196,173,184
4.88,173,181,167
4.9,199,152,176
4.92,180,178,166
4.94,162,192,162
4.96,170,177,179
4.98,154,189,166
5,180,177,159
5.02,178,177,189
5.04,175,169,193
5.06,206,166,163
5.08,153,169,193
5.1,179,183,173
5.12,185,180,168
5.14,170,160,193
5.16,155,163,158
5.18,187,177,187
5.2,167,193,162
5.22,192,166,180
5.24,201,160,159
5.26,144,212,155
5.28,192,188,152
5.3,164,157,174
5.32,183,171,148
5.34,169,170,163
5.36,182,179,184
5.38,154,197,177
5.4,150,174,176
5.42,159,143,179
5.44,180,159,192
5.46,174,154,137
5.48,177,137,162
5.5,167,172,152
5.52,172,124,161
5.54,154,153,157
5.56,155,143,151
5.58,142,163,136
5.6,155,160,181
5.62,160,156,181
5.64,169,140,161
5.66,163,175,167
5.68,160,188,166
5.7,161,151,124
5.72,171,174,168
5.74,156,136,197
5.76,155,150,151
5.78,171,151,164
5.8,164,164,158
5.82,175,133,133
5.84,151,146,145
5.86,170,170,149
5.88,148,151,162
5.9,187,146,162
5.92,159,144,161
5.94,146,148,144
5.96,137,163,151
5.98,139,173,162
6,160,140,138
6.02,165,153,162
6.04,147,134,154
6.06,126,155,145
6.08,147,152,163
6.1,134,164,148
6.12,142,133,138
6.14,145,147,137
6.16,149,128,177
6.18,130,150,114
6.2,153,148,155
6.22,127,139,142
6.24,144,146,132
6.26,145,152,144
6.28,130,158,142
6.3,145,129,144
6.32,125,147,112
6.34,132,146,121
6.36,143,124,134
6.38,153,138,140
6.4,149,128,154
6.42,161,166,129
6.44,132,141,127
6.46,134,156,141
6.48,139,121,134
6.5,136,127,129
6.52,130,132,130
6.54,140,122,146
6.56,127,125,131
6.58,148,137,133
6.6,132,140,128
6.62,145,126,149
6.64,154,118,113
6.66,116,130,123
6.68,128,122,130
6.7,119,137,147
6.72,103,153,128
6.74,131,127,144
6.76,125,109,142
6.78,127,145,168
6.8,123,149,113
6.82,132,124,95
6.84,139,134,140
6.86,128,123,116
6.88,121,107,120
6.9,120,128,131
6.92,125,106,131
6.94,123,119,148
6.96,124,94,121
6.98,112,111,118
7,127,119,104
7.02,124,120,129
7.04,136,106,132
7.06,118,114,139
7.08,126,108,120
7.1,135,128,130
7.12,111,110,117
7.14,104,125,126
7.16,101,113,131
7.18,95,113,111
7.2,117,123,114
7.22,108,97,127
7.24,112,104,101
7.26,123,126,115
7.28,133,108,104
7.3,108,125,121
7.32,111,113,103
7.34,116,126,96
7.36,123,119,99
7.38,119,105,108
7.4,133,114,119
7.42,124,106,111
7.44,98,95,126
7.46,91,105,104
7.48,108,119,123
7.5,124,98,114
7.52,101,111,126
7.54,105,97,102
7.56,125,115,128
7.58,83,111,124
7.6,86,115,111
7.62,115,113,105
7.64,110,110,119
7.66,97,107,92
7.68,95,108,106
7.7,100,115,100
7.72,113,106,130
7.74,98,94,99
7.76,100,128,113
7.78,86,85,103
7.8,103,102,99
7.82,104,109,108
7.84,103,95,108
7.86,104,108,99
7.88,87,113,98
7.9,86,114,111
7.92,93,110,102
7.94,97,107,118
7.96,80,99,89
7.98,80,117,97
8,104,92,86
8.02,101,99,85
8.04,127,95,101
8.06,69,102,89
8.08,102,101,100
8.1,85,113,116
8.12,87,98,93
8.14,102,118,96
8.16,87,103,89
8.18,97,98,103
8.2,84,109,89
8.22,112,103,90
8.24,108,80,97
8.26,101,70,103
8.28,92,104,75
8.3,95,98,91
8.32,97,90,95
8.34,69,73,89
8.36,89,87,82
8.38,88,73,98
8.4,88,77,86
8.42,83,83,74
8.44,95,114,98
8.46,94,80,80
8.48,94,89,94
8.5,75,92,97
8.52,84,90,88
8.54,63,70,81
8.56,98,82,75
8.58,96,93,85
8.6,95,72,74
8.62,78,88,98
8.64,83,101,86
8.66,96,90,98
8.68,86,95,87
8.7,89,80,93
8.72,77,87,84
8.74,71,87,90
8.76,82,80,103
8.78,62,59,75
8.8,76,95,68
8.82,77,76,82
8.84,99,92,82
8.86,74,83,96
8.88,93,67,73
8.9,85,84,71
8.92,73,71,78
8.94,73,75,72
8.96,80,82,74
8.98,87,72,91
9,67,87,93
9.02,85,92,76
9.04,65,82,87
9.06,77,94,62
9.08,79,74,73
9.1,88,71,79
9.12,74,84,92
9.14,80,68,63
9.16,74,82,66
9.18,90,69,78
9.2,74,77,77
9.22,72,81,77
9.24,69,81,73
9.26,78,87,75
9.28,86,72,62
9.3,77,64,81
9.32,79,73,74
9.34,80,78,87
9.36,65,95,74
9.38,55,75,74
9.4,76,61,74
9.42,86,64,84
9.44,80,61,75
9.46,75,68,82
9.48,69,64,72
9.5,73,64,69
9.52,68,63,68
9.54,75,70,66
9.56,80,76,58
9.58,58,71,61
9.6,66,61,79
9.62,69,72,74
9.64,79,65,73
9.66,59,69,72
9.68,70,63,64
9.7,66,49,69
9.72,67,67,68
9.74,88,63,64
9.76,94,67,65
9.78,70,73,75
9.8,57,77,69
9.82,68,69,55
9.84,71,73,71
9.86,80,66,72
9.88,71,66,49
9.9,59,61,62
9.92,55,85,44
9.94,52,60,54
9.96,58,72,72
9.98,64,64,58
10,48,58,60
10.02,63,51,70
10.04,69,73,75
10.06,76,43,60
10.08,61,60,56
10.1,62,74,65
10.12,52,53,64
10.14,60,60,57
10.16,75,50,65
10.18,55,59,66
10.2,60,59,54
10.22,71,63,52
10.24,46,56,72
10.26,55,51,65
10.28,45,62,58
10.3,57,54,71
10.32,55,54,58
10.34,59,63,60
10.36,59,58,55
10.38,64,50,67
10.4,68,45,49
10.42,47,54,50
10.44,59,53,62
10.46,46,64,49
10.48,55,52,47
10.5,51,50,53
10.52,55,50,58
10.54,46,47,64
10.56,56,64,52
10.58,43,64,43
10.6,62,47,60
10.62,57,44,54
10.64,55,60,56
10.66,46,58,53
10.68,44,64,63
10.7,49,65,53
10.72,49,60,39
10.74,37,62,52
10.76,73,48,51
10.78,49,51,46
10.8,55,56,53
10.82,43,50,66
10.84,42,54,62
10.86,52,57,43
10.88,52,47,46
10.9,55,47,52
10.92,52,51,46
10.94,52,53,42
10.96,53,49,52
10.98,48,51,61
11,49,49,56
11.02,56,38,49
11.04,38,49,58
11.06,42,37,42
11.08,46,42,47
11.1,71,44,40
11.12,47,39,45
11.14,47,42,47
11.16,46,46,52
11.18,47,41,38
11.2,54,35,38
11.22,43,56,53
11.24,45,38,52
11.26,42,55,46
11.28,50,58,48
11.3,54,47,47
11.32,49,46,43
11.34,30,45,35
11.36,41,37,49
11.38,66,56,39
11.4,36,47,50
11.42,42,33,50
11.44,50,52,50
11.46,38,28,37
11.48,48,47,48
11.5,42,40,46
11.52,46,40,57
11.54,57,36,57
11.56,49,50,46
11.58,40,50,43
11.6,32,43,48
11.62,28,48,37
11.64,49,31,42
11.66,31,44,35
11.68,42,37,43
11.7,48,38,46
11.72,37,43,40
11.74,53,44,50
11.76,42,36,44
11.78,43,38,37
11.8,34,54,38
11.82,39,34,43
11.84,39,50,41
11.86,37,41,22
11.88,43,45,36
11.9,45,45,49
11.92,42,48,44
11.94,42,46,33
11.96,36,33,39
11.98,31,43,44
12,34,28,28
12.02,37,23,38
12.04,39,35,40
12.06,55,36,44
12.08,48,40,38
12.1,43,34,31
12.12,39,34,25
12.14,50,32,42
12.16,38,38,39
12.18,46,45,38
12.2,44,35,37
12.22,32,38,37
12.24,32,33,42
12.26,46,38,31
12.28,31,50,41
12.3,33,42,38
12.32,36,35,30
12.34,36,46,46
12.36,42,32,39
12.38,31,36,29
12.4,38,39,50
12.42,53,41,23
12.44,35,41,31
12.46,35,31,30
12.48,37,36,27
12.5,39,30,32
12.52,41,26,41
12.54,31,36,36
12.56,46,41,24
12.58,45,38,36
12.6,34,33,42
12.62,38,35,35
12.64,45,38,30
12.66,27,36,35
12.68,25,43,32
12.7,28,37,24
12.72,31,43,30
12.74,33,42,38
12.76,41,34,41
12.78,28,35,36
12.8,39,27,41
12.82,37,27,53
12.84,28,43,28
12.86,21,22,34
12.88,27,33,35
12.9,22,38,31
12.92,30,41,38
12.94,37,29,23
12.96,31,27,51
12.98,29,26,27
13,33,21,21
13.02,19,26,31
13.04,31,28,29
13.06,27,37,31
13.08,35,33,40
13.1,27,24,34
13.12,35,27,26
13.14,31,20,32
13.16,34,28,33
13.18,22,37,33
13.2,27,28,31
13.22,21,32,42
13.24,31,23,22
13.26,34,25,26
13.28,25,29,27
13.3,30,32,23
13.32,26,34,31
13.34,28,31,22
13.36,28,22,24
13.38,27,35,31
13.4,32,27,28
13.42,22,26,22
13.44,27,32,42
13.46,44,34,17
13.48,25,20,22
13.5,22,20,33
13.52,41,21,31
13.54,27,27,28
13.56,32,22,22
13.58,35,23,46
13.6,11,40,27
13.62,31,25,31
13.64,28,29,26
13.66,25,25,29
13.68,23,20,31
13.7,29,28,27
13.72,16,34,21
13.74,31,24,28
13.76,22,32,18
13.78,22,34,20
13.8,28,28,16
13.82,23,31,20
13.84,25,26,33
13.86,26,23,29
13.88,28,17,26
13.9,25,21,23
13.92,23,22,32
13.94,30,25,24
13.96,29,26,33
13.98,22,28,30
14,22,10,22
14.02,23,26,25
14.04,21,24,24
14.06,30,27,21
14.08,12,27,31
14.1,26,23,23
14.12,28,23,26
14.14,24,26,10
14.16,23,20,30
14.18,20,21,23
14.2,28,20,22
14.22,24,25,15
14.24,16,28,17
14.26,23,18,18
14.28,26,30,31
14.3,24,32,23
14.32,24,30,16
14.34,21,17,17
14.36,30,13,14
14.38,14,18,28
14.4,24,27,11
14.42,18,22,19
14.44,31,28,19
14.46,17,24,19
14.48,15,23,15
14.5,24,16,21
14.52,19,13,17
14.54,17,18,21
14.56,24,23,19
14.58,26,29,20
14.6,19,19,16
14.62,32,26,24
14.64,27,20,9
14.66,22,20,15
14.68,25,27,11
14.7,20,22,17
14.72,17,17,23
14.74,25,23,22
14.76,29,24,15
14.78,20,20,20
14.8,15,24,22
14.82,31,15,16
14.84,16,17,16
14.86,12,27,17
14.88,18,23,18
14.9,20,19,15
14.92,12,9,14
14.94,25,17,20
14.96,18,17,11
14.98,13,27,18
15,20,17,21
15.02,21,16,26
15.04,28,23,21
15.06,26,19,20
15.08,16,17,18
15.1,21,23,17
15.12,20,28,17
15.14,25,13,21
15.16,15,13,19
15.18,22,18,27
15.2,24,16,10
15.22,19,16,26
15.24,29,20,15
15.26,20,25,14
15.28,20,19,12
15.3,19,24,13
15.32,28,12,11
15.34,26,17,17
15.36,17,14,16
15.38,21,14,16
15.4,16,14,15
15.42,18,14,18
15.44,23,14,17
15.46,17,15,20
15.48,28,19,21
15.5,15,16,19
15.52,12,13,9
15.54,16,24,14
15.56,20,28,21
15.58,12,14,12
15.6,26,18,17
15.62,21,16,19
15.64,19,15,11
15.66,21,17,14
15.68,11,11,13
15.7,18,23,19
15.72,13,15,16
15.74,15,17,21
15.76,20,14,15
15.78,26,13,14
15.8,27,10,15
15.82,16,17,12
15.84,24,14,8
15.86,26,17,12
15.88,15,13,24
15.9,18,18,18
15.92,20,17,19
15.94,21,13,13
15.96,13,6,18
15.98,11,15,21
16,11,12,10
16.02,11,21,17
16.04,13,20,16
16.06,17,15,17
16.08,18,12,10
16.1,19,13,14
16.12,20,10,13
16.14,23,11,24
16.16,15,24,14
16.18,15,16,16
16.2,12,18,2
16.22,11,13,11
16.24,14,15,11
16.26,17,16,16
16.28,18,10,20
16.3,12,7,4
16.32,13,18,13
16.34,11,24,11
16.36,13,14,13
16.38,12,22,15
16.4,16,20,8
16.42,11,14,12
16.44,16,17,11
16.46,27,8,17
16.48,15,16,11
16.5,11,16,15
16.52,17,12,12
16.54,10,13,14
16.56,14,13,18
16.58,17,17,6
16.6,14,16,13
16.62,15,15,22
16.64,10,14,22
16.66,13,10,19
16.68,11,10,14
16.7,5,12,12
16.72,18,17,16
16.74,11,10,22
16.76,9,18,13
16.78,19,14,9
16.8,10,11,9
16.82,14,14,9
16.84,12,13,10
16.86,11,11,14
16.88,18,15,11
16.9,6,8,13
16.92,11,14,17
16.94,12,12,19
16.96,22,13,15
16.98,18,12,3
17,17,17,12
17.02,10,9,11
17.04,12,12,15
17.06,8,8,9
17.08,11,11,16
17.1,12,18,26
17.12,8,13,8
17.14,12,21,13
17.16,14,15,13
17.18,14,12,7
17.2,14,6,10
17.22,12,10,8
17.24,11,14,10
17.26,12,11,18
17.28,10,13,10
17.3,11,6,13
17.32,7,5,10
17.34,15,16,13
17.36,10,10,21
17.38,19,18,19
17.4,11,12,12
17.42,4,14,15
17.44,10,13,12
17.46,8,9,13
17.48,9,12,10
17.5,15,4,7
17.52,10,5,13
17.54,13,10,8
17.56,9,9,13
17.58,15,12,11
17.6,12,6,13
17.62,8,13,12
17.64,9,10,10
17.66,9,16,8
17.68,19,11,8
17.7,12,11,10
17.72,7,9,8
17.74,13,9,15
17.76,12,14,23
17.78,10,10,7
17.8,6,7,5
17.82,14,11,8
17.84,11,8,9
17.86,15,9,19
17.88,6,4,9
17.9,2,10,5
17.92,6,8,12
17.94,14,5,9
17.96,15,11,8
17.98,7,9,11
18,16,7,5
18.02,7,15,16
18.04,9,10,14
18.06,7,6,13
18.08,8,14,8
18.1,12,22,10
18.12,8,19,18
18.14,13,9,13
18.16,15,13,12
18.18,9,4,11
18.2,7,11,9
18.22,8,12,10
18.24,17,8,7
18.26,8,16,12
18.28,10,9,13
18.3,9,8,8
18.32,13,9,14
18.34,11,6,3
18.36,10,4,18
18.38,11,9,16
18.4,6,7,8
18.42,17,6,8
18.44,1,5,5
18.46,19,7,8
18.48,16,11,7
18.5,11,11,6
18.52,12,7,12
18.54,7,11,8
18.56,12,4,8
18.58,9,12,6
18.6,6,16,8
18.62,8,11,9
18.64,11,4,10
18.66,10,9,5
18.68,7,9,16
18.7,15,10,14
18.72,7,13,10
18.74,8,10,9
18.76,9,15,7
18.78,6,9,10
18.8,5,11,11
18.82,1,7,13
18.84,6,4,7
18.86,9,5,13
18.88,11,7,5
18.9,13,11,12
18.92,12,9,3
18.94,13,11,13
18.96,12,9,7
18.98,8,5,5
19,9,14,9
19.02,6,6,6
19.04,9,16,7
19.06,6,4,2
19.08,4,10,10
19.1,15,3,6
19.12,9,9,13
19.14,3,9,13
19.16,8,7,9
19.18,4,10,11
19.2,9,12,7
19.22,8,9,12
19.24,7,2,6
19.26,7,18,4
19.28,6,9,9
19.3,9,13,9
19.32,8,5,12
19.34,12,10,9
19.36,14,12,2
19.38,9,8,7
19.4,9,7,8
19.42,6,3,10
19.44,8,6,10
19.46,9,6,12
19.48,10,8,8
19.5,17,9,8
19.52,9,10,10
19.54,6,16,5
19.56,5,4,12
19.58,8,8,10
19.6,5,5,12
19.62,2,8,8
19.64,9,5,8
19.66,13,6,9
19.68,7,11,9
19.7,10,6,9
19.72,7,12,6
19.74,10,13,11
19.76,10,6,7
19.78,6,4,6
19.8,12,6,5
19.82,7,7,4
19.84,15,17,8
19.86,3,8,4
19.88,11,8,8
19.9,10,7,2
19.92,5,6,8
19.94,9,6,7
19.96,6,9,8
19.98,1,8,6
20,8,4,5
20.02,5,7,10
20.04,9,7,6
20.06,8,7,4
20.08,10,7,8
20.1,12,6,6
20.12,11,10,5
20.14,9,6,7
20.16,6,9,8
20.18,8,8,2
20.2,9,12,9
20.22,8,12,7
20.24,2,8,7
20.26,9,13,8
20.28,8,3,11
20.3,7,4,6
20.32,4,7,7
20.34,6,16,9
20.36,3,5,4
20.38,7,10,9
20.4,11,7,8
20.42,7,4,9
20.44,3,6,13
20.46,7,10,8
20.48,3,4,8
20.5,4,3,12
20.52,8,5,7
20.54,9,5,5
20.56,7,5,9
20.58,12,2,13
20.6,5,5,2
20.62,5,10,10
20.64,6,10,12
20.66,10,6,10
20.68,7,13,3
20.7,1,8,3
20.72,9,9,7
20.74,8,3,7
20.76,7,3,8
20.78,5,4,7
20.8,7,7,9
20.82,6,2,6
20.84,10,10,10
20.86,4,4,5
20.88,7,1,6
20.9,3,11,4
20.92,3,10,6
20.94,8,5,6
20.96,5,3,6
20.98,4,7,6
21,9,10,2
21.02,3,7,7
21.04,9,4,1
21.06,7,5,5
21.08,6,7,5
21.1,9,10,4
21.12,10,8,2
21.14,9,16,5
21.16,6,6,5
21.18,6,9,8
21.2,9,10,8
21.22,5,5,9
21.24,6,7,11
21.26,6,9,4
21.28,8,8,5
21.3,8,8,5
21.32,10,8,4
21.34,5,7,6
21.36,7,6,4
21.38,4,8,8
21.4,3,8,4
21.42,11,7,7
21.44,3,9,2
21.46,6,5,13
21.48,4,6,6
21.5,5,7,10
21.52,9,9,8
21.54,3,3,2
21.56,9,6,14
21.58,6,4,9
21.6,6,8,4
21.62,8,10,5
21.64,8,3,8
21.66,3,8,4
21.68,6,6,6
21.7,9,7,4
21.72,3,11,6
21.74,2,5,4
21.76,7,5,3
21.78,9,7,11
21.8,0,6,4
21.82,5,5,3
21.84,11,4,10
21.86,8,10,8
21.88,5,6,2
21.9,6,6,5
21.92,2,4,6
21.94,6,8,7
21.96,5,3,8
21.98,4,7,5
22,12,8,8
22.02,4,7,4
22.04,4,8,4
22.06,8,2,3
22.08,6,8,5
22.1,0,2,4
22.12,3,8,4
22.14,7,5,10
22.16,7,2,4
22.18,5,5,9
22.2,5,2,5
22.22,7,10,3
22.24,3,3,6
22.26,9,4,8
22.28,7,6,7
22.3,5,4,5
22.32,3,4,7
22.34,7,7,2
22.36,6,4,4
22.38,5,4,10
22.4,5,6,8
22.42,7,2,8
22.44,3,7,3
22.46,2,9,5
22.48,5,4,6
22.5,5,4,7
22.52,7,2,7
22.54,5,5,7
22.56,8,4,3
22.58,9,8,4
22.6,3,7,5
22.62,9,9,7
22.64,7,4,5
22.66,6,8,4
22.68,2,5,5
22.7,5,6,6
22.72,11,4,6
22.74,7,8,3
22.76,3,2,8
22.78,8,7,6
22.8,9,5,3
22.82,5,6,11
22.84,1,5,1
22.86,9,3,4
22.88,6,3,8
22.9,2,3,6
22.92,5,2,8
22.94,6,1,5
22.96,7,8,5
22.98,3,5,4
23,3,6,4
23.02,3,1,5
23.04,7,6,7
23.06,5,4,4
23.08,6,3,2
23.1,2,8,2
23.12,3,1,5
23.14,3,5,5
23.16,4,6,7
23.18,2,5,6
23.2,7,4,5
23.22,7,10,6
23.24,6,3,4
23.26,10,9,4
23.28,4,2,6
23.3,4,3,6
23.32,12,7,10
23.34,6,6,6
23.36,4,13,4
23.38,7,7,4
23.4,11,2,9
23.42,5,6,6
23.44,3,7,7
23.46,5,6,3
23.48,4,9,8
23.5,3,2,10
23.52,4,0,5
23.54,9,4,4
23.56,5,7,7
23.58,4,8,7
23.6,3,5,2
23.62,6,3,1
23.64,4,9,1
23.66,4,4,16
23.68,7,6,1
23.7,5,2,3
23.72,4,2,5
23.74,6,8,1
23.76,5,4,3
23.78,4,7,4
23.8,2,4,8
23.82,7,5,7
23.84,8,3,3
23.86,4,3,3
23.88,5,2,5
23.9,3,11,4
23.92,8,8,6
23.94,3,0,3
23.96,3,5,7
23.98,5,2,5
24,2,8,4
24.02,3,3,4
24.04,7,4,0
24.06,5,9,7
24.08,13,5,7
24.1,5,2,4
24.12,8,5,6
24.14,3,5,5
24.16,7,6,2
24.18,6,3,4
24.2,5,6,2
24.22,0,0,6
24.24,9,3,10
24.26,6,5,2
24.28,4,8,6
24.3,4,3,3
24.32,5,7,4
24.34,2,6,2
24.36,2,2,2
24.38,4,0,1
24.4,6,3,5
24.42,7,2,4
24.44,8,7,7
24.46,8,6,3
24.48,5,8,6
24.5,1,2,8
24.52,9,6,6
24.54,3,6,6
24.56,4,4,5
24.58,3,4,5
24.6,1,4,2
24.62,4,9,6
24.64,4,7,6
24.66,5,3,6
24.68,8,4,7
24.7,5,7,3
24.72,3,5,11
24.74,8,4,4
24.76,6,7,5
24.78,3,5,3
24.8,6,6,5
24.82,4,3,3
24.84,9,4,5
24.86,5,2,14
24.88,4,3,7
24.9,3,3,4
24.92,11,5,4
24.94,7,4,5
24.96,3,1,1
24.98,6,4,3
25,3,5,3
25.02,9,4,6
25.04,1,4,4
25.06,8,3,3
25.08,1,7,4
25.1,4,5,3
25.12,4,1,6
25.14,3,4,5
25.16,4,2,7
25.18,4,6,4
25.2,4,1,6
25.22,4,7,6
25.24,4,6,5
25.26,1,6,5
25.28,4,4,5
25.3,4,5,2
25.32,2,5,5
25.34,15,3,8
25.36,6,5,4
25.38,6,10,4
25.4,2,7,5
25.42,4,2,4
25.44,4,7,3
25.46,3,5,5
25.48,4,7,5
25.5,4,3,4
25.52,7,8,6
25.54,4,2,4
25.56,5,5,4
25.58,4,4,1
25.6,1,2,6
25.62,4,14,4
25.64,7,5,1
25.66,3,8,4
25.68,3,0,6
25.7,5,7,9
25.72,1,5,4
25.74,3,2,2
25.76,2,2,6
25.78,3,4,5
25.8,7,4,3
25.82,5,2,3
25.84,2,1,5
25.86,8,7,6
25.88,4,6,5
25.9,4,2,3
25.92,1,4,0
25.94,5,6,3
25.96,7,10,0
25.98,6,3,2
26,5,5,3
26.02,4,6,3
26.04,7,4,4
26.06,6,3,5
26.08,6,2,5
26.1,11,6,1
26.12,7,2,4
26.14,4,4,3
26.16,5,5,6
26.18,6,4,7
26.2,6,2,3
26.22,3,5,7
26.24,5,4,3
26.26,1,3,1
26.28,6,7,3
26.3,6,5,0
26.32,4,2,2
26.34,2,5,3
26.36,4,2,6
26.38,6,3,4
26.4,4,5,2
26.42,3,7,9
26.44,3,5,5
26.46,2,3,3
26.48,5,1,4
26.5,0,4,4
26.52,5,4,7
26.54,4,3,3
26.56,3,3,7
26.58,0,3,5
26.6,1,1,1
26.62,6,3,3
26.64,1,0,4
26.66,5,4,3
26.68,5,2,4
26.7,2,1,2
26.72,4,4,6
26.74,4,8,3
26.76,3,1,2
26.78,4,4,8
26.8,1,3,1
26.82,2,4,3
26.84,8,3,6
26.86,4,1,3
26.88,6,4,5
26.9,6,5,5
26.92,13,5,4
26.94,0,6,4
26.96,2,4,5
26.98,3,0,4
27,4,2,5
27.02,5,3,9
27.04,5,2,3
27.06,5,2,4
27.08,4,5,7
27.1,5,8,2
27.12,9,4,1
27.14,2,0,4
27.16,3,3,1
27.18,1,7,7
27.2,3,2,6
27.22,2,1,3
27.24,4,6,3
27.26,8,4,8
27.28,9,7,5
27.3,4,5,0
27.32,3,6,3
27.34,6,6,2
27.36,2,4,2
27.38,2,7,5
27.4,2,3,2
27.42,2,7,5
27.44,2,2,2
27.46,2,3,4
27.48,3,7,3
27.5,3,6,3
27.52,4,4,8
27.54,4,4,4
27.56,0,4,6
27.58,6,2,0
27.6,4,5,1
27.62,4,13,3
27.64,4,4,3
27.66,4,8,3
27.68,5,1,1
27.7,4,3,1
27.72,2,7,2
27.74,5,5,4
27.76,6,2,3
27.78,3,4,5
27.8,8,9,3
27.82,2,4,5
27.84,1,5,6
27.86,5,8,7
27.88,6,2,1
27.9,2,7,1
27.92,2,6,5
27.94,2,4,4
27.96,3,6,1
27.98,1,2,6
28,4,8,3
28.02,4,5,2
28.04,12,6,3
28.06,6,4,2
28.08,7,2,7
28.1,3,3,1
28.12,4,0,4
28.14,6,1,3
28.16,2,7,4
28.18,0,3,2
28.2,3,4,8
28.22,3,5,8
28.24,8,6,5
28.26,3,4,5
28.28,4,4,5
28.3,3,5,9
28.32,2,8,4
28.34,3,5,4
28.36,2,0,3
28.38,1,6,6
28.4,5,3,4
28.42,3,5,6
28.44,1,3,2
28.46,0,7,8
28.48,7,7,5
28.5,2,4,4
28.52,4,7,4
28.54,5,2,2
28.56,3,5,8
28.58,5,5,3
28.6,4,4,2
28.62,3,4,3
28.64,5,2,4
28.66,1,1,2
28.68,2,6,7
28.7,5,3,3
28.72,3,5,4
28.74,7,4,5
28.76,0,5,3
28.78,2,2,4
28.8,6,2,4
28.82,1,5,1
28.84,4,2,5
28.86,11,1,5
28.88,4,4,3
28.9,1,2,3
28.92,3,4,3
28.94,2,2,4
28.96,7,1,7
28.98,2,3,8
29,2,2,4
29.02,6,4,1
29.04,2,8,0
29.06,3,4,2
29.08,5,7,4
29.1,6,5,6
29.12,4,5,6
29.14,3,2,7
29.16,3,7,3
29.18,4,4,6
29.2,5,5,5
29.22,4,3,4
29.24,3,7,9
29.26,4,1,5
29.28,9,4,7
29.3,4,3,1
29.32,5,3,7
29.34,5,3,7
29.36,5,4,6
29.38,3,1,3
29.4,6,1,6
29.42,3,5,5
29.44,3,6,2
29.46,3,1,5
29.48,5,7,4
29.5,2,2,5
29.52,1,2,7
29.54,3,0,1
29.56,3,2,4
29.58,0,6,2
29.6,5,3,6
29.62,3,4,2
29.64,1,3,1
29.66,5,2,3
29.68,4,6,2
29.7,1,1,1
29.72,8,4,4
29.74,1,4,4
29.76,4,2,5
29.78,4,3,3
29.8,7,8,4
29.82,2,6,2
29.84,6,1,3
29.86,3,2,5
29.88,5,4,4
29.9,3,3,1
29.92,9,9,3
29.94,6,2,3
29.96,4,5,4
29.98,7,4,2
30,2,5,6
30.02,3,2,3
30.04,2,1,3
30.06,7,1,0
30.08,3,4,10
30.1,3,4,4
30.12,9,2,4
30.14,3,4,5
30.16,4,3,5
30.18,0,0,2
30.2,7,1,4
30.22,2,2,2
30.24,0,2,4
30.26,1,5,0
30.28,3,5,3
30.3,5,1,4
30.32,1,5,5
30.34,2,3,4
30.36,4,6,2
30.38,4,2,6
30.4,1,5,2
30.42,3,8,4
30.44,1,8,6
30.46,3,6,5
30.48,4,9,3
30.5,1,3,10
30.52,3,5,4
30.54,6,1,4
30.56,6,3,1
30.58,7,4,5
30.6,7,2,2
30.62,5,3,2
30.64,5,2,9
30.66,3,4,5
30.68,1,5,3
30.7,2,6,4
30.72,3,1,2
30.74,1,1,1
30.76,4,2,6
30.78,8,5,3
30.8,5,5,5
30.82,3,6,6
30.84,2,3,4
30.86,2,3,3
30.88,4,4,6
30.9,4,1,9
30.92,3,5,1
30.94,1,2,5
30.96,1,12,3
30.98,2,2,4
31,4,5,5
31.02,4,0,3
31.04,8,0,3
31.06,3,1,4
31.08,5,4,3
31.1,4,3,3
31.12,4,2,5
31.14,2,4,2
31.16,3,1,2
31.18,2,3,1
31.2,4,1,5
31.22,4,6,3
31.24,1,4,4
31.26,4,4,2
31.28,2,1,3
31.3,2,1,2
31.32,7,1,3
31.34,7,5,3
31.36,3,7,3
31.38,2,1,6
31.4,3,2,5
31.42,2,4,3
31.44,4,4,7
31.46,4,3,5
31.48,3,2,5
31.5,1,2,4
31.52,6,10,5
31.54,6,3,4
31.56,4,6,4
31.58,4,5,3
31.6,4,0,2
31.62,3,2,5
31.64,6,5,7
31.66,3,1,2
31.68,4,6,3
31.7,4,2,4
31.72,0,5,3
31.74,3,1,7
31.76,2,4,2
31.78,2,4,5
31.8,7,3,6
31.82,5,6,0
31.84,4,2,2
31.86,1,4,4
31.88,5,3,4
31.9,2,2,7
31.92,4,4,1
31.94,2,3,2
31.96,5,7,7
31.98,1,2,4
32,3,5,4
32.02,3,3,3
32.04,3,6,3
32.06,1,6,1
32.08,5,7,2
32.1,3,1,3
32.12,5,1,5
32.14,3,5,9
32.16,6,3,3
32.18,1,3,2
32.2,0,7,6
32.22,2,4,1
32.24,6,5,3
32.26,9,7,5
32.28,3,8,4
32.3,3,1,3
32.32,7,1,4
32.34,4,4,3
32.36,7,3,2
32.38,3,3,7
32.4,5,2,3
32.42,3,5,3
32.44,2,5,2
32.46,3,6,1
32.48,8,8,1
32.5,7,2,5
32.52,5,4,3
32.54,4,2,3
32.56,2,5,4
32.58,2,2,2
32.6,6,7,3
32.62,2,3,3
32.64,0,6,6
32.66,1,6,1
32.68,3,6,1
32.7,1,3,5
32.72,1,1,4
32.74,2,4,4
32.76,6,4,2
32.78,3,5,4
32.8,7,2,5
32.82,5,6,4
32.84,3,3,1
32.86,0,4,5
32.88,0,3,7
32.9,2,2,3
32.92,2,5,5
32.94,7,6,1
32.96,4,9,3
32.98,3,1,2
33,8,2,3
33.02,5,0,3
33.04,4,0,2
33.06,2,2,1
33.08,6,2,2
33.1,4,6,4
33.12,2,6,0
33.14,4,4,5
33.16,1,4,4
33.18,5,1,6
33.2,2,6,1
33.22,0,6,4
33.24,2,1,7
33.26,2,2,3
33.28,2,4,1
33.3,4,2,5
33.32,2,1,1
33.34,2,3,3
33.36,4,2,1
33.38,1,3,3
33.4,1,6,3
33.42,2,4,2
33.44,1,4,3
33.46,5,5,5
33.48,3,3,3
33.5,1,5,4
33.52,4,5,3
33.54,5,6,3
33.56,3,4,7
33.58,2,6,3
33.6,0,2,2
33.62,1,3,3
33.64,4,5,7
33.66,4,6,5
33.68,4,4,3
33.7,4,5,3
33.72,3,6,5
33.74,7,4,4
33.76,2,7,4
33.78,5,3,3
33.8,3,3,3
33.82,3,4,5
33.84,0,1,6
33.86,1,7,6
33.88,2,6,1
33.9,2,3,2
33.92,5,1,1
33.94,3,0,9
33.96,3,6,2
33.98,6,4,1
34,6,9,3
34.02,9,4,2
34.04,2,3,4
34.06,6,5,7
34.08,3,4,2
34.1,2,4,5
34.12,1,5,2
34.14,2,3,6
34.16,1,2,5
34.18,3,3,5
34.2,5,1,4
34.22,4,1,2
34.24,4,8,1
34.26,5,4,0
34.28,4,2,0
34.3,1,2,3
34.32,0,2,1
34.34,2,5,2
34.36,7,5,0
34.38,3,2,2
34.4,6,4,4
34.42,3,5,3
34.44,6,4,7
34.46,4,4,4
34.48,6,5,4
34.5,2,1,5
34.52,3,2,5
34.54,6,2,2
34.56,1,3,3
34.58,6,2,2
34.6,2,3,2
34.62,4,4,2
34.64,2,6,2
34.66,4,1,4
34.68,4,3,6
34.7,3,7,3
34.72,4,2,1
34.74,4,2,5
34.76,6,2,3
34.78,4,4,4
34.8,2,0,2
34.82,4,3,4
34.84,0,2,3
34.86,2,3,0
34.88,5,8,3
34.9,4,0,2
34.92,5,3,3
34.94,6,4,4
34.96,4,0,1
34.98,6,4,2
35,1,4,5
35.02,6,10,3
35.04,3,3,4
35.06,5,3,9
35.08,7,2,4
35.1,3,3,4
35.12,3,3,2
35.14,3,5,3
35.16,4,3,4
35.18,6,3,3
35.2,2,3,1
35.22,1,5,2
35.24,4,4,4
35.26,1,0,5
35.28,3,1,1
35.3,5,4,3
35.32,2,4,3
35.34,3,6,8
35.36,2,6,2
35.38,4,7,4
35.4,1,5,7
35.42,2,2,4
35.44,4,2,1
35.46,4,5,3
35.48,1,3,4
35.5,4,3,1
35.52,4,4,9
35.54,4,5,3
35.56,2,5,2
35.58,3,1,4
35.6,3,2,3
35.62,5,3,4
35.64,3,6,2
35.66,5,3,4
35.68,5,2,3
35.7,2,5,5
35.72,4,7,1
35.74,4,2,7
35.76,2,5,2
35.78,7,2,3
35.8,2,1,6
35.82,2,4,2
35.84,1,5,0
35.86,5,5,0
35.88,1,2,4
35.9,0,5,5
35.92,2,6,5
35.94,3,4,1
35.96,7,4,2
35.98,9,4,6
36,6,4,2
36.02,4,1,6
36.04,2,7,6
36.06,4,3,5
36.08,3,5,1
36.1,2,3,3
36.12,1,6,3
36.14,4,2,7
36.16,0,1,3
36.18,2,2,6
36.2,3,1,4
36.22,3,2,2
36.24,2,5,2
36.26,3,2,2
36.28,3,6,5
36.3,1,1,2
36.32,2,1,2
36.34,2,1,3
36.36,2,2,0
36.38,5,2,6
36.4,5,2,3
36.42,4,5,0
36.44,3,6,8
36.46,3,4,2
36.48,4,6,3
36.5,5,4,2
36.52,3,4,4
36.54,5,4,3
36.56,3,0,5
36.58,4,6,4
36.6,5,5,2
36.62,4,2,4
36.64,6,5,8
36.66,7,3,3
36.68,4,3,5
36.7,0,4,3
36.72,5,2,4
36.74,0,5,6
36.76,6,3,7
36.78,7,0,4
36.8,5,1,4
36.82,2,4,3
36.84,3,2,2
36.86,2,6,7
36.88,3,6,3
36.9,3,5,0
36.92,2,7,4
36.94,3,3,2
36.96,5,2,1
36.98,4,1,4
37,1,0,3
37.02,7,7,4
37.04,4,4,6
37.06,3,4,4
37.08,5,4,5
37.1,3,3,4
37.12,6,3,6
37.14,1,2,4
37.16,2,2,4
37.18,2,2,4
37.2,4,5,1
37.22,5,1,3
37.24,3,3,9
37.26,3,2,3
37.28,6,1,6
37.3,1,4,2
37.32,3,4,6
37.34,3,6,7
37.36,1,3,4
37.38,2,3,2
37.4,3,2,2
37.42,0,3,2
37.44,2,2,5
37.46,6,5,5
37.48,2,6,0
37.5,2,7,2
37.52,1,5,2
37.54,3,4,3
37.56,5,4,3
37.58,1,2,2
37.6,2,3,2
37.62,3,2,0
37.64,7,2,3
37.66,4,1,1
37.68,4,11,2
37.7,3,4,2
37.72,3,1,1
37.74,6,4,3
37.76,5,2,1
37.78,3,5,5
37.8,1,6,6
37.82,1,6,3
37.84,9,2,4
37.86,4,3,6
37.88,8,5,7
37.9,1,3,7
37.92,4,4,5
37.94,2,3,2
37.96,3,3,6
37.98,3,2,1
38,7,5,7
38.02,7,1,1
38.04,5,3,5
38.06,8,5,2
38.08,2,1,3
38.1,2,5,6
38.12,8,0,2
38.14,2,3,3
38.16,2,3,1
38.18,1,5,1
38.2,7,2,2
38.22,5,4,7
38.24,7,1,7
38.26,3,4,3
38.28,5,8,4
38.3,4,7,1
38.32,1,3,3
38.34,3,4,4
38.36,2,7,1
38.38,5,2,5
38.4,6,2,4
38.42,4,2,3
38.44,2,2,5
38.46,6,1,5
38.48,4,2,2
38.5,4,2,3
38.52,5,3,3
38.54,2,3,5
38.56,1,3,2
38.58,2,3,3
38.6,1,2,5
38.62,4,5,7
38.64,5,7,1
38.66,3,0,2
38.68,8,8,6
38.7,3,6,6
38.72,2,1,5
38.74,1,4,1
38.76,0,2,4
38.78,3,5,2
38.8,3,0,2
38.82,2,3,3
38.84,5,8,6
38.86,3,4,4
38.88,1,8,4
38.9,4,2,2
38.92,5,3,3
38.94,1,1,3
38.96,4,4,6
38.98,4,0,4
39,2,5,4
39.02,2,1,4
39.04,2,3,4
39.06,4,4,4
39.08,2,1,5
39.1,4,4,4
39.12,6,3,7
39.14,6,4,2
39.16,7,4,5
39.18,6,2,4
39.2,5,3,7
39.22,3,1,6
39.24,2,4,6
39.26,1,4,4
39.28,1,8,2
39.3,4,10,3
39.32,5,3,5
39.34,3,1,5
39.36,3,0,3
39.38,1,3,4
39.4,0,2,2
39.42,4,3,3
39.44,3,5,6
39.46,3,2,2
39.48,3,6,1
39.5,4,4,5
39.52,3,6,4
39.54,1,0,6
39.56,3,0,4
39.58,4,4,3
39.6,2,1,5
39.62,3,1,2
39.64,3,3,0
39.66,1,2,3
39.68,1,2,11
39.7,1,2,3
39.72,2,6,5
39.74,9,2,7
39.76,3,1,5
39.78,1,3,1
39.8,5,0,1
39.82,4,5,3
39.84,4,1,3
39.86,2,0,3
39.88,0,7,0
39.9,3,5,3
39.92,1,5,5
39.94,1,3,3
39.96,4,6,7
39.98,5,4,4
40,9,5,4
40.02,4,4,7
40.04,4,1,6
40.06,2,0,4
40.08,3,7,1
40.1,3,4,3
40.12,5,3,2
40.14,2,2,4
40.16,1,4,2
40.18,3,5,2
40.2,2,4,4
40.22,1,3,7
40.24,5,5,1
40.26,4,4,1
40.28,10,3,7
40.3,5,7,5
40.32,5,4,1
40.34,3,4,3
40.36,3,5,3
40.38,2,7,4
40.4,3,1,3
40.42,6,2,5
40.44,3,2,2
40.46,2,7,0
40.48,4,2,4
40.5,1,3,5
40.52,6,4,4
40.54,2,3,7
40.56,3,4,5
40.58,4,0,3
40.6,1,2,1
40.62,1,3,5
40.64,2,2,2
40.66,1,5,3
40.68,5,4,0
40.7,3,4,6
40.72,4,3,2
40.74,3,6,2
40.76,6,3,2
40.78,4,6,3
40.8,3,0,4
40.82,7,2,2
40.84,3,8,11
40.86,2,3,1
40.88,3,2,0
40.9,1,2,5
40.92,1,6,5
40.94,1,3,5
40.96,5,2,5
40.98,3,7,2
41,4,4,3
41.02,3,2,5
41.04,2,7,2
41.06,3,2,8
41.08,4,2,3
41.1,5,3,7
41.12,1,9,3
41.14,1,1,4
41.16,4,6,2
41.18,5,1,4
41.2,3,5,5
41.22,3,3,3
41.24,2,5,6
41.26,8,3,4
41.28,5,3,4
41.3,6,4,5
41.32,5,3,4
41.34,1,3,2
41.36,5,2,6
41.38,4,3,1
41.4,5,2,5
41.42,2,2,5
41.44,2,5,3
41.46,3,2,5
41.48,5,2,3
41.5,1,0,4
41.52,3,7,5
41.54,6,4,2
41.56,3,1,5
41.58,5,4,4
41.6,6,6,5
41.62,2,5,2
41.64,2,5,2
41.66,3,3,5
41.68,2,6,1
41.7,3,4,3
41.72,1,3,4
41.74,6,6,1
41.76,4,2,3
41.78,5,3,7
41.8,5,3,2
41.82,3,0,5
41.84,5,6,4
41.86,4,4,3
41.88,5,1,6
41.9,7,4,4
41.92,3,4,2
41.94,8,5,3
41.96,6,4,2
41.98,7,6,3
42,6,4,2
42.02,2,3,7
42.04,7,4,6
42.06,2,5,3
42.08,3,5,4
42.1,6,4,5
42.12,1,8,7
42.14,1,2,1
42.16,3,4,6
42.18,8,3,2
42.2,4,1,2
42.22,1,4,1
42.24,3,2,2
42.26,6,2,3
42.28,4,4,2
42.3,6,4,4
42.32,3,5,2
42.34,2,0,4
42.36,0,2,1
42.38,0,3,5
42.4,6,2,4
42.42,5,2,5
42.44,5,6,2
42.46,4,2,2
42.48,2,3,8
42.5,6,1,6
42.52,6,8,2
42.54,1,4,2
42.56,4,5,3
42.58,1,2,2
42.6,1,3,4
42.62,5,3,5
42.64,0,1,4
42.66,2,2,2
42.68,1,5,4
42.7,6,6,0
42.72,9,2,2
42.74,6,1,4
42.76,1,3,1
42.78,4,6,6
42.8,6,4,0
42.82,1,5,8
42.84,9,4,2
42.86,5,1,3
42.88,3,3,1
42.9,4,3,1
42.92,6,3,3
42.94,3,3,9
42.96,2,4,4
42.98,2,4,2
43,6,7,7
43.02,3,7,2
43.04,2,4,3
43.06,4,2,3
43.08,7,2,2
43.1,3,3,5
43.12,4,1,3
43.14,4,5,2
43.16,2,2,1
43.18,1,3,2
43.2,3,5,3
43.22,4,3,2
43.24,5,3,8
43.26,1,2,7
43.28,0,1,5
43.3,3,4,4
43.32,5,6,7
43.34,4,3,2
43.36,6,2,1
43.38,5,2,3
43.4,9,2,2
43.42,5,2,3
43.44,1,4,1
43.46,8,7,0
43.48,6,6,5
43.5,5,7,3
43.52,4,3,5
43.54,3,4,3
43.56,3,5,5
43.58,5,3,1
43.6,6,4,2
43.62,7,1,0
43.64,2,3,6
43.66,8,9,3
43.68,4,1,6
43.7,1,5,8
43.72,2,2,3
43.74,3,3,4
43.76,3,2,0
43.78,4,3,7
43.8,5,2,3
43.82,3,5,3
43.84,6,3,2
43.86,0,2,4
43.88,3,10,2
43.9,1,3,0
43.92,1,3,5
43.94,4,3,6
43.96,4,7,1
43.98,2,6,2
44,5,4,11
44.02,1,3,5
44.04,2,1,1
44.06,2,2,2
44.08,4,5,3
44.1,10,3,1
44.12,6,1,1
44.14,2,8,3
44.16,1,3,0
44.18,1,4,1
44.2,0,1,1
44.22,2,4,1
44.24,2,0,3
44.26,3,3,3
44.28,3,3,3
44.3,2,5,0
44.32,6,0,0
44.34,5,5,3
44.36,4,1,1
44.38,4,2,5
44.4,0,7,4
44.42,2,4,7
44.44,8,1,4
44.46,2,1,3
44.48,4,3,3
44.5,5,7,2
44.52,4,2,7
44.54,3,1,4
44.56,1,4,2
44.58,4,4,3
44.6,3,4,1
44.62,5,4,2
44.64,2,4,2
44.66,2,2,8
44.68,5,1,3
44.7,4,2,3
44.72,4,4,3
44.74,4,2,8
44.76,2,4,4
44.78,2,2,4
44.8,0,2,2
44.82,3,3,8
44.84,5,5,7
44.86,2,3,4
44.88,2,2,5
44.9,4,3,8
44.92,1,4,1
44.94,5,1,2
44.96,2,3,3
44.98,7,2,3
45,0,2,5
45.02,5,8,2
45.04,9,8,2
45.06,3,6,3
45.08,9,2,5
45.1,5,4,5
45.12,4,6,4
45.14,2,5,6
45.16,3,9,3
45.18,1,5,8
45.2,2,5,1
45.22,3,7,3
45.24,2,5,1
45.26,0,1,3
45.28,8,2,3
45.3,3,3,4
45.32,7,6,2
45.34,2,6,4
45.36,6,5,1
45.38,4,8,3
45.4,4,2,8
45.42,1,6,3
45.44,4,3,7
45.46,5,3,5
45.48,5,3,1
45.5,3,2,1
45.52,7,1,4
45.54,5,4,1
45.56,1,0,2
45.58,5,1,3
45.6,4,4,6
45.62,3,0,2
45.64,2,3,7
45.66,5,3,2
45.68,3,4,3
45.7,9,6,2
45.72,4,5,6
45.74,0,6,3
45.76,4,5,2
45.78,3,4,2
45.8,1,3,0
45.82,3,6,3
45.84,4,4,6
45.86,3,3,3
45.88,6,3,3
45.9,2,3,5
45.92,5,6,4
45.94,3,7,4
45.96,1,5,0
45.98,4,4,3
46,4,1,3
46.02,7,4,3
46.04,3,1,3
46.06,1,3,4
46.08,5,2,3
46.1,7,8,6
46.12,3,0,1
46.14,3,7,3
46.16,3,4,4
46.18,1,2,4
46.2,11,3,1
46.22,3,2,3
46.24,2,4,2
46.26,5,7,2
46.28,1,4,5
46.3,0,7,5
46.32,3,5,3
46.34,1,3,3
46.36,0,2,6
46.38,2,2,0
46.4,2,1,2
46.42,3,6,6
46.44,3,5,5
46.46,2,3,8
46.48,5,5,5
46.5,2,2,4
46.52,3,0,2
46.54,4,4,1
46.56,3,2,2
46.58,4,1,5
46.6,7,3,8
46.62,1,1,4
46.64,3,2,6
46.66,3,5,2
46.68,6,2,1
46.7,1,3,3
46.72,6,2,2
46.74,4,8,2
46.76,4,5,4
46.78,4,8,3
46.8,3,1,2
46.82,8,1,1
46.84,3,5,3
46.86,5,4,5
46.88,7,0,6
46.9,2,1,0
46.92,8,5,2
46.94,3,6,2
46.96,2,4,3
46.98,1,2,3
47,3,1,1
47.02,4,3,2
47.04,5,5,1
47.06,9,2,6
47.08,3,6,3
47.1,5,2,2
47.12,6,4,2
47.14,4,3,4
47.16,4,4,5
47.18,1,6,1
47.2,7,3,2
47.22,3,1,6
47.24,2,5,1
47.26,1,1,5
47.28,6,4,5
47.3,4,5,4
47.32,3,0,5
47.34,6,7,4
47.36,6,10,6
47.38,2,4,2
47.4,4,8,2
47.42,3,5,2
47.44,3,6,3
47.46,3,2,6
47.48,6,4,3
47.5,2,6,2
47.52,1,1,1
47.54,1,2,5
47.56,0,4,3
47.58,9,2,4
47.6,6,0,1
47.62,4,4,0
47.64,4,4,5
47.66,4,1,2
47.68,1,4,2
47.7,2,1,2
47.72,7,5,1
47.74,6,1,5
47.76,3,5,2
47.78,8,1,6
47.8,4,1,1
47.82,4,8,4
47.84,5,2,5
47.86,0,5,6
47.88,8,5,4
47.9,3,1,3
47.92,1,5,2
47.94,1,3,1
47.96,4,4,4
47.98,4,1,6
48,8,1,3
48.02,2,3,2
48.04,4,1,5
48.06,3,5,5
48.08,4,2,4
48.1,2,0,2
48.12,1,3,6
48.14,3,5,6
48.16,2,3,1
48.18,0,0,3
48.2,1,3,4
48.22,3,4,2
48.24,2,7,3
48.26,5,3,1
48.28,3,4,3
48.3,0,4,5
48.32,5,10,4
48.34,5,3,3
48.36,4,4,2
48.38,5,1,3
48.4,4,4,3
48.42,7,0,4
48.44,11,5,5
48.46,2,5,2
48.48,8,6,4
48.5,2,4,1
48.52,3,4,2
48.54,2,4,2
48.56,5,3,6
48.58,3,3,3
48.6,3,2,3
48.62,1,9,1
48.64,4,5,6
48.66,2,5,3
48.68,3,0,6
48.7,5,2,3
48.72,4,5,2
48.74,1,3,0
48.76,7,5,5
48.78,4,1,5
48.8,3,4,5
48.82,5,6,0
48.84,4,2,7
48.86,3,2,5
48.88,1,3,5
48.9,7,2,3
48.92,8,0,1
48.94,3,3,2
48.96,0,1,6
48.98,4,4,3
49,3,1,2
49.02,6,4,2
49.04,4,2,1
49.06,1,4,2
49.08,2,5,3
49.1,3,4,9
49.12,5,3,5
49.14,4,2,0
49.16,2,7,1
49.18,4,3,4
49.2,4,7,3
49.22,3,2,5
49.24,4,0,6
49.26,3,3,6
49.28,2,4,6
49.3,5,6,6
49.32,5,7,2
49.34,3,5,3
49.36,5,8,4
49.38,1,2,9
49.4,6,4,6
49.42,5,5,3
49.44,8,4,6
49.46,6,1,6
49.48,3,5,5
49.5,2,4,13
49.52,3,4,4
49.54,3,10,3
49.56,1,2,5
49.58,5,1,3
49.6,4,2,2
49.62,1,1,1
49.64,6,5,0
49.66,3,7,4
49.68,2,4,3
49.7,4,2,3
49.72,4,1,2
49.74,5,3,0
49.76,2,3,8
49.78,1,2,2
49.8,2,3,5
49.82,4,7,7
49.84,7,3,2
49.86,3,4,3
49.88,6,2,2
49.9,4,3,4
49.92,3,6,6
49.94,1,3,7
49.96,4,5,4
49.98,4,1,1
50,3,2,2
50.02,7,3,4
50.04,6,3,2
50.06,5,7,2
50.08,7,4,1
50.1,4,1,3
50.12,1,3,3
50.14,5,4,2
50.16,6,7,2
50.18,1,0,3
50.2,1,5,4
50.22,5,5,4
50.24,2,4,1
50.26,6,3,2
50.28,3,2,2
50.3,6,3,4
50.32,4,5,3
50.34,6,6,2
50.36,5,4,5
50.38,6,3,3
50.4,4,1,1
50.42,7,3,4
50.44,3,2,4
50.46,2,6,3
50.48,3,1,3
50.5,1,2,5
50.52,3,2,2
50.54,4,3,3
50.56,1,3,4
50.58,3,3,0
50.6,3,2,3
50.62,10,2,2
50.64,2,5,1
50.66,5,4,9
50.68,2,7,3
50.7,3,4,2
50.72,0,5,11
50.74,3,4,5
50.76,3,2,4
50.78,3,6,6
50.8,2,3,1
50.82,1,2,3
50.84,1,5,4
50.86,4,5,2
50.88,4,1,1
50.9,2,3,4
50.92,4,2,5
50.94,3,4,3
50.96,3,7,6
50.98,3,6,4
51,4,4,5
51.02,1,3,5
51.04,4,6,6
51.06,0,4,2
51.08,7,6,7
51.1,1,8,2
51.12,5,1,3
51.14,5,2,2
51.16,1,4,6
51.18,2,2,5
51.2,3,3,2
51.22,3,6,2
51.24,4,3,4
51.26,4,2,5
51.28,3,1,5
51.3,8,3,4
51.32,6,1,3
51.34,6,6,3
51.36,6,2,4
51.38,3,7,6
51.4,4,4,3
51.42,5,3,3
51.44,3,5,1
51.46,2,4,10
51.48,6,9,3
51.5,1,5,2
51.52,1,7,2
51.54,3,4,4
51.56,3,1,4
51.58,2,4,2
51.6,5,2,2
51.62,6,8,4
51.64,1,5,4
51.66,2,2,4
51.68,4,8,7
51.7,4,4,4
51.72,2,2,6
51.74,0,2,3
51.76,2,1,3
51.78,4,2,1
51.8,6,2,2
51.82,2,5,3
51.84,3,4,1
51.86,3,5,5
51.88,6,4,4
51.9,7,5,3
51.92,6,0,0
51.94,5,1,0
51.96,0,5,6
51.98,4,7,4
52,8,7,8
52.02,4,1,3
52.04,0,4,4
52.06,2,1,9
52.08,1,6,4
52.1,3,4,3
52.12,5,5,0
52.14,6,2,4
52.16,2,1,6
52.18,1,3,2
52.2,1,5,5
52.22,4,3,11
52.24,4,0,7
52.26,0,3,3
52.28,4,4,3
52.3,2,4,0
52.32,7,2,0
52.34,2,7,2
52.36,2,4,2
52.38,1,3,5
52.4,2,1,5
52.42,7,2,4
52.44,3,1,5
52.46,8,2,4
52.48,4,7,7
52.5,2,7,2
52.52,1,1,6
52.54,3,1,2
52.56,1,3,2
52.58,10,2,5
52.6,6,3,4
52.62,2,7,5
52.64,2,5,4
52.66,6,8,3
52.68,3,5,10
52.7,2,3,6
52.72,2,2,5
52.74,1,2,2
52.76,2,6,4
52.78,5,6,3
52.8,1,12,3
52.82,3,1,6
52.84,5,1,0
52.86,5,3,6
52.88,2,2,4
52.9,6,5,1
52.92,4,5,6
52.94,3,4,5
52.96,2,6,3
52.98,5,5,6
53,2,3,3
53.02,7,0,5
53.04,5,2,6
53.06,2,4,0
53.08,8,4,2
53.1,5,3,1
53.12,6,3,0
53.14,3,3,1
53.16,2,8,3
53.18,6,3,3
53.2,1,4,3
53.22,5,2,4
53.24,5,8,2
53.26,4,5,3
53.28,0,4,5
53.3,4,3,4
53.32,5,6,4
53.34,4,0,7
53.36,4,3,4
53.38,0,3,2
53.4,7,1,2
53.42,2,3,9
53.44,2,3,5
53.46,0,4,0
53.48,1,5,6
53.5,1,3,6
53.52,2,2,5
53.54,5,4,4
53.56,5,3,5
53.58,3,3,3
53.6,4,3,4
53.62,7,3,4
53.64,4,2,2
53.66,4,3,3
53.68,3,2,1
53.7,1,3,7
53.72,2,2,1
53.74,3,2,5
53.76,1,5,3
53.78,1,3,5
53.8,4,4,7
53.82,4,4,3
53.84,1,4,6
53.86,2,6,7
53.88,5,5,3
53.9,6,3,2
53.92,2,6,3
53.94,2,3,8
53.96,6,3,7
53.98,6,1,3
54,2,3,2
54.02,1,5,5
54.04,0,7,2
54.06,3,2,3
54.08,3,1,5
54.1,3,0,4
54.12,6,6,3
54.14,4,2,1
54.16,1,3,3
54.18,3,7,0
54.2,6,3,8
54.22,8,1,2
54.24,6,5,2
54.26,6,2,1
54.28,2,4,4
54.3,1,4,4
54.32,3,5,3
54.34,2,4,4
54.36,2,4,5
54.38,3,5,1
54.4,3,0,2
54.42,5,3,4
54.44,3,1,4
54.46,5,5,2
54.48,3,7,6
54.5,3,0,4
54.52,4,5,3
54.54,1,4,1
54.56,6,6,2
54.58,3,4,1
54.6,3,2,5
54.62,3,1,3
54.64,3,2,5
54.66,2,2,2
54.68,2,2,7
54.7,5,4,4
54.72,2,2,2
54.74,2,5,1
54.76,3,6,8
54.78,2,5,1
54.8,1,10,1
54.82,1,3,3
54.84,3,3,5
54.86,4,2,4
54.88,6,3,4
54.9,3,3,7
54.92,4,3,6
54.94,2,3,3
54.96,4,1,5
54.98,2,0,4
55,4,5,4
55.02,3,5,4
55.04,1,3,1
55.06,7,1,5
55.08,3,2,1
55.1,6,0,2
55.12,2,8,3
55.14,1,3,2
55.16,5,3,8
55.18,2,4,2
55.2,4,4,1
55.22,11,6,1
55.24,5,7,7
55.26,7,2,2
55.28,7,5,3
55.3,4,8,5
55.32,7,2,3
55.34,4,2,2
55.36,3,2,5
55.38,3,4,5
55.4,1,3,0
55.42,2,2,8
55.44,3,4,1
55.46,5,7,4
55.48,7,7,7
55.5,5,7,4
55.52,3,6,6
55.54,5,4,1
55.56,3,1,6
55.58,7,5,7
55.6,1,6,4
55.62,4,3,3
55.64,1,4,8
55.66,3,3,7
55.68,7,2,2
55.7,6,6,4
55.72,3,4,5
55.74,1,3,4
55.76,2,4,2
55.78,8,1,3
55.8,5,1,1
55.82,3,7,9
55.84,3,1,4
55.86,0,3,3
55.88,2,3,6
55.9,9,4,5
55.92,4,2,3
55.94,4,1,5
55.96,3,4,6
55.98,1,7,2
56,2,6,3
56.02,5,1,4
56.04,3,0,1
56.06,0,11,7
56.08,2,3,6
56.1,4,4,8
56.12,2,0,2
56.14,3,2,8
56.16,8,2,3
56.18,9,5,1
56.2,1,2,2
56.22,1,7,4
56.24,2,4,8
56.26,11,5,1
56.28,3,2,1
56.3,3,2,3
56.32,2,0,2
56.34,5,5,2
56.36,2,1,1
56.38,1,3,4
56.4,3,3,2
56.42,4,8,1
56.44,5,1,7
56.46,3,4,6
56.48,2,1,5
56.5,4,4,6
56.52,4,2,4
56.54,1,3,0
56.56,5,2,4
56.58,3,5,4
56.6,1,4,6
56.62,2,5,3
56.64,5,2,3
56.66,4,1,4
56.68,2,2,4
56.7,1,5,3
56.72,6,2,1
56.74,8,0,7
56.76,3,1,2
56.78,5,9,0
56.8,6,4,4
56.82,6,2,5
56.84,8,2,3
56.86,5,2,1
56.88,3,3,3
56.9,2,3,7
56.92,1,4,3
56.94,4,4,6
56.96,6,3,0
56.98,6,5,3
57,0,0,5
57.02,6,2,0
57.04,2,3,0
57.06,2,2,3
57.08,1,2,2
57.1,1,5,2
57.12,0,2,4
57.14,1,8,1
57.16,6,3,2
57.18,3,0,4
57.2,3,4,5
57.22,2,3,4
57.24,1,3,3
57.26,3,4,3
57.28,1,4,1
57.3,5,5,3
57.32,5,2,5
57.34,2,2,3
57.36,5,3,4
57.38,2,2,2
57.4,3,2,2
57.42,2,5,4
57.44,1,4,4
57.46,5,4,3
57.48,6,4,9
57.5,5,1,1
57.52,1,3,3
57.54,0,3,6
57.56,4,2,5
57.58,2,4,1
57.6,2,3,4
57.62,3,3,6
57.64,5,3,3
57.66,3,0,1
57.68,8,3,2
57.7,4,3,6
57.72,4,4,4
57.74,2,1,1
57.76,6,3,2
57.78,6,5,6
57.8,4,4,5
57.82,5,6,5
57.84,2,7,1
57.86,6,2,1
57.88,5,6,3
57.9,4,3,6
57.92,3,3,9
57.94,3,4,2
57.96,3,3,1
57.98,7,3,4
58,2,3,2
58.02,3,1,2
58.04,0,2,2
58.06,1,2,3
58.08,4,3,5
58.1,6,1,4
58.12,5,1,3
58.14,4,6,2
58.16,2,2,4
58.18,8,0,3
58.2,1,0,2
58.22,3,2,3
58.24,9,5,5
58.26,3,0,4
58.28,1,4,1
58.3,3,8,1
58.32,5,2,8
58.34,6,5,1
58.36,3,4,1
58.38,5,3,4
58.4,4,3,1
58.42,8,3,1
58.44,5,2,2
58.46,4,1,2
58.48,6,0,2
58.5,8,7,1
58.52,6,4,5
58.54,2,4,2
58.56,0,2,1
58.58,1,5,4
58.6,1,2,7
58.62,0,2,2
58.64,10,2,0
58.66,5,6,2
58.68,4,1,2
58.7,5,6,3
58.72,5,4,2
58.74,3,5,1
58.76,4,4,3
58.78,11,8,4
58.8,6,4,7
58.82,2,1,3
58.84,5,3,10
58.86,2,4,5
58.88,2,3,5
58.9,4,1,3
58.92,5,5,2
58.94,5,2,2
58.96,6,2,1
58.98,5,1,2
59,4,3,2
59.02,3,2,2
59.04,2,4,3
59.06,2,3,4
59.08,6,3,1
59.1,1,3,4
59.12,2,0,5
59.14,3,5,2
59.16,3,1,3
59.18,3,9,8
59.2,3,1,2
59.22,4,1,3
59.24,5,6,3
59.26,3,0,4
59.28,2,7,3
59.3,2,4,6
59.32,4,1,1
59.34,3,2,1
59.36,4,3,3
59.38,6,1,2
59.4,5,6,3
59.42,3,5,2
59.44,7,4,3
59.46,2,2,2
59.48,3,0,4
59.5,5,2,3
59.52,3,5,4
59.54,4,4,2
59.56,6,1,4
59.58,6,3,3
59.6,10,3,3
59.62,4,3,5
59.64,3,2,2
59.66,4,1,3
59.68,0,2,1
59.7,3,5,3
59.72,7,2,0
59.74,1,2,3
59.76,0,2,3
59.78,3,4,3
59.8,2,5,5
59.82,2,7,7
59.84,4,3,7
59.86,4,3,0
59.88,4,1,1
59.9,5,4,6
59.92,4,5,5
59.94,0,2,7
59.96,4,1,3
59.98,2,2,4
60,3,7,4
60.02,2,4,4
60.04,6,5,1
60.06,1,6,5
60.08,3,0,10
60.1,4,6,3
60.12,6,8,0
60.14,7,1,5
60.16,0,2,5
60.18,7,3,2
60.2,1,5,1
60.22,5,7,3
60.24,3,3,2
60.26,6,4,4
60.28,5,8,6
60.3,3,5,3
60.32,2,3,2
60.34,2,4,5
60.36,1,1,3
60.38,3,2,3
60.4,6,6,5
60.42,1,1,5
60.44,7,2,5
60.46,5,1,4
60.48,4,2,4
60.5,3,5,4
60.52,4,2,7
60.54,1,1,4
60.56,4,5,5
60.58,1,3,8
60.6,3,7,3
60.62,5,5,2
60.64,7,5,6
60.66,2,1,5
60.68,2,4,1
60.7,7,3,7
60.72,4,4,4
60.74,3,5,7
60.76,1,3,3
60.78,2,3,2
60.8,5,2,8
60.82,5,7,5
60.84,4,4,1
60.86,3,3,9
60.88,2,1,1
60.9,3,2,3
60.92,3,2,4
60.94,1,1,4
60.96,6,4,1
60.98,3,1,3
61,3,1,0
61.02,5,3,2
61.04,5,4,3
61.06,5,2,2
61.08,5,3,3
61.1,4,8,5
61.12,3,4,1
61.14,2,1,1
61.16,2,6,2
61.18,4,3,4
61.2,1,0,10
61.22,1,1,2
61.24,3,1,5
61.26,4,1,3
61.28,6,3,3
61.3,3,1,5
61.32,0,4,2
61.34,1,5,6
61.36,10,1,3
61.38,8,1,6
61.4,2,5,4
61.42,3,8,7
61.44,6,2,5
61.46,3,5,4
61.48,3,1,1
61.5,7,5,4
61.52,3,3,6
61.54,2,2,5
61.56,1,4,4
61.58,3,6,6
61.6,3,4,3
61.62,3,3,2
61.64,4,2,4
61.66,3,2,2
61.68,1,5,1
61.7,5,3,3
61.72,4,4,3
61.74,4,7,3
61.76,4,3,3
61.78,1,4,6
61.8,3,2,1
61.82,3,4,5
61.84,2,2,1
61.86,3,1,4
61.88,4,9,3
61.9,0,3,5
61.92,2,5,7
61.94,6,1,3
61.96,2,4,1
61.98,1,2,3
62,3,6,3
62.02,1,0,6
62.04,3,7,3
62.06,0,6,3
62.08,1,3,2
62.1,3,3,2
62.12,0,3,3
62.14,2,2,4
62.16,4,4,3
62.18,7,2,4
62.2,4,2,1
62.22,2,3,2
62.24,6,7,3
62.26,11,3,4
62.28,2,1,3
62.3,7,1,2
62.32,0,5,3
62.34,2,2,7
62.36,2,3,3
62.38,3,1,3
62.4,6,6,5
62.42,6,2,2
62.44,7,3,5
62.46,9,0,3
62.48,6,4,2
62.5,8,3,1
62.52,2,1,2
62.54,6,2,2
62.56,5,0,1
62.58,4,1,4
62.6,1,6,4
62.62,4,5,4
62.64,3,1,3
62.66,2,3,1
62.68,4,3,5
62.7,3,1,6
62.72,6,12,4
62.74,3,8,3
62.76,3,4,2
62.78,3,6,5
62.8,6,2,1
62.82,5,4,4
62.84,2,1,5
62.86,3,2,2
62.88,0,7,1
62.9,3,3,0
62.92,4,4,1
62.94,5,5,4
62.96,4,4,0
62.98,0,6,0
63,1,1,0
63.02,5,1,4
63.04,3,6,3
63.06,5,6,3
63.08,2,4,2
63.1,2,3,3
63.12,0,1,2
63.14,3,3,1
63.16,1,4,2
63.18,3,3,6
63.2,1,0,2
63.22,2,6,5
63.24,2,2,3
63.26,5,1,5
63.28,3,1,5
63.3,1,7,7
63.32,5,3,3
63.34,1,3,4
63.36,6,1,4
63.38,8,3,3
63.4,4,7,0
63.42,3,1,4
63.44,0,7,5
63.46,2,4,4
63.48,5,3,4
63.5,1,2,0
63.52,5,5,2
63.54,1,3,3
63.56,5,8,5
63.58,4,3,4
63.6,1,6,3
63.62,1,4,7
63.64,4,4,5
63.66,4,3,4
63.68,6,6,6
63.7,0,4,1
63.72,2,4,5
63.74,2,4,9
63.76,10,2,3
63.78,3,8,7
63.8,3,3,3
63.82,3,3,7
63.84,3,4,4
63.86,3,3,3
63.88,6,3,3
63.9,4,0,1
63.92,1,3,2
63.94,5,0,1
63.96,1,6,6
63.98,1,2,3
64,2,4,3
64.02,5,2,1
64.04,8,4,1
64.06,3,3,8
64.08,3,0,4
64.1,0,1,3
64.12,1,3,4
64.14,3,1,2
64.16,3,2,0
64.18,2,3,3
64.2,4,3,3
64.22,3,2,4
64.24,3,4,5
64.26,3,7,2
64.28,1,0,9
64.3,3,2,1
64.32,2,3,4
64.34,0,3,7
64.36,1,1,5
64.38,3,4,3
64.4,2,1,7
64.42,2,3,2
64.44,5,8,4
64.46,3,10,4
64.48,6,1,3
64.5,4,4,4
64.52,5,5,4
64.54,1,6,3
64.56,2,2,5
64.58,1,4,2
64.6,2,4,3
64.62,7,3,5
64.64,3,6,2
64.66,6,3,0
64.68,4,3,0
64.7,4,4,5
64.72,6,2,2
64.74,0,4,8
64.76,6,2,4
64.78,2,1,3
64.8,6,2,4
64.82,2,1,5
64.84,8,3,3
64.86,7,6,1
64.88,3,6,3
64.9,2,3,8
64.92,1,3,3
64.94,2,6,5
64.96,2,3,1
64.98,4,7,2
65,2,6,3
65.02,1,3,2
65.04,1,3,1
65.06,1,5,1
65.08,1,1,3
65.1,4,2,1
65.12,8,4,2
65.14,5,2,0
65.16,3,3,7
65.18,4,2,4
65.2,9,2,6
65.22,4,3,6
65.24,3,1,7
65.26,3,5,2
65.28,6,4,5
65.3,5,2,1
65.32,7,4,5
65.34,1,5,2
65.36,5,5,4
65.38,6,1,0
65.4,4,2,1
65.42,3,2,2
65.44,3,14,1
65.46,8,0,6
65.48,5,5,3
65.5,2,2,1
65.52,2,5,5
65.54,2,2,4
65.56,2,4,5
65.58,5,1,4
65.6,7,1,8
65.62,7,7,3
65.64,2,3,7
65.66,2,6,2
65.68,1,4,3
65.7,1,4,3
65.72,0,6,1
65.74,1,2,2
65.76,1,5,0
65.78,5,2,4
65.8,1,3,6
65.82,7,3,4
65.84,4,4,4
65.86,4,7,3
65.88,4,0,7
65.9,0,5,7
65.92,5,2,5
65.94,1,3,4
65.96,2,2,7
65.98,2,1,3
66,2,5,4
66.02,2,5,8
66.04,1,3,6
66.06,3,2,7
66.08,0,2,3
66.1,2,6,3
66.12,7,5,4
66.14,0,5,4
66.16,4,5,4
66.18,8,4,5
66.2,4,6,3
66.22,5,5,2
66.24,2,3,4
66.26,3,1,3
66.28,4,2,1
66.3,5,3,3
66.32,5,5,1
66.34,3,3,0
66.36,2,3,4
66.38,1,2,5
66.4,1,6,7
66.42,3,5,3
66.44,2,5,4
66.46,1,2,5
66.48,3,5,7
66.5,10,8,4
66.52,1,5,2
66.54,3,8,3
66.56,0,2,4
66.58,2,5,0
66.6,2,0,8
66.62,3,5,2
66.64,2,3,7
66.66,10,3,6
66.68,10,2,5
66.7,0,4,3
66.72,4,2,6
66.74,1,3,2
66.76,8,2,5
66.78,6,1,4
66.8,6,2,4
66.82,3,3,3
66.84,4,5,1
66.86,7,4,3
66.88,4,8,7
66.9,7,1,2
66.92,1,4,7
66.94,7,7,1
66.96,3,5,5
66.98,6,8,0
67,9,4,3
67.02,4,5,7
67.04,3,11,2
67.06,3,1,5
67.08,5,6,3
67.1,3,2,3
67.12,7,5,2
67.14,3,2,2
67.16,0,3,5
67.18,2,8,4
67.2,1,5,4
67.22,2,1,2
67.24,3,5,2
67.26,4,5,4
67.28,11,5,1
67.3,7,4,2
67.32,2,0,4
67.34,1,5,4
67.36,6,3,3
67.38,6,5,1
67.4,4,2,1
67.42,5,2,1
67.44,3,4,5
67.46,3,1,3
67.48,3,6,2
67.5,3,1,5
67.52,2,4,5
67.54,4,2,2
67.56,3,2,7
67.58,0,1,5
67.6,2,7,1
67.62,3,3,8
67.64,5,3,7
67.66,2,2,3
67.68,6,3,3
67.7,1,6,4
67.72,2,5,1
67.74,7,4,4
67.76,4,5,2
67.78,6,2,0
67.8,2,3,6
67.82,1,4,6
67.84,1,2,1
67.86,0,6,2
67.88,2,3,2
67.9,3,3,4
67.92,5,4,5
67.94,5,2,1
67.96,5,1,5
67.98,2,2,3
68,0,4,6
68.02,1,1,8
68.04,1,4,6
68.06,7,0,2
68.08,4,5,2
68.1,4,3,4
68.12,5,2,4
68.14,1,3,2
68.16,4,8,3
68.18,4,3,4
68.2,6,3,4
68.22,2,4,5
68.24,3,2,0
68.26,8,2,6
68.28,10,4,2
68.3,5,2,2
68.32,4,6,7
68.34,3,6,3
68.36,3,4,2
68.38,4,4,2
68.4,3,3,3
68.42,4,2,0
68.44,4,3,2
68.46,6,9,3
68.48,2,4,1
68.5,4,5,3
68.52,6,4,5
68.54,2,5,2
68.56,1,4,5
68.58,1,9,5
68.6,9,4,1
68.62,7,2,4
68.64,3,2,1
68.66,1,3,2
68.68,7,4,3
68.7,4,5,1
68.72,4,2,0
68.74,2,3,5
68.76,5,5,0
68.78,2,9,2
68.8,3,9,4
68.82,3,2,7
68.84,7,0,4
68.86,3,6,2
68.88,2,5,5
68.9,2,3,1
68.92,2,4,3
68.94,5,6,3
68.96,2,4,0
68.98,3,3,2
69,3,2,1
69.02,5,1,3
69.04,2,5,2
69.06,3,6,5
69.08,3,5,0
69.1,4,6,5
69.12,7,5,2
69.14,6,6,6
69.16,6,2,3
69.18,2,4,2
69.2,8,7,4
69.22,6,3,6
69.24,6,5,0
69.26,4,5,4
69.28,8,6,6
69.3,11,1,0
69.32,2,2,2
69.34,3,3,3
69.36,6,4,1
69.38,6,4,2
69.4,1,1,3
69.42,3,4,3
69.44,1,2,1
69.46,2,10,4
69.48,4,5,4
69.5,3,2,2
69.52,3,3,2
69.54,1,4,6
69.56,2,2,1
69.58,3,10,1
69.6,3,5,4
69.62,2,4,5
69.64,6,4,3
69.66,2,5,2
69.68,2,3,3
69.7,3,1,4
69.72,2,2,4
69.74,4,4,2
69.76,4,4,5
69.78,6,8,5
69.8,6,5,3
69.82,7,3,5
69.84,2,3,2
69.86,1,2,5
69.88,4,2,2
69.9,5,3,1
69.92,7,4,2
69.94,3,6,1
69.96,7,2,3
69.98,2,7,3
70,3,4,0
70.02,2,9,3
70.04,4,4,2
70.06,1,4,4
70.08,7,7,1
70.1,5,4,2
70.12,4,8,5
70.14,1,5,3
70.16,3,1,4
70.18,4,6,3
70.2,7,5,2
70.22,3,6,1
70.24,4,4,5
70.26,5,2,6
70.28,2,2,6
70.3,5,2,5
70.32,3,4,4
70.34,4,1,4
70.36,3,5,0
70.38,3,5,1
70.4,7,5,5
70.42,5,4,4
70.44,5,1,2
70.46,3,2,1
70.48,1,1,3
70.5,5,4,4
70.52,3,3,4
70.54,2,5,1
70.56,4,8,5
70.58,1,3,4
70.6,8,4,2
70.62,4,2,1
70.64,2,3,8
70.66,2,3,4
70.68,2,2,5
70.7,5,5,3
70.72,4,3,2
70.74,1,3,1
70.76,7,2,3
70.78,3,3,0
70.8,3,6,0
70.82,8,6,0
70.84,1,4,4
70.86,5,8,4
70.88,3,6,5
70.9,5,1,7
70.92,8,3,6
70.94,2,6,1
70.96,4,2,2
70.98,5,3,3
71,0,10,2
71.02,4,6,2
71.04,5,9,2
71.06,1,4,6
71.08,4,4,5
71.1,4,3,7
71.12,3,4,4
71.14,4,4,8
71.16,0,2,4
71.18,1,2,4
71.2,2,3,4
71.22,0,4,5
71.24,3,3,3
71.26,1,4,1
71.28,2,2,8
71.3,2,5,2
71.32,7,1,6
71.34,3,5,2
71.36,8,2,2
71.38,5,5,4
71.4,4,6,5
71.42,3,4,5
71.44,3,1,10
71.46,4,1,4
71.48,7,5,5
71.5,3,7,3
71.52,4,4,3
71.54,7,6,3
71.56,1,3,4
71.58,3,2,4
71.6,2,5,4
71.62,1,7,7
71.64,1,6,4
71.66,2,7,4
71.68,3,7,4
71.7,0,5,6
71.72,7,6,6
71.74,4,0,3
71.76,4,3,2
71.78,1,4,1
71.8,5,1,2
71.82,3,3,3
71.84,4,3,5
71.86,1,3,3
71.88,6,3,4
71.9,4,6,3
71.92,4,1,5
71.94,1,1,7
71.96,7,1,1
71.98,7,5,4
72,2,6,2
72.02,5,7,3
72.04,12,7,5
72.06,4,4,5
72.08,1,3,9
72.1,2,1,5
72.12,3,2,4
72.14,3,8,3
72.16,3,2,5
72.18,4,5,2
72.2,7,2,2
72.22,3,4,6
72.24,3,3,1
72.26,2,0,2
72.28,2,6,8
72.3,2,12,4
72.32,4,3,5
72.34,4,7,3
72.36,5,3,1
72.38,2,2,5
72.4,5,3,5
72.42,7,5,0
72.44,2,8,3
72.46,7,1,1
72.48,2,3,1
72.5,4,4,3
72.52,3,2,2
72.54,0,5,0
72.56,4,1,5
72.58,6,3,3
72.6,2,4,5
72.62,6,2,8
72.64,1,8,2
72.66,6,3,3
72.68,4,0,4
72.7,7,1,6
72.72,2,1,3
72.74,3,0,0
72.76,5,2,6
72.78,4,2,4
72.8,1,2,7
72.82,9,2,3
72.84,3,4,4
72.86,3,3,3
72.88,4,6,1
72.9,4,4,3
72.92,7,3,2
72.94,3,2,4
72.96,4,7,4
72.98,2,3,2
73,4,7,6
73.02,5,3,6
73.04,1,5,6
73.06,10,4,2
73.08,3,3,2
73.1,3,2,3
73.12,3,5,4
73.14,6,7,3
73.16,2,5,4
73.18,6,3,5
73.2,3,2,6
73.22,7,2,6
73.24,4,3,2
73.26,3,3,1
73.28,1,2,3
73.3,6,3,3
73.32,5,0,2
73.34,0,6,3
73.36,5,4,5
73.38,2,2,5
73.4,2,4,10
73.42,2,1,4
73.44,4,4,3
73.46,1,3,1
73.48,4,1,3
73.5,4,3,6
73.52,4,4,1
73.54,4,4,6
73.56,3,6,2
73.58,5,5,7
73.6,2,2,4
73.62,2,1,0
73.64,0,0,5
73.66,2,6,1
73.68,3,1,3
73.7,5,2,3
73.72,4,7,4
73.74,7,2,3
73.76,0,3,5
73.78,2,1,3
73.8,6,6,5
73.82,3,5,4
73.84,3,4,8
73.86,1,6,6
73.88,4,0,4
73.9,3,2,4
73.92,4,4,4
73.94,2,1,1
73.96,3,3,2
73.98,2,6,5
74,5,7,7
74.02,2,9,3
74.04,9,2,3
74.06,8,3,2
74.08,6,4,6
74.1,4,3,1
74.12,4,3,4
74.14,7,2,1
74.16,3,3,3
74.18,4,2,2
74.2,5,1,3
74.22,1,2,6
74.24,0,3,5
74.26,1,2,4
74.28,4,3,0
74.3,5,3,3
74.32,5,6,8
74.34,5,5,3
74.36,2,6,4
74.38,3,6,4
74.4,2,5,5
74.42,4,2,4
74.44,1,8,2
74.46,1,3,0
74.48,4,2,7
74.5,2,3,3
74.52,3,1,1
74.54,4,3,5
74.56,3,1,8
74.58,1,5,4
74.6,4,7,2
74.62,3,6,3
74.64,2,3,4
74.66,5,6,2
74.68,5,5,2
74.7,8,6,4
74.72,6,3,0
74.74,2,3,2
74.76,8,4,3
74.78,6,5,5
74.8,3,2,5
74.82,4,0,3
74.84,1,6,3
74.86,1,2,5
74.88,6,8,2
74.9,4,2,1
74.92,4,1,2
74.94,1,4,1
74.96,6,0,4
74.98,3,2,4
75,4,3,3
75.02,8,6,3
75.04,5,3,8
75.06,2,3,3
75.08,7,3,4
75.1,5,1,7
75.12,11,2,8
75.14,2,2,2
75.16,4,4,4
75.18,1,4,5
75.2,2,5,3
75.22,2,6,3
75.24,4,2,3
75.26,7,2,4
75.28,5,6,1
75.3,5,3,3
75.32,4,3,6
75.34,2,5,5
75.36,2,4,6
75.38,2,6,8
75.4,1,6,5
75.42,2,1,2
75.44,5,5,2
75.46,3,3,4
75.48,4,8,4
75.5,3,2,6
75.52,2,4,4
75.54,3,4,1
75.56,1,3,5
75.58,6,3,1
75.6,6,2,2
75.62,3,0,4
75.64,5,1,4
75.66,1,1,8
75.68,3,2,2
75.7,1,2,4
75.72,0,5,0
75.74,5,4,4
75.76,4,5,3
75.78,1,8,6
75.8,3,2,7
75.82,4,2,2
75.84,4,3,3
75.86,3,1,4
75.88,4,6,3
75.9,1,6,1
75.92,7,4,1
75.94,7,4,3
75.96,5,1,6
75.98,3,4,3
76,4,2,1
76.02,3,3,4
76.04,2,5,7
76.06,3,4,3
76.08,0,2,5
76.1,4,2,7
76.12,3,1,7
76.14,3,3,4
76.16,8,3,5
76.18,2,2,3
76.2,2,3,7
76.22,1,2,7
76.24,5,1,4
76.26,2,3,5
76.28,3,4,3
76.3,4,5,9
76.32,3,1,4
76.34,4,1,4
76.36,8,2,5
76.38,3,5,5
76.4,6,5,2
76.42,3,0,3
76.44,1,4,6
76.46,6,2,3
76.48,3,5,5
76.5,4,3,4
76.52,2,3,2
76.54,7,2,3
76.56,5,6,9
76.58,5,2,3
76.6,3,6,2
76.62,7,0,4
76.64,2,5,4
76.66,4,2,4
76.68,5,5,1
76.7,5,4,3
76.72,3,6,0
76.74,3,4,1
76.76,3,6,4
76.78,9,5,7
76.8,7,1,2
76.82,14,0,3
76.84,2,2,0
76.86,2,0,2
76.88,7,5,4
76.9,4,4,2
76.92,4,4,3
76.94,8,7,1
76.96,6,4,6
76.98,1,4,7
77,2,3,4
77.02,3,7,2
77.04,3,3,3
77.06,1,3,6
77.08,3,3,5
77.1,3,6,3
77.12,2,3,4
77.14,4,4,8
77.16,9,3,4
77.18,3,3,0
77.2,2,0,1
77.22,6,3,7
77.24,3,3,3
77.26,4,8,3
77.28,2,6,1
77.3,4,4,4
77.32,7,3,5
77.34,3,4,3
77.36,3,6,6
77.38,2,2,4
77.4,3,9,5
77.42,3,2,3
77.44,2,5,5
77.46,5,5,2
77.48,7,4,4
77.5,4,3,3
77.52,6,7,5
77.54,3,3,3
77.56,3,3,1
77.58,2,3,5
77.6,3,6,7
77.62,5,5,2
77.64,0,3,1
77.66,2,10,1
77.68,4,0,5
77.7,3,1,3
77.72,3,2,3
77.74,4,0,3
77.76,3,6,5
77.78,6,1,5
77.8,4,5,1
77.82,1,7,5
77.84,3,1,6
77.86,5,5,5
77.88,7,5,3
77.9,5,3,6
77.92,0,2,8
77.94,4,2,7
77.96,0,4,6
77.98,2,3,7
78,2,0,2
78.02,3,2,4
78.04,6,4,5
78.06,6,5,6
78.08,6,9,2
78.1,3,3,1
78.12,2,4,1
78.14,5,4,3
78.16,3,0,5
78.18,0,4,7
78.2,1,8,1
78.22,2,6,1
78.24,7,5,2
78.26,4,3,1
78.28,2,3,1
78.3,1,3,2
78.32,7,4,1
78.34,4,4,0
78.36,1,7,6
78.38,2,7,3
78.4,2,3,4
78.42,7,4,0
78.44,0,5,3
78.46,8,6,2
78.48,3,6,1
78.5,4,5,2
78.52,2,5,4
78.54,0,3,3
78.56,6,4,5
78.58,2,8,3
78.6,4,3,9
78.62,8,4,2
78.64,9,0,1
78.66,7,6,4
78.68,6,4,2
78.7,2,1,0
78.72,4,6,3
78.74,9,5,2
78.76,3,5,2
78.78,6,4,1
78.8,8,4,1
78.82,2,8,4
78.84,2,7,2
78.86,3,2,4
78.88,2,5,0
78.9,1,3,4
78.92,0,2,2
78.94,4,4,3
78.96,4,1,6
78.98,10,1,4
79,8,4,5
79.02,4,6,4
79.04,2,6,5
79.06,2,4,6
79.08,2,2,1
79.1,1,2,2
79.12,10,4,2
79.14,2,4,5
79.16,8,5,5
79.18,6,4,4
79.2,2,9,2
79.22,4,3,0
79.24,0,1,5
79.26,6,3,0
79.28,8,0,2
79.3,6,7,3
79.32,4,4,7
79.34,0,3,7
79.36,4,4,5
79.38,2,1,2
79.4,1,6,2
79.42,2,0,3
79.44,6,2,2
79.46,2,4,6
79.48,2,0,4
79.5,7,8,4
79.52,6,5,0
79.54,5,7,4
79.56,1,2,4
79.58,6,2,5
79.6,2,1,2
79.62,2,5,1
79.64,2,3,5
79.66,3,3,2
79.68,1,2,3
79.7,5,6,1
79.72,4,3,2
79.74,5,6,6
79.76,0,4,5
79.78,0,2,9
79.8,1,2,1
79.82,6,3,6
79.84,2,2,3
79.86,0,5,4
79.88,7,5,4
79.9,5,1,2
79.92,2,5,5
79.94,2,2,3
79.96,4,3,6
79.98,2,3,2
80,3,4,2
80.02,1,2,1
80.04,4,2,2
80.06,5,3,2
80.08,2,5,4
80.1,5,5,5
80.12,3,1,4
80.14,4,2,4
80.16,3,7,4
80.18,3,5,5
80.2,2,6,0
80.22,4,1,0
80.24,1,8,2
80.26,3,6,5
80.28,3,2,6
80.3,4,4,3
80.32,3,0,5
80.34,4,1,0
80.36,1,4,3
80.38,1,5,6
80.4,3,2,2
80.42,4,1,2
80.44,2,3,5
80.46,5,5,3
80.48,4,4,2
80.5,4,6,6
80.52,2,5,6
80.54,7,3,3
80.56,6,4,3
80.58,2,3,4
80.6,1,3,1
80.62,4,2,4
80.64,3,3,3
80.66,4,3,1
80.68,2,7,3
80.7,4,2,1
80.72,6,3,1
80.74,6,3,3
80.76,4,6,5
80.78,3,2,2
80.8,3,5,7
80.82,6,4,6
80.84,3,4,2
80.86,3,3,2
80.88,4,0,2
80.9,2,2,1
80.92,4,4,4
80.94,2,1,2
80.96,2,2,2
80.98,6,3,5
81,2,2,4
81.02,3,3,1
81.04,1,5,3
81.06,2,1,7
81.08,2,3,7
81.1,6,3,2
81.12,6,4,8
81.14,5,1,3
81.16,1,2,5
81.18,2,4,3
81.2,4,2,1
81.22,5,0,1
81.24,4,2,1
81.26,3,3,2
81.28,2,1,2
81.3,3,0,5
81.32,3,3,6
81.34,5,3,4
81.36,4,2,2
81.38,8,0,4
81.4,4,5,2
81.42,3,5,3
81.44,3,4,5
81.46,4,8,2
81.48,2,6,1
81.5,5,2,3
81.52,1,3,4
81.54,5,2,7
81.56,5,1,1
81.58,6,4,3
81.6,4,1,1
81.62,3,2,1
81.64,3,4,4
81.66,0,2,4
81.68,6,2,2
81.7,4,6,3
81.72,10,3,10
81.74,4,2,2
81.76,2,3,6
81.78,2,1,1
81.8,5,2,3
81.82,5,6,2
81.84,2,3,3
81.86,4,1,3
81.88,4,3,2
