0,0
0.02,75.70094427
0.04,78.65620441
0.06,146.6135183
0.08,152.0928916
0.1,199.3786629
0.12,234.5274999
0.14,237.1934955
0.16,305.9296217
0.18,316.4177924
0.2,323.5286948
0.22,373.0480592
0.24,366.9435604
0.26,414.9168817
0.28,463.1510015
0.3,488.227337
0.32,472.948519
0.34,506.125357
0.36,536.5961301
0.38,558.8963123
0.4,552.3529658
0.42,610.7354682
0.44,618.8869456
0.46,585.3006757
0.48,656.045958
0.5,661.0620272
0.52,681.6721337
0.54,713.7864428
0.56,685.1217785
0.58,727.1883276
0.6,768.9979315
0.62,720.2275779
0.64,780.4803071
0.66,784.9389259
0.68,761.5079944
0.7,800.4380809
0.72,822.1928087
0.74,816.5408028
0.76,802.1314153
0.78,828.9388598
0.8,901.4513521
0.82,861.7824456
0.84,862.8472125
0.86,898.0492025
0.88,851.3650282
0.9,916.3293777
0.92,888.687204
0.94,915.9837182
0.96,946.6070681
0.98,995.6773244
1,989.9798438
1.02,931.7240512
1.04,1020.844228
1.06,991.6538476
1.08,969.2174114
1.1,994.9271073
1.12,1035.10596
1.14,986.5142449
1.16,1036.450383
1.18,1041.083801
1.2,1009.301849
1.22,1042.065933
1.24,1079.696925
1.26,1057.359936
1.28,1060.810247
1.3,1028.199453
1.32,1117.667723
1.34,1071.596929
1.36,1138.718599
1.38,1144.782093
1.4,1027.059776
1.42,1171.027192
1.44,1155.451341
1.46,1099.268688
1.48,1117.260071
1.5,1076.771774
1.52,1061.362825
1.54,1174.974668
1.56,1156.24433
1.58,1112.036738
1.6,1137.176066
1.62,1176.092926
1.64,1140.285555
1.66,1118.478511
1.68,1121.614858
1.7,1164.522366
1.72,1110.904283
1.74,1142.257796
1.76,1181.764784
1.78,1111.35727
1.8,1162.918869
1.82,1135.617622
1.84,1197.660701
1.86,1186.566058
1.88,1173.57595
1.9,1122.034763
1.92,1171.26028
1.94,1146.733496
1.96,1191.869439
1.98,1160.23537
2,1223.622632
2.02,1209.754951
2.04,1213.629754
2.06,1181.161132
2.08,1134.091187
2.1,1161.525724
2.12,1165.634727
2.14,1123.258187
2.16,1191.837586
2.18,1098.599394
2.2,1190.221198
2.22,1190.31795
2.24,1231.047623
2.26,1211.351291
2.28,1226.665388
2.3,1178.758547
2.32,1232.149827
2.34,1196.660972
2.36,1172.50508
2.38,1168.589005
2.4,1175.516687
2.42,1175.017756
2.44,1206.437099
2.46,1170.910013
2.48,1181.305724
2.5,1191.418727
2.52,1127.457654
2.54,1169.065459
2.56,1186.210913
2.58,1194.02284
2.6,1156.82887
2.62,1144.867009
2.64,1215.23518
2.66,1262.632334
2.68,1219.227709
2.7,1143.567742
2.72,1198.37826
2.74,1218.105717
2.76,1171.491572
2.78,1165.950377
2.8,1123.248536
2.82,1177.882037
2.84,1180.544971
2.86,1194.047613
2.88,1229.873549
2.9,1183.397266
2.92,1196.008763
2.94,1214.231702
2.96,1207.698384
2.98,1209.963699
3,1179.361831
3.02,1177.059283
3.04,1146.893181
3.06,1211.895865
3.08,1222.666297
3.1,1165.041132
3.12,1124.041951
3.14,1148.708877
3.16,1155.062666
3.18,1133.381988
3.2,1134.205119
3.22,1181.007498
3.24,1169.326763
3.26,1094.207085
3.28,1145.671926
3.3,1151.279174
3.32,1077.546322
3.34,1187.292262
3.36,1114.381258
3.38,1128.875397
3.4,1113.390972
3.42,1205.848072
3.44,1178.925892
3.46,1132.74821
3.48,1153.65503
3.5,1192.327884
3.52,1111.811493
3.54,1158.782332
3.56,1111.224183
3.58,1135.225814
3.6,1171.347378
3.62,1113.860692
3.64,1066.505811
3.66,1105.380082
3.68,1064.29224
3.7,1050.813205
3.72,1130.839424
3.74,1073.275261
3.76,1121.988608
3.78,1087.877544
3.8,1080.444894
3.82,1102.438306
3.84,1043.108901
3.86,1039.248082
3.88,1109.431491
3.9,1063.813507
3.92,1082.649391
3.94,1083.388166
3.96,1008.824363
3.98,1043.33931
4,1013.335283
4.02,1031.510124
4.04,1032.750129
4.06,1083.5474
4.08,1060.612891
4.1,1075.567325
4.12,1051.832946
4.14,1091.761651
4.16,1049.651848
4.18,1080.466075
4.2,990.3967393
4.22,1005.466358
4.24,995.6524767
4.26,1025.452837
4.28,1041.813888
4.3,1044.421834
4.32,991.2430905
4.34,988.9298047
4.36,1025.879706
4.38,994.6086903
4.4,999.4942865
4.42,1022.801821
4.44,1001.223072
4.46,1002.006249
4.48,1008.272653
4.5,1016.274866
4.52,1013.477126
4.54,982.1741943
4.56,981.8641564
4.58,937.6438023
4.6,936.3525587
4.62,977.3758844
4.64,931.6748826
4.66,894.9838691
4.68,972.0876726
4.7,975.9085092
4.72,973.5906821
4.74,974.4961258
4.76,965.442554
4.78,974.6252388
4.8,892.9015542
4.82,935.9996206
4.84,984.4402635
4.86,889.0805196
4.88,917.7491401
4.9,908.6616622
4.92,941.5875104
4.94,912.9756781
4.96,898.4573914
4.98,926.9178048
5,926.1467854
5.02,953.1102453
5.04,944.0079328
5.06,874.2932528
5.08,903.4187518
5.1,882.303706
5.12,963.962402
5.14,884.6615396
5.16,883.9310933
5.18,904.9034144
5.2,871.3574566
5.22,954.8139175
5.24,904.162192
5.26,894.8705824
5.28,896.9490519
5.3,869.5652144
5.32,842.3053035
5.34,852.8997341
5.36,862.130902
5.38,800.4950037
5.4,834.1433858
5.42,888.9295252
5.44,811.4489592
5.46,862.4966209
5.48,847.4537995
5.5,827.8056917
5.52,826.0859043
5.54,803.4066057
5.56,821.1975078
5.58,847.5785911
5.6,822.2376136
5.62,882.2161184
5.64,750.8728404
5.66,835.0453349
5.68,814.1595845
5.7,837.8203643
5.72,804.393316
5.74,776.2351503
5.76,755.767444
5.78,775.0550549
5.8,740.3704328
5.82,776.4927735
5.84,764.5568865
5.86,800.01134
5.88,746.0275363
5.9,763.5686208
5.92,734.2117164
5.94,750.2328915
5.96,710.8367988
5.98,770.6136583
6,787.3922238
6.02,756.9539744
6.04,720.6941554
6.06,720.5619535
6.08,740.8188274
6.1,709.7971765
6.12,820.9821726
6.14,757.4659855
6.16,764.2911729
6.18,720.1239922
6.2,725.0559145
6.22,724.4344535
6.24,759.8839269
6.26,737.8955912
6.28,789.9966199
6.3,678.5255548
6.32,713.6619855
6.34,722.1839829
6.36,707.9542966
6.38,685.5542198
6.4,779.4334709
6.42,725.3798923
6.44,671.9886717
6.46,685.6623869
6.48,720.0742912
6.5,744.5344391
6.52,674.8763425
6.54,687.2907768
6.56,706.7639239
6.58,637.7460512
6.6,677.6822359
6.62,640.4797705
6.64,646.1701587
6.66,687.291284
6.68,657.8569931
6.7,634.4633246
6.72,658.0843524
6.74,664.8726765
6.76,627.2240245
6.78,651.7183098
6.8,636.1097721
6.82,667.4997399
6.84,673.1300467
6.86,679.318666
6.88,650.6662635
6.9,607.5120907
6.92,631.3649647
6.94,610.2829701
6.96,600.1598123
6.98,577.0006756
7,614.6120256
7.02,607.242801
7.04,647.5440278
7.06,656.4045024
7.08,591.3910969
7.1,627.1325281
7.12,643.3009862
7.14,662.1400241
7.16,596.3512473
7.18,582.0798804
7.2,606.449119
7.22,612.163519
7.24,593.6867352
7.26,604.744098
7.28,569.8516774
7.3,526.4407734
7.32,584.6285553
7.34,597.136299
7.36,559.8004914
7.38,571.2676963
7.4,596.0688632
7.42,565.0434485
7.44,575.8447992
7.46,596.6767407
7.48,605.5299912
7.5,597.8454656
7.52,559.3525979
7.54,609.1170374
7.56,515.620841
7.58,530.1990836
7.6,564.1941065
7.62,541.2939379
7.64,545.8970244
7.66,572.574836
7.68,533.4550328
7.7,520.8717556
7.72,534.8640287
7.74,562.0427695
7.76,535.9031388
7.78,545.0872399
7.8,534.2603832
7.82,523.2070611
7.84,504.5062101
7.86,487.8350007
7.88,572.5709997
7.9,499.186249
7.92,514.0005318
7.94,490.5305237
7.96,501.1251408
7.98,507.6849445
8,479.9512558
8.02,503.7353512
8.04,505.15327
8.06,513.0364953
8.08,533.3796048
8.1,464.9591525
8.12,508.8641135
8.14,495.2723433
8.16,522.9395273
8.18,473.8233342
8.2,461.0301122
8.22,431.8611102
8.24,480.1728223
8.26,450.8122536
8.28,449.2296525
8.3,485.6722986
8.32,455.8461155
8.34,456.956208
8.36,468.8842626
8.38,475.5715695
8.4,487.6674593
8.42,484.853055
8.44,451.1227938
8.46,481.4337031
8.48,449.8478998
8.5,504.0337011
8.52,418.4959083
8.54,417.4077568
8.56,465.2406022
8.58,436.025323
8.6,473.0666238
8.62,440.8249247
8.64,423.2885551
8.66,446.9859519
8.68,444.5556905
8.7,425.0503292
8.72,463.4378622
8.74,429.7121303
8.76,415.7496575
8.78,426.5544279
8.8,406.0483469
8.82,415.8902728
8.84,437.7399933
8.86,445.0080211
8.88,384.546621
8.9,403.2440822
8.92,406.1651152
8.94,433.9690266
8.96,436.716832
8.98,359.9506615
9,393.4005811
9.02,411.8204643
9.04,365.2907477
9.06,376.7065955
9.08,363.2143732
9.1,374.4038978
9.12,427.6576237
9.14,367.6728204
9.16,376.532503
9.18,397.6835008
9.2,362.0209155
9.22,390.8976566
9.24,358.6232534
9.26,405.9252305
9.28,391.4309068
9.3,368.2672722
9.32,399.8014141
9.34,396.7235289
9.36,396.0979301
9.38,398.1364857
9.4,376.7521473
9.42,355.4278071
9.44,383.5861521
9.46,351.27936
9.48,382.5709241
9.5,379.9688105
9.52,375.0035971
9.54,338.4017181
9.56,348.0640349
9.58,342.1565414
9.6,360.420572
9.62,322.7991107
9.64,332.8767865
9.66,333.6292139
9.68,355.4462828
9.7,326.8697828
9.72,352.149536
9.74,340.5051943
9.76,309.8019501
9.78,322.3963595
9.8,315.8303416
9.82,340.873883
9.84,339.0419431
9.86,341.3654749
9.88,372.3454437
9.9,307.303912
9.92,394.8327438
9.94,330.1672701
9.96,312.6086326
9.98,348.409568
10,332.8739966
10.02,296.4826917
10.04,314.853229
10.06,327.6186586
10.08,323.145939
10.1,306.6900363
10.12,313.1279197
10.14,296.6534865
10.16,322.0887283
10.18,320.2274573
10.2,298.6564819
10.22,273.7798132
10.24,273.9309071
10.26,315.737796
10.28,305.5043518
10.3,305.2026794
10.32,283.8766117
10.34,278.5769358
10.36,294.5900721
10.38,310.3941095
10.4,301.6053179
10.42,318.5881688
10.44,300.1076913
10.46,299.9167213
10.48,292.784556
10.5,312.4296218
10.52,232.5243933
10.54,306.3941349
10.56,317.8087957
10.58,286.9581668
10.6,264.8260814
10.62,287.3315732
10.64,271.8907613
10.66,287.9314787
10.68,241.0615437
10.7,286.907798
10.72,255.7717453
10.74,255.5439255
10.76,276.6570936
10.78,250.5827396
10.8,283.4319402
10.82,287.2413668
10.84,270.8440553
10.86,251.0750793
10.88,255.3290032
10.9,257.6853886
10.92,269.9889866
10.94,288.128524
10.96,240.2643367
10.98,277.0050401
11,274.8559786
11.02,245.7648369
11.04,262.5794682
11.06,260.0009082
11.08,222.8735977
11.1,260.2271304
11.12,233.5498865
11.14,257.4714499
11.16,267.6691742
11.18,237.8324447
11.2,255.4845617
11.22,251.676845
11.24,219.812757
11.26,239.7171481
11.28,238.8336169
11.3,254.2828568
11.32,217.4010073
11.34,256.4878528
11.36,220.6527712
11.38,193.7438401
11.4,215.2430636
11.42,249.9378043
11.44,224.6391396
11.46,239.0260791
11.48,233.525501
11.5,228.7512518
11.52,219.1066557
11.54,187.9618798
11.56,191.8406095
11.58,217.4898114
11.6,233.5632432
11.62,240.7759991
11.64,227.2808444
11.66,196.5398736
11.68,213.3343506
11.7,221.164572
11.72,226.1597559
11.74,209.5475924
11.76,244.3160748
11.78,200.3873105
11.8,205.9253187
11.82,236.4209226
11.84,195.8266692
11.86,207.7066804
11.88,220.1290997
11.9,230.6269782
11.92,200.1588156
11.94,189.0716705
11.96,191.3790998
11.98,210.1798278
12,225.7339611
12.02,201.3235986
12.04,220.068136
12.06,214.698756
12.08,201.4414145
12.1,195.922075
12.12,204.6738872
12.14,187.7226617
12.16,192.2022762
12.18,199.3029758
12.2,201.7984009
12.22,182.7261737
12.24,194.1671604
12.26,194.8096775
12.28,201.9175348
12.3,203.2218708
12.32,172.0037226
12.34,158.8324276
12.36,175.6643555
12.38,181.5918085
12.4,174.7056848
12.42,190.7601456
12.44,176.6433014
12.46,165.4253634
12.48,193.6459048
12.5,217.6906441
12.52,180.808403
12.54,186.8874038
12.56,183.4539154
12.58,191.4331593
12.6,181.0239399
12.62,168.3218424
12.64,167.7479202
12.66,130.0230094
12.68,178.8185826
12.7,164.6412619
12.72,160.7204107
12.74,143.2897791
12.76,150.7507813
12.78,214.1256702
12.8,173.5853117
12.82,155.1361267
12.84,149.8558122
12.86,149.8181274
12.88,158.4795806
12.9,172.4647367
12.92,153.3420515
12.94,157.9130644
12.96,184.5644578
12.98,141.3010871
13,155.2266497
13.02,159.3990979
13.04,154.119728
13.06,141.1241268
13.08,137.2049356
13.1,172.8571011
13.12,176.3465894
13.14,159.5975746
13.16,154.7558181
13.18,155.4168756
13.2,160.226411
13.22,151.9728529
13.24,135.3305806
13.26,149.4529214
13.28,170.2503465
13.3,141.3601763
13.32,182.3720759
13.34,132.6780999
13.36,144.5389358
13.38,159.2580366
13.4,153.1936613
13.42,148.5275134
13.44,141.7330278
13.46,140.1557051
13.48,144.5213072
13.5,146.9863418
13.52,137.4985618
13.54,147.439302
13.56,176.8526562
13.58,115.7449134
13.6,132.8662684
13.62,126.8202683
13.64,128.5516466
13.66,134.5139087
13.68,139.285239
13.7,125.390607
13.72,166.0767519
13.74,116.4828144
13.76,132.9689925
13.78,133.231628
13.8,127.8984739
13.82,142.324051
13.84,129.0715339
13.86,151.6795279
13.88,150.2677988
13.9,136.2253998
13.92,131.9202054
13.94,138.9703378
13.96,119.1446829
13.98,121.3912442
14,138.7219218
14.02,112.1161909
14.04,105.6041884
14.06,110.5040706
14.08,135.4429035
14.1,122.3386364
14.12,126.1801596
14.14,119.1959047
14.16,113.9772003
14.18,105.4791114
14.2,113.1174852
14.22,113.2900907
14.24,140.8307749
14.26,131.2932258
14.28,90.77689391
14.3,103.6293645
14.32,117.6286084
14.34,123.4378344
14.36,102.0747676
14.38,113.9147092
14.4,97.47025888
14.42,108.9343885
14.44,94.2401365
14.46,112.5606628
14.48,90.54060396
14.5,107.4465392
14.52,105.9897466
14.54,104.8878705
14.56,115.5162481
14.58,115.6470124
14.6,92.87253535
14.62,107.438001
14.64,105.5199139
14.66,110.1718813
14.68,82.96455677
14.7,100.923972
14.72,104.9883189
14.74,117.3462018
14.76,114.2477516
14.78,103.8724956
14.8,101.6279243
14.82,93.33871825
14.84,107.8947582
14.86,94.07649899
14.88,94.63877408
14.9,105.8055609
14.92,106.892537
14.94,117.5746203
14.96,89.71093467
14.98,102.1612138
15,92.37271636
15.02,113.8644794
15.04,102.1635134
15.06,83.44421394
15.08,87.76475139
15.1,114.7444007
15.12,84.87022902
15.14,98.63293847
15.16,90.97127085
15.18,78.81462034
15.2,94.02399239
15.22,100.2649898
15.24,95.36898188
15.26,85.32394515
15.28,97.42082504
15.3,99.05472436
15.32,83.11570272
15.34,81.09776629
15.36,92.85274519
15.38,98.03826122
15.4,107.3605291
15.42,86.29391704
15.44,79.26792986
15.46,79.13985117
15.48,101.9201017
15.5,103.0206688
15.52,90.48969492
15.54,78.61131284
15.56,90.24134276
15.58,71.58966506
15.6,112.4608181
15.62,104.0426209
15.64,77.82861017
15.66,81.97668393
15.68,79.53859459
15.7,73.15293531
15.72,85.8858214
15.74,73.15335323
15.76,81.40575302
15.78,85.13589191
15.8,82.98286263
15.82,70.31791189
15.84,76.45790466
15.86,84.7801509
15.88,80.96204073
15.9,76.04008233
15.92,87.89142379
15.94,75.86462705
15.96,78.76486504
15.98,101.7391425
16,90.15094113
16.02,71.3782724
16.04,75.24896996
16.06,75.77758623
16.08,80.92298635
16.1,63.36052903
16.12,90.03011831
16.14,77.07445288
16.16,58.53604795
16.18,72.55920707
16.2,50.2591756
16.22,61.81891164
16.24,63.68057429
16.26,68.32595605
16.28,77.1316433
16.3,76.09824384
16.32,58.66609246
16.34,81.210782
16.36,68.58068288
16.38,64.51616618
16.4,77.78226978
16.42,68.89567778
16.44,73.23148092
16.46,78.65354828
16.48,61.49357464
16.5,77.29840854
16.52,65.08670565
16.54,69.60188539
16.56,79.62858515
16.58,64.16745216
16.6,65.30545673
16.62,66.29006474
16.64,67.07424609
16.66,72.13300903
16.68,55.85024886
16.7,68.64065059
16.72,72.97533401
16.74,56.96182324
16.76,78.19987111
16.78,75.12178817
16.8,68.33135375
16.82,65.8470479
16.84,75.39786988
16.86,82.40110373
16.88,59.2807341
16.9,61.22512183
16.92,65.85423546
16.94,54.82617909
16.96,81.50750779
16.98,74.88445181
17,76.96779273
17.02,50.4946953
17.04,55.77997028
17.06,71.26477931
17.08,56.64465668
17.1,51.82514553
17.12,70.08673203
17.14,64.97841913
17.16,71.53913036
17.18,60.45336786
17.2,57.2029459
17.22,58.89390048
17.24,61.73786431
17.26,63.14685855
17.28,59.61864864
17.3,66.10246397
17.32,63.90167237
17.34,69.25707974
17.36,51.88513264
17.38,64.94137894
17.4,41.63600824
17.42,61.53737954
17.44,54.05891467
17.46,50.00238326
17.48,38.24923432
17.5,65.21430699
17.52,70.0783371
17.54,62.25741339
17.56,48.81725446
17.58,51.01548021
17.6,62.80324184
17.62,58.17010807
17.64,45.45789492
17.66,76.12603353
17.68,46.09148434
17.7,57.11128918
17.72,68.73231638
17.74,39.8352255
17.76,50.6893706
17.78,49.84520067
17.8,66.59518639
17.82,48.45496264
17.84,55.60444681
17.86,38.89115847
17.88,51.1477845
17.9,52.46109226
17.92,64.11920508
17.94,53.88299995
17.96,36.98736942
17.98,50.37628095
18,58.02658494
18.02,60.35704958
18.04,28.96666424
18.06,44.10143441
18.08,37.72279764
18.1,52.11361229
18.12,54.93494269
18.14,56.37810447
18.16,41.16783809
18.18,43.21005007
18.2,22.89941616
18.22,52.12033019
18.24,41.28464923
18.26,44.44985746
18.28,43.50856026
18.3,37.94342295
18.32,46.36073899
18.34,65.02662022
18.36,44.03146369
18.38,46.58359481
18.4,42.86581104
18.42,45.1973592
18.44,38.77417995
18.46,50.53263441
18.48,37.01988273
18.5,41.50885931
18.52,37.69894453
18.54,51.73901499
18.56,47.17242129
18.58,42.32993839
18.6,32.25995387
18.62,44.48747423
18.64,41.88630746
18.66,47.94534257
18.68,43.66626088
18.7,42.77031414
18.72,63.02147805
18.74,35.4709423
18.76,38.31545315
18.78,42.31720941
18.8,31.8944254
18.82,40.51462566
18.84,46.49935243
18.86,61.11000053
18.88,53.28757676
18.9,27.30575741
18.92,46.35218215
18.94,43.25044278
18.96,23.134354
18.98,40.40630426
19,37.89196307
19.02,36.83760149
19.04,28.16055863
19.06,44.64427277
19.08,37.02763472
19.1,38.00009195
19.12,45.98774635
19.14,41.18538271
19.16,34.72464005
19.18,32.36162716
19.2,49.89098926
19.22,23.84134397
19.24,35.91162588
19.26,44.66607293
19.28,45.25175836
19.3,32.73685079
19.32,36.33543688
19.34,35.09349112
19.36,40.16983101
19.38,39.14426508
19.4,37.87982699
19.42,33.19173129
19.44,37.1934995
19.46,28.22987115
19.48,44.5326625
19.5,47.18122821
19.52,35.69127028
19.54,24.86175004
19.56,42.40217291
19.58,26.67902129
19.6,43.10530851
19.62,40.46204323
19.64,28.79749311
19.66,25.47432373
19.68,33.57517636
19.7,25.59131579
19.72,21.40068145
19.74,33.24834279
19.76,19.64726834
19.78,38.01090649
19.8,31.21788691
19.82,37.07204489
19.84,26.84534347
19.86,38.17121989
19.88,21.09794541
19.9,30.02372247
19.92,37.48540697
19.94,29.9955791
19.96,41.59539629
19.98,24.77216709
20,21.50192207
20.02,31.36863269
20.04,21.40166693
20.06,24.55951367
20.08,34.34589451
20.1,27.71764559
20.12,29.66056645
20.14,31.70528145
20.16,11.99087207
20.18,28.29271155
20.2,25.83586389
20.22,43.52238134
20.24,28.86209218
20.26,26.69474854
20.28,31.34458211
20.3,24.73227641
20.32,23.45798029
20.34,16.74195028
20.36,29.37047561
20.38,32.32751612
20.4,32.10472363
20.42,22.52097082
20.44,35.56025188
20.46,24.83291442
20.48,19.28333233
20.5,36.39164787
20.52,22.64315425
20.54,16.88993624
20.56,37.14829002
20.58,13.25868051
20.6,35.70820701
20.62,23.55114187
20.64,30.18903924
20.66,30.81383196
20.68,26.01260981
20.7,32.04559537
20.72,40.2965636
20.74,24.57227824
20.76,18.46598278
20.78,32.43982058
20.8,23.06340918
20.82,27.12563282
20.84,31.39317694
20.86,33.93282848
20.88,25.90002597
20.9,17.53642628
20.92,18.07840627
20.94,14.94230217
20.96,23.29963002
20.98,13.97014197
21,27.85711575
21.02,16.42638285
21.04,26.97853461
21.06,18.68249018
21.08,25.19527757
21.1,19.13286244
21.12,28.90610249
21.14,17.720678
21.16,26.63696009
21.18,32.12771168
21.2,20.53878166
21.22,21.5469263
21.24,18.58986514
21.26,25.2960406
21.28,19.93323508
21.3,30.01343759
21.32,20.49243684
21.34,24.0299894
21.36,20.18109978
21.38,23.55832416
21.4,18.58550271
21.42,20.20017758
21.44,34.75170409
21.46,23.54830718
21.48,24.07528044
21.5,27.47416095
21.52,26.64559938
21.54,13.97848924
21.56,21.41983015
21.58,17.91708189
21.6,19.97476478
21.62,10.63442657
21.64,14.99904308
21.66,15.68349953
21.68,9.797358261
21.7,14.74133187
21.72,22.06177715
21.74,17.66353471
21.76,12.22097133
21.78,23.42443169
21.8,15.11974967
21.82,14.43826596
21.84,10.96640253
21.86,29.13279939
21.88,12.57944303
21.9,10.8425015
21.92,16.50696365
21.94,24.98367916
21.96,28.08723518
21.98,16.93046668
22,10.05280767
22.02,10.63166902
22.04,15.46071793
22.06,5.081534483
22.08,14.76585718
22.1,20.21543868
22.12,31.31883615
22.14,28.87929452
22.16,22.956771
22.18,14.80070325
22.2,14.66510265
22.22,16.59067039
22.24,17.01777473
22.26,15.79775358
22.28,16.82106633
22.3,13.95928122
22.32,22.29169371
22.34,16.96118665
22.36,13.10982988
22.38,6.427554793
22.4,22.41184179
22.42,8.219972117
22.44,21.46753954
22.46,24.03300872
22.48,23.78759264
22.5,17.11889421
22.52,20.25030076
22.54,11.00526543
22.56,6.874500122
22.58,21.28353903
22.6,13.85862373
22.62,16.5426458
22.64,10.41046832
22.66,9.54437228
22.68,9.23040066
22.7,12.38898803
22.72,19.48391413
22.74,13.49209624
22.76,10.03533387
22.78,5.339881491
22.8,17.08347214
22.82,11.75992112
22.84,15.15681045
22.86,17.45552246
22.88,10.25456343
22.9,6.442422057
22.92,10.99023919
22.94,15.19923066
22.96,5.718074245
22.98,26.15231725
23,12.83757617
23.02,7.515973929
23.04,23.80785689
23.06,10.23562176
23.08,15.96712442
23.1,12.1033629
23.12,7.326335821
23.14,23.42312654
23.16,7.98160505
23.18,8.161639041
23.2,18.97175353
23.22,9.670352457
23.24,18.02512486
23.26,9.651557114
23.28,20.63254015
23.3,17.77896505
23.32,13.57361513
23.34,14.55998289
23.36,18.04511168
23.38,9.727188249
23.4,22.32179002
23.42,18.41823889
23.44,19.42067387
23.46,10.66832441
23.48,19.65847769
23.5,2.677647618
23.52,5.498292088
23.54,16.52975449
23.56,2.995040426
23.58,9.229305494
23.6,3.304698225
23.62,16.98573314
23.64,15.46108383
23.66,6.664797723
23.68,10.11542108
23.7,12.06649182
23.72,15.54257446
23.74,8.354710222
23.76,11.23720155
23.78,15.72656663
23.8,24.56926963
23.82,8.225390233
23.84,10.51571045
23.86,14.69280991
23.88,13.69621583
23.9,3.652475658
23.92,16.71483369
23.94,5.758918147
23.96,9.665358972
23.98,12.03373021
24,3.237036889
24.02,8.814624154
24.04,10.58779582
24.06,11.73196871
24.08,5.315815032
24.1,11.62019568
24.12,8.674777996
24.14,7.301273442
24.16,4.737426272
24.18,0
24.2,11.30470107
24.22,14.84216526
24.24,13.58090411
24.26,9.583520684
24.28,11.64092275
24.3,14.979776
24.32,11.32961363
24.34,12.62044814
24.36,0.963187036
24.38,16.81760304
24.4,24.94152441
24.42,4.354657524
24.44,0
24.46,6.742969671
24.48,7.392048359
24.5,9.075433046
24.52,3.566444089
24.54,15.95408469
24.56,10.1371787
24.58,9.169704187
24.6,15.14212427
24.62,12.34040837
24.64,4.689297063
24.66,6.362852599
24.68,7.547116684
24.7,5.955110628
24.72,0.781557506
24.74,10.44229266
24.76,10.87857965
24.78,12.1105299
24.8,10.43275826
24.82,13.06047445
24.84,10.7027771
24.86,18.04013779
24.88,1.769650764
24.9,5.062556737
24.92,0.829319786
24.94,1.451938438
24.96,9.264666971
24.98,20.94197418
25,4.524093152
25.02,5.98838626
25.04,10.43974204
25.06,1.051597289
25.08,9.561341501
25.1,4.827690154
25.12,0.860129954
25.14,16.45255199
25.16,5.775079927
25.18,16.98210085
25.2,7.11424738
25.22,5.780402547
25.24,8.623017273
25.26,4.79759044
25.28,8.260148296
25.3,3.182973359
25.32,18.56779196
25.34,2.525564999
25.36,5.324333364
25.38,0
25.4,16.13602229
25.42,6.367185153
25.44,17.15052224
25.46,2.917165296
25.48,18.28255148
25.5,18.05631829
25.52,6.649298537
25.54,0.808721601
25.56,13.0717761
25.58,4.112021908
25.6,6.230473419
25.62,5.289752662
25.64,12.11580925
25.66,5.292252437
25.68,5.681175184
25.7,4.566230767
25.72,10.47435082
25.74,0
25.76,2.429265054
25.78,0.846756099
25.8,17.89845551
25.82,15.07249711
25.84,9.615108956
25.86,14.44720244
25.88,1.891386986
25.9,0
25.92,6.200169198
25.94,0
25.96,8.322767092
25.98,6.394349245
26,1.50837232
26.02,3.02970533
26.04,5.20481022
26.06,6.118537829
26.08,4.862402518
26.1,2.461490624
26.12,6.626885247
26.14,7.420985346
26.16,0.134138844
26.18,12.64746197
26.2,5.387297352
26.22,14.93933678
26.24,6.667698086
26.26,3.857991667
26.28,8.457812443
26.3,1.116839008
26.32,15.34422866
26.34,4.756436156
26.36,0
26.38,18.51737552
26.4,2.897786956
26.42,7.923382147
26.44,0.338082269
26.46,5.470640317
26.48,2.439098069
26.5,0.591587408
26.52,3.403691976
26.54,0.216420035
26.56,1.768767537
26.58,5.667976071
26.6,10.04075944
26.62,9.596390418
26.64,11.82243311
26.66,5.941543156
26.68,1.806437825
26.7,13.36643179
26.72,10.3401804
26.74,12.1071613
26.76,1.14668995
26.78,0
26.8,5.48483973
26.82,7.968886317
26.84,6.161984582
26.86,8.824548909
26.88,6.796035593
26.9,8.548554347
26.92,8.232822946
26.94,2.264656739
26.96,11.95004673
26.98,6.00579909
27,1.117324984
27.02,7.949398104
27.04,5.677885764
27.06,7.134075187
27.08,3.731730854
27.1,2.451387643
27.12,4.914304178
27.14,14.87249141
27.16,4.209224337
27.18,0.080094161
27.2,0
27.22,7.138826879
27.24,11.09204188
27.26,2.596133629
27.28,9.520165873
27.3,0
27.32,8.194401813
27.34,15.6217754
27.36,11.23827049
27.38,4.399124236
27.4,0
27.42,5.192204752
27.44,9.30492415
27.46,1.752772214
27.48,2.03757105
27.5,11.99630181
27.52,0
27.54,4.271377096
27.56,5.672078107
27.58,1.366462726
27.6,0
27.62,5.855555127
27.64,12.62309416
27.66,6.520401106
27.68,5.190014292
27.7,1.547561324
27.72,0
27.74,4.862058573
27.76,9.922780501
27.78,13.51515206
27.8,0.367192033
27.82,17.86903012
27.84,2.51821355
27.86,7.830966561
27.88,0
27.9,6.851653451
27.92,0
27.94,6.986414459
27.96,5.180125297
27.98,6.077032021
28,3.376029645
28.02,0
28.04,6.702039939
28.06,14.0441399
28.08,4.565931427
28.1,8.186645342
28.12,1.665027008
28.14,4.203106215
28.16,0.913319105
28.18,1.410188024
28.2,0
28.22,0
28.24,4.389670229
28.26,9.510637959
28.28,7.642942079
28.3,3.165948358
28.32,0
28.34,0
28.36,0
28.38,3.677700611
28.4,6.591973262
28.42,12.04843194
28.44,2.724002936
28.46,6.968118673
28.48,0
28.5,0.136245019
28.52,0
28.54,3.742810408
28.56,6.925864578
28.58,0
28.6,9.083527838
28.62,0.257135097
28.64,0
28.66,8.440666863
28.68,5.666901816
28.7,2.972962784
28.72,2.010166549
28.74,11.99501188
28.76,5.062021102
28.78,4.586185783
28.8,0.439791615
28.82,1.356947376
28.84,19.23401386
28.86,4.167456794
28.88,4.873785996
28.9,5.258195062
28.92,3.401194318
28.94,0.077015067
28.96,17.37100149
28.98,0.667143307
29,7.392870217
29.02,0.235581803
29.04,7.203278853
29.06,5.965412834
29.08,12.51685261
29.1,7.315120178
29.12,0
29.14,7.87481643
29.16,0
29.18,7.391115229
29.2,8.529373503
29.22,0
29.24,0
29.26,13.05297703
29.28,6.136679773
29.3,0.332341906
29.32,2.606360601
29.34,0.719644069
29.36,0
29.38,0.114203238
29.4,8.783680194
29.42,4.628343643
29.44,0
29.46,4.233573041
29.48,0
29.5,6.250333703
29.52,0
29.54,1.343451999
29.56,1.209742157
29.58,8.297543493
29.6,3.239812368
29.62,2.872873846
29.64,0
29.66,2.020661565
29.68,8.719635914
29.7,0.190338965
29.72,5.438331121
29.74,0.562772346
29.76,0
29.78,0.869171981
29.8,6.804592905
29.82,1.232397347
29.84,0
29.86,11.11303294
29.88,0
29.9,3.763181988
29.92,5.142295609
29.94,0.446988441
29.96,10.86036816
29.98,8.88545851
30,0.979405347
30.02,8.013777499
30.04,2.094687045
30.06,0
30.08,4.804883317
30.1,8.48033112
30.12,2.855301941
30.14,2.13142482
30.16,5.314734193
30.18,0
30.2,0
30.22,3.647285419
30.24,1.341000991
30.26,4.514225608
30.28,0
30.3,6.009663235
30.32,1.732307739
30.34,0
30.36,0
30.38,2.877215284
30.4,1.397377603
30.42,1.33976316
30.44,5.207188301
30.46,6.539825082
30.48,0
30.5,0.374414748
30.52,9.578492283
30.54,0
30.56,0
30.58,5.811699689
30.6,3.411091357
30.62,0
30.64,0
30.66,0.772274998
30.68,3.036848151
30.7,4.881794218
30.72,4.873449368
30.74,0.739618248
30.76,4.894044671
30.78,0
30.8,0.792200174
30.82,1.089572733
30.84,2.547199608
30.86,7.523820681
30.88,6.263128635
30.9,4.001238211
30.92,0
30.94,5.208264968
30.96,11.9030826
30.98,11.73564766
31,3.660627642
31.02,3.581904789
31.04,2.309382707
31.06,12.16350576
31.08,1.152047983
31.1,0
31.12,2.32416378
31.14,6.027060129
31.16,2.731821481
31.18,0
31.2,0
31.22,5.426380797
31.24,0
31.26,4.201910749
31.28,3.585516941
31.3,0.523126211
31.32,0.125293249
31.34,0
31.36,8.678600681
31.38,0
31.4,6.25073005
31.42,0
31.44,7.086226943
31.46,0
31.48,19.92071151
31.5,3.320737133
31.52,0.891312393
31.54,2.765155947
31.56,0.410902323
31.58,1.68599557
31.6,0
31.62,4.538701312
31.64,0.625400291
31.66,12.40070526
31.68,9.919469716
31.7,0
31.72,0
31.74,2.620935541
31.76,0
31.78,1.429700472
31.8,0.532343477
31.82,2.473085535
31.84,5.607345217
31.86,6.11987817
31.88,0.346493438
31.9,1.247574294
31.92,0
31.94,4.553269577
31.96,0
31.98,2.734386994
32,4.616478371
32.02,0
32.04,9.277193029
32.06,4.098955436
32.08,0
32.1,0
32.12,0
32.14,4.949270716
32.16,0.461200164
32.18,6.248429183
32.2,7.767050604
32.22,0
32.24,2.305307706
32.26,0
32.28,2.885432891
32.3,0
32.32,6.984099562
32.34,0
32.36,8.044383362
32.38,5.259617149
32.4,10.51432493
32.42,3.76830355
32.44,0
32.46,8.43034072
32.48,0
32.5,0
32.52,9.866829112
32.54,0
32.56,0.468846216
32.58,0
32.6,0
32.62,0
32.64,5.840756812
32.66,5.023770594
32.68,0
32.7,6.829053218
32.72,0
32.74,2.432566813
32.76,0
32.78,0
32.8,0
32.82,0
32.84,0
32.86,4.370608194
32.88,4.874605539
32.9,0
32.92,0
32.94,1.870151819
32.96,0
32.98,0
33,0
33.02,6.610227195
33.04,3.91250369
33.06,0
33.08,0
33.1,5.067029041
33.12,0
33.14,5.074806271
33.16,4.868801574
33.18,0
33.2,6.338901022
33.22,1.553141954
33.24,0
33.26,0
33.28,0
33.3,3.39627036
33.32,0
33.34,2.552224805
33.36,5.535512599
33.38,0
33.4,2.177053272
33.42,0.082948272
33.44,0
33.46,0
33.48,4.454306512
33.5,0
33.52,6.722754893
33.54,2.475558467
33.56,0
33.58,6.102348204
33.6,0.951782015
33.62,3.69711352
33.64,1.9186716
33.66,2.785193403
33.68,3.526800473
33.7,4.613998794
33.72,0
33.74,3.02069384
33.76,0
33.78,1.675014538
33.8,0
33.82,0
33.84,8.143824345
33.86,2.636254062
33.88,0
33.9,7.65737126
33.92,0
33.94,4.851878174
33.96,0
33.98,2.50850345
34,1.65907374
34.02,1.183225624
34.04,0
34.06,11.11170654
34.08,4.973961137
34.1,5.61089637
34.12,0
34.14,0
34.16,3.667102425
34.18,0
34.2,0
34.22,0
34.24,7.46703801
34.26,0
34.28,0
34.3,6.242552241
34.32,0
34.34,3.588787018
34.36,3.441076341
34.38,0.580786688
34.4,0
34.42,0
34.44,0
34.46,0
34.48,11.92152038
34.5,0
34.52,3.455040182
34.54,0
34.56,0.383690417
34.58,0.720959855
34.6,0
34.62,0
34.64,0
34.66,0
34.68,0
34.7,6.038795825
34.72,4.203073303
34.74,0
34.76,0
34.78,13.02717618
34.8,5.88708227
34.82,0
34.84,7.229761918
34.86,3.337421912
34.88,0
34.9,1.057982543
34.92,3.787067491
34.94,0
34.96,1.566858258
34.98,3.802880685
35,0
35.02,0
35.04,0
35.06,0
35.08,10.3941322
35.1,2.918988695
35.12,0
35.14,0
35.16,0
35.18,11.41708667
35.2,4.022551005
35.22,0
35.24,3.250795051
35.26,0
35.28,0
35.3,1.440517879
35.32,1.200000356
35.34,1.339507414
35.36,0.243626922
35.38,0
35.4,0
35.42,0.632478347
35.44,2.114777852
35.46,0.813810311
35.48,2.83575758
35.5,10.62814191
35.52,0
35.54,1.337540305
35.56,0
35.58,6.427737204
35.6,1.32335428
35.62,4.050129798
35.64,0.339081486
35.66,4.329986497
35.68,6.900721917
35.7,6.018187567
35.72,0
35.74,0.155048145
35.76,0
35.78,6.019203888
35.8,13.89590921
35.82,0
35.84,0
35.86,0
35.88,1.349071169
35.9,1.320584841
35.92,6.04373346
35.94,0
35.96,6.206902003
35.98,0
36,1.260731011
36.02,4.548727867
36.04,4.160130375
36.06,8.463008817
36.08,2.490081974
36.1,9.028545729
36.12,0.649560328
36.14,2.572418162
36.16,0
36.18,1.338169164
36.2,0.223840922
36.22,4.174355898
36.24,1.284075993
36.26,0
36.28,0
36.3,1.963775655
36.32,0
36.34,6.820514292
36.36,0.948976626
36.38,4.508274723
36.4,0.2197843
36.42,0
36.44,8.178498058
36.46,0
36.48,4.946016997
36.5,2.52890457
36.52,8.380745012
36.54,0
36.56,5.294708702
36.58,0
36.6,0
36.62,3.506105344
36.64,3.567623348
36.66,0
36.68,8.533579304
36.7,0
36.72,6.196197626
36.74,0
36.76,0
36.78,0.183116481
36.8,0
36.82,10.25474512
36.84,0
36.86,0
36.88,0.28716568
36.9,14.05448649
36.92,0
36.94,0
36.96,0
36.98,0
37,0
37.02,7.319903624
37.04,0
37.06,0
37.08,5.798439239
37.1,0
37.12,0
37.14,0
37.16,0
37.18,0
37.2,0
37.22,3.127061717
37.24,1.379875884
37.26,5.228055524
37.28,4.600519514
37.3,0.616174494
37.32,0
37.34,0.230140862
37.36,0
37.38,0
37.4,0.95588676
37.42,5.025210625
37.44,2.44104305
37.46,7.32188775
37.48,0
37.5,0
37.52,0
37.54,0
37.56,0
37.58,3.806091094
37.6,5.947169053
37.62,2.514709099
37.64,5.079352161
37.66,7.138803598
37.68,1.567969474
37.7,0
37.72,0.744657936
37.74,8.445378861
37.76,10.44674806
37.78,0
37.8,8.326297033
37.82,5.869141346
37.84,0
37.86,0
37.88,2.169969454
37.9,2.479707535
37.92,6.911703202
37.94,4.154027762
37.96,0
37.98,2.828601529
38,0
38.02,1.667460768
38.04,0
38.06,5.476221582
38.08,1.55938504
38.1,6.030932162
38.12,3.552997226
38.14,0
38.16,0
38.18,3.862693762
38.2,5.186280419
38.22,0
38.24,0
38.26,1.410050947
38.28,0
38.3,7.268044366
38.32,0.36974302
38.34,0
38.36,8.090404407
38.38,0
38.4,0
38.42,0
38.44,6.297002141
38.46,4.953773726
38.48,7.034443039
38.5,0.513605041
38.52,12.04167991
38.54,0
38.56,1.205412556
38.58,4.572542402
38.6,0
38.62,0
38.64,1.69046321
38.66,0
38.68,0
38.7,4.567337912
38.72,0
38.74,2.488058897
38.76,0
38.78,3.938352383
38.8,0
38.82,0
38.84,0
38.86,0
38.88,0
38.9,2.77815309
38.92,6.818286206
38.94,9.847117156
38.96,0
38.98,0
39,0
39.02,0
39.04,4.095559689
39.06,11.23869491
39.08,0
39.1,15.82619619
39.12,4.276315569
39.14,1.672153969
39.16,0
39.18,0.309773523
39.2,0
39.22,0
39.24,0
39.26,17.4887851
39.28,4.170966325
39.3,7.061603167
39.32,0
39.34,1.96145062
39.36,0.22537186
39.38,6.328504467
39.4,9.221745049
39.42,7.606003269
39.44,2.046613414
39.46,0
39.48,2.863401936
39.5,1.076851189
39.52,0
39.54,1.826156739
39.56,0
39.58,0
39.6,0
39.62,0
39.64,2.110380632
39.66,1.043144277
39.68,1.695083135
39.7,2.786865226
39.72,10.60780218
39.74,0.300933901
39.76,0
39.78,4.335725905
39.8,0.079217512
39.82,0
39.84,0
39.86,3.057038522
39.88,1.317450724
39.9,0
39.92,0
39.94,0
39.96,1.015944795
39.98,9.821430798
40,0
40.02,0
40.04,1.757546605
40.06,0
40.08,0
40.1,13.33541631
40.12,2.986533077
40.14,1.329041538
40.16,0
40.18,0
40.2,1.843980196
40.22,0.856141134
40.24,1.077041783
40.26,0
40.28,0
40.3,0.760976426
40.32,2.366688107
40.34,0
40.36,0
40.38,0
40.4,2.306247343
40.42,0
40.44,0
40.46,2.26773963
40.48,0.164391758
40.5,6.220713806
40.52,10.3452942
40.54,2.317079956
40.56,5.470232466
40.58,0
40.6,0
40.62,0
40.64,2.292629789
40.66,0.616941174
40.68,0
40.7,1.077037403
40.72,1.677278541
40.74,4.663557356
40.76,0
40.78,0
40.8,0
40.82,9.003467723
40.84,0
40.86,0
40.88,0.137070986
40.9,6.347602071
40.92,0
40.94,1.533496391
40.96,0.112964759
40.98,0
41,0
41.02,0
41.04,5.052331295
41.06,0
41.08,8.377843474
41.1,4.726919736
41.12,0.159497394
41.14,3.914946596
41.16,1.921381174
41.18,0
41.2,6.003994027
41.22,0.452738438
41.24,0
41.26,0
41.28,0
41.3,0.745779637
41.32,2.367885928
41.34,2.32338398
41.36,0
41.38,4.330498941
41.4,3.088393874
41.42,5.931882568
41.44,9.161064935
41.46,0
41.48,0
41.5,0
41.52,0
41.54,10.52124523
41.56,0
41.58,0
41.6,3.265500554
41.62,3.901599921
41.64,7.54218291
41.66,0
41.68,6.224283903
41.7,0
41.72,3.07258449
41.74,6.658332174
41.76,3.572012552
41.78,0
41.8,2.107966523
41.82,10.97081857
41.84,7.473687372
41.86,0
41.88,1.561789804
41.9,0
41.92,0.386339265
41.94,6.540574129
41.96,0
41.98,0
42,0.369351925
42.02,0.611027881
42.04,0
42.06,0
42.08,0
42.1,0
42.12,4.617898123
42.14,0.244737748
42.16,0.300459473
42.18,0
42.2,6.113478409
42.22,13.94420517
42.24,0
42.26,7.755939585
42.28,0
42.3,1.236361722
42.32,1.517330336
42.34,3.102530839
42.36,0
42.38,0
42.4,7.324580883
42.42,0
42.44,0.035336968
42.46,1.896754691
42.48,4.593138776
42.5,0
42.52,6.731534178
42.54,0
42.56,0
42.58,0
42.6,9.149242153
42.62,1.459841015
42.64,0.501836475
42.66,6.825659492
42.68,2.553207065
42.7,0
42.72,2.652727543
42.74,2.159405968
42.76,8.065694908
42.78,8.548549175
42.8,3.424918114
42.82,6.571777909
42.84,0.909513974
42.86,5.223686739
42.88,5.268548843
42.9,4.834829399
42.92,10.89535109
42.94,0
42.96,0
42.98,9.184092774
43,3.154919822
43.02,0
43.04,0.319687113
43.06,0.972524591
43.08,0
43.1,1.748481557
43.12,0
43.14,2.243333254
43.16,1.474854892
43.18,2.252446439
43.2,3.654728417
43.22,3.24772445
43.24,3.722528432
43.26,0
43.28,0
43.3,4.244846602
43.32,0
43.34,0
43.36,9.217790216
43.38,6.487022675
43.4,0.150148419
43.42,2.051284531
43.44,0
43.46,3.263671999
43.48,2.742853062
43.5,0.751647117
43.52,2.46782503
43.54,3.804199715
43.56,0
43.58,0
43.6,0
43.62,0
43.64,3.454445022
43.66,0
43.68,0
43.7,0
43.72,0
43.74,0
43.76,0.625520868
43.78,0
43.8,4.136205631
43.82,9.354106104
43.84,1.291533524
43.86,9.220991504
43.88,0
43.9,0
43.92,1.222638106
43.94,0.793687201
43.96,0
43.98,0
44,0
44.02,0
44.04,0
44.06,1.291210547
44.08,3.301785237
44.1,2.746268941
44.12,0
44.14,8.277650596
44.16,0
44.18,0
44.2,0
44.22,0
44.24,0
44.26,8.809928626
44.28,0
44.3,2.262833421
44.32,4.085511703
44.34,4.92468729
44.36,0
44.38,0.368479727
44.4,3.058431696
44.42,3.254211132
44.44,0
44.46,0
44.48,7.21974986
44.5,0.816793466
44.52,0
44.54,0.751143439
44.56,0.946199554
44.58,6.159286281
44.6,0
44.62,0.707975675
44.64,3.535148955
44.66,0
44.68,0.623868294
44.7,13.07052115
44.72,0
44.74,0
44.76,0
44.78,0.472304197
44.8,0
44.82,0
44.84,0
44.86,0
44.88,6.484347276
44.9,0
44.92,0.416372278
44.94,0
44.96,2.532385944
44.98,0
45,0
45.02,0
45.04,5.373445065
45.06,0
45.08,3.481162093
45.1,0
45.12,0
45.14,0
45.16,6.548375888
45.18,0
45.2,3.653723746
45.22,1.331623444
45.24,0
45.26,2.739992117
45.28,0
45.3,0.631906372
45.32,1.111495378
45.34,0
45.36,1.346208936
45.38,9.287358705
45.4,0
45.42,0
45.44,0
45.46,0
45.48,0
45.5,0
45.52,0
45.54,7.118691371
45.56,0
45.58,0
45.6,0
45.62,0
45.64,2.958883201
45.66,0
45.68,0
45.7,3.29409076
45.72,0
45.74,0
45.76,8.318780011
45.78,0
45.8,0.614234803
45.82,0
45.84,0
45.86,0
45.88,0
45.9,0
45.92,0.671027436
45.94,0
45.96,3.66804402
45.98,0
46,0
46.02,5.473604573
46.04,2.492264404
46.06,0
46.08,0.900813782
46.1,5.375974574
46.12,0
46.14,0
46.16,0
46.18,0
46.2,0
46.22,0
46.24,0
46.26,0
46.28,0
46.3,2.168140019
46.32,1.286252044
46.34,5.930844107
46.36,0
46.38,0
46.4,0
46.42,3.060464589
46.44,4.061156403
46.46,8.92599883
46.48,0
46.5,0
46.52,4.614650481
46.54,7.511577637
46.56,4.155726186
46.58,0
46.6,0
46.62,2.822395269
46.64,0
46.66,6.560239996
46.68,0
46.7,0
46.72,3.459570666
46.74,0.631856392
46.76,0
46.78,1.841536485
46.8,0.696811925
46.82,2.327709651
46.84,0.405756731
46.86,3.725541163
46.88,0.457241701
46.9,4.252613538
46.92,0
46.94,0.13288786
46.96,2.179719236
46.98,5.378211284
47,0
47.02,5.677487429
47.04,9.924589584
47.06,1.82104264
47.08,0
47.1,3.593627879
47.12,9.463904973
47.14,3.713937466
47.16,0
47.18,1.052487728
47.2,8.70217701
47.22,3.674236169
47.24,0
47.26,1.911992692
47.28,0
47.3,3.217361662
47.32,0
47.34,7.941036783
47.36,0.655041162
47.38,0
47.4,0
47.42,2.635759958
47.44,0
47.46,5.415858001
47.48,8.568243608
47.5,0.615100668
47.52,0.555973972
47.54,1.955884618
47.56,5.705889224
47.58,0
47.6,0
47.62,0
47.64,0
47.66,1.234678054
47.68,9.567478542
47.7,0
47.72,0
47.74,4.044976434
47.76,1.213655576
47.78,0
47.8,0.488067641
47.82,2.462698993
47.84,0
47.86,3.989267113
47.88,0
47.9,4.922356854
47.92,0.836088291
47.94,0
47.96,0
47.98,0.796820452
48,0
48.02,0
48.04,0
48.06,0
48.08,0
48.1,0
48.12,0
48.14,0
48.16,0.881008471
48.18,5.079389733
48.2,0.30708029
48.22,0
48.24,2.25568926
48.26,0
48.28,0
48.3,0
48.32,0.693169
48.34,0
48.36,5.542599912
48.38,0
48.4,0
48.42,0.085373637
48.44,0
48.46,0
48.48,6.701522183
48.5,0
48.52,11.44282816
48.54,0
48.56,0
48.58,0.718407706
48.6,0
48.62,6.45011374
48.64,0
48.66,1.669650426
48.68,0.937647702
48.7,0
48.72,0
48.74,6.138150202
48.76,0
48.78,0
48.8,0
48.82,7.55419645
48.84,1.070634506
48.86,0
48.88,0
48.9,8.729344169
48.92,4.016131381
48.94,0
48.96,0
48.98,5.718066459
49,0
49.02,0
49.04,0.899660062
49.06,7.06820947
49.08,0
49.1,0
49.12,3.455548094
49.14,0
49.16,6.516918592
49.18,9.41428222
49.2,1.976937606
49.22,0
49.24,1.207784108
49.26,7.958009189
49.28,0
49.3,0
49.32,4.254014073
49.34,0.664300522
49.36,1.727750325
49.38,0
49.4,0
49.42,0.756548412
49.44,0.060584845
49.46,0
49.48,5.673208236
49.5,2.644148713
49.52,7.52062781
49.54,6.244523113
49.56,3.389156232
49.58,0
49.6,6.664179299
49.62,8.58991678
49.64,5.377749331
49.66,0
49.68,0
49.7,1.252354637
49.72,0
49.74,0
49.76,1.674875144
49.78,0
49.8,0
49.82,0
49.84,0
49.86,12.32437952
49.88,0
49.9,0
49.92,3.504451755
49.94,2.760273279
49.96,6.089033917
49.98,7.864738847
50,8.197282214
50.02,0.24584327
50.04,4.960116378
50.06,0
50.08,8.221922397
50.1,0
50.12,0
50.14,0.44002122
50.16,0
50.18,0.529139195
50.2,6.289103734
50.22,1.216243218
50.24,0
50.26,0
50.28,5.308223331
50.3,0
50.32,0
50.34,0.544547863
50.36,2.267423863
50.38,0
50.4,0
50.42,0
50.44,4.196208151
50.46,5.292126178
50.48,0
50.5,0
50.52,1.290104285
50.54,0
50.56,2.019596457
50.58,2.173824399
50.6,7.949516383
50.62,1.506629062
50.64,2.719220533
50.66,2.242708928
50.68,0
50.7,10.38968039
50.72,0.671847997
50.74,6.344433686
50.76,0
50.78,0
50.8,0
50.82,0
50.84,1.210576223
50.86,0
50.88,0
50.9,0
50.92,0
50.94,6.495465055
50.96,4.530763932
50.98,2.331891806
51,10.70221574
51.02,3.548274889
51.04,0
51.06,0.286264107
51.08,7.363199978
51.1,0
51.12,2.533434214
51.14,6.474971931
51.16,0
51.18,0
51.2,7.698368312
51.22,0
51.24,7.155369431
51.26,0
51.28,0
51.3,2.493731148
51.32,0
51.34,8.219792981
51.36,0
51.38,0
51.4,3.185372135
51.42,0
51.44,11.0547958
51.46,0
51.48,2.110225582
51.5,0
51.52,0
51.54,0
51.56,4.766605623
51.58,0
51.6,0
51.62,2.763515842
51.64,4.339196596
51.66,0
51.68,0
51.7,6.258303802
51.72,5.922660131
51.74,4.290905575
51.76,0
51.78,0
51.8,0
51.82,0
51.84,0
51.86,4.308551302
51.88,2.620276076
51.9,7.920283116
51.92,8.232412239
51.94,0
51.96,3.442319486
51.98,0
52,2.717454552
52.02,0
52.04,0
52.06,8.407295911
52.08,0.611288645
52.1,0
52.12,4.947169203
52.14,4.791957127
52.16,0
52.18,0
52.2,6.236156184
52.22,5.423793737
52.24,0
52.26,0
52.28,0
52.3,0
52.32,0
52.34,0
52.36,0
52.38,0
52.4,0
52.42,0
52.44,4.248516767
52.46,0
52.48,0
52.5,0
52.52,0
52.54,0
52.56,0.900666649
52.58,0.193721243
52.6,0
52.62,0
52.64,8.7911444
52.66,2.247614507
52.68,0
52.7,3.12776631
52.72,0
52.74,1.794416575
52.76,0
52.78,2.164112218
52.8,6.868343976
52.82,8.098944983
52.84,0
52.86,0
52.88,0
52.9,5.580510342
52.92,8.499637222
52.94,0
52.96,0
52.98,0
53,0
53.02,6.290443043
53.04,0
53.06,6.693605123
53.08,0
53.1,6.29232896
53.12,0
53.14,0
53.16,0
53.18,0.014108938
53.2,0
53.22,0
53.24,0.590145483
53.26,7.63647652
53.28,0
53.3,0
53.32,0
53.34,0
53.36,5.216610338
53.38,1.219479515
53.4,0.266097035
53.42,0
53.44,0
53.46,0
53.48,0
53.5,6.209209413
53.52,0
53.54,0
53.56,5.973690584
53.58,0
53.6,2.313568395
53.62,7.208416242
53.64,0
53.66,0
53.68,2.494254769
53.7,4.74051381
53.72,4.078236905
53.74,2.805253642
53.76,0
53.78,0
53.8,2.620687156
53.82,0.433720888
53.84,0
53.86,0
53.88,7.079122356
53.9,0
53.92,1.028876799
53.94,3.05610797
53.96,0
53.98,0
54,0
54.02,4.44417296
54.04,0
54.06,2.775093371
54.08,1.824623383
54.1,0
54.12,4.050506926
54.14,7.07910245
54.16,7.965876082
54.18,1.357435717
54.2,0
54.22,0
54.24,0
54.26,0
54.28,0
54.3,0
54.32,2.576631546
54.34,5.091287026
54.36,5.079126127
54.38,8.301840617
54.4,0
54.42,0.664256909
54.44,9.705299367
54.46,0.620993533
54.48,0
54.5,2.338021176
54.52,0
54.54,0
54.56,0
54.58,0
54.6,2.698588804
54.62,0
54.64,1.023218215
54.66,0
54.68,3.204873496
54.7,1.938895052
54.72,8.021289781
54.74,0.597606182
54.76,10.65556603
54.78,1.042495916
54.8,0
54.82,3.117511672
54.84,2.34553059
54.86,0
54.88,0
54.9,0
54.92,12.60334195
54.94,2.753644515
54.96,0
54.98,0
55,5.92755448
55.02,6.096115858
55.04,6.423612211
55.06,0.135432468
55.08,0
55.1,0.5306586
55.12,0
55.14,0
55.16,0
55.18,1.222747666
55.2,1.422998634
55.22,11.58877132
55.24,0
55.26,4.94893291
55.28,0.374646791
55.3,0
55.32,0
55.34,1.437271833
55.36,0
55.38,6.92049793
55.4,5.017777005
55.42,0
55.44,0
55.46,7.616489843
55.48,0
55.5,0
55.52,0
55.54,5.239338877
55.56,4.255748945
55.58,0
55.6,3.698587055
55.62,0.746734174
55.64,4.942942468
55.66,0
55.68,0
55.7,0
55.72,0
55.74,0
55.76,0
55.78,5.018665142
55.8,0
55.82,5.074366913
55.84,4.134526785
55.86,8.084472757
55.88,2.116830535
55.9,0
55.92,5.050325378
55.94,6.907886283
55.96,0
55.98,4.036127001
56,0
56.02,2.534718397
56.04,0
56.06,0
56.08,0.481555052
56.1,6.032892589
56.12,8.878755179
56.14,0
56.16,5.799302336
56.18,2.081702485
56.2,0
56.22,2.940050004
56.24,3.480142081
56.26,2.778882035
56.28,0
56.3,0
56.32,5.553583263
56.34,0
56.36,4.914711153
56.38,1.265476429
56.4,0
56.42,1.285146354
56.44,8.722034651
56.46,1.28863033
56.48,1.30664136
56.5,0
56.52,0
56.54,1.803510849
56.56,4.374896683
56.58,0
56.6,2.391347387
56.62,0
56.64,8.70826012
56.66,0
56.68,0.114578582
56.7,2.87350302
56.72,0
56.74,0.943633925
56.76,0
56.78,0
56.8,0
56.82,0
56.84,0
56.86,4.80402615
56.88,0
56.9,4.144614167
56.92,1.131146861
56.94,0
56.96,6.376304214
56.98,7.879990337
57,4.401271387
57.02,0
57.04,2.367765101
57.06,0
57.08,6.353183366
57.1,2.039763679
57.12,2.263680943
57.14,7.219563451
57.16,0
57.18,7.78097142
57.2,2.983362991
57.22,0
57.24,7.423829004
57.26,0
57.28,10.909405
57.3,0
57.32,0
57.34,5.955079672
57.36,0
57.38,3.277249125
57.4,6.985891882
57.42,0
57.44,8.413913296
57.46,0
57.48,0
57.5,0.219833358
57.52,2.73890884
57.54,7.392079719
57.56,7.604066936
57.58,0
57.6,2.550311932
57.62,1.368259932
57.64,0
57.66,0
57.68,1.923236794
57.7,1.301340061
57.72,3.109473049
57.74,9.959594807
57.76,0
57.78,11.1324814
57.8,0
57.82,0
57.84,2.805380488
57.86,0
57.88,1.738125812
57.9,2.339569286
57.92,0
57.94,8.056595893
57.96,3.019108871
57.98,3.305529635
58,0
58.02,0
58.04,1.721684164
58.06,0.437524051
58.08,0
58.1,1.212253005
58.12,0
58.14,5.234426904
58.16,3.217720795
58.18,0
58.2,3.793192152
58.22,7.440709832
58.24,3.378581759
58.26,0
58.28,1.404064723
58.3,1.951492913
58.32,8.446204052
58.34,8.274152056
58.36,8.230405788
58.38,0
58.4,0.11430311
58.42,2.298146881
58.44,0
58.46,2.130207239
58.48,11.23802925
58.5,2.524095016
58.52,0
58.54,8.706308376
58.56,1.279293007
58.58,10.56421814
58.6,0
58.62,0
58.64,0
58.66,4.669650423
58.68,0
58.7,0
58.72,4.044652622
58.74,2.379195898
58.76,0
58.78,4.55815741
58.8,0
58.82,0
58.84,0
58.86,1.461745578
58.88,0
58.9,1.282101876
58.92,10.85943349
58.94,0
58.96,0
58.98,0
59,0
59.02,0
59.04,0
59.06,5.418196029
59.08,0
59.1,3.660976322
59.12,4.443459358
59.14,0
59.16,4.547212926
59.18,4.502293625
59.2,4.196955953
59.22,4.679344351
59.24,0.891537871
59.26,11.79830028
59.28,0
59.3,0
59.32,0
59.34,0
59.36,5.852779912
59.38,0
59.4,8.209305952
59.42,8.205391247
59.44,0
59.46,3.507250995
59.48,0
59.5,0
59.52,5.100641189
59.54,0
59.56,6.335050586
59.58,1.011241921
59.6,0.204946801
59.62,6.242888429
59.64,1.335145663
59.66,0
59.68,0
59.7,0
59.72,0
59.74,0.091795159
59.76,0
59.78,0
59.8,1.735581717
59.82,1.222774931
59.84,0
59.86,0
59.88,7.58681847
59.9,0.149446608
59.92,0
59.94,6.811952723
59.96,0
59.98,0
60,0
60.02,0
60.04,0
60.06,0
60.08,0.707124134
60.1,0
60.12,3.897588962
60.14,0
60.16,0
60.18,1.669897519
60.2,4.617639512
60.22,0
60.24,0
60.26,3.091628412
60.28,5.490374262
60.3,4.049944996
60.32,0
60.34,0
60.36,3.914121204
60.38,0
60.4,4.629935639
60.42,0
60.44,3.197013152
60.46,3.614867645
60.48,0
60.5,0
60.52,0.10780311
60.54,0
60.56,11.02201802
60.58,0
60.6,0
60.62,0
60.64,8.31216019
60.66,5.587733687
60.68,1.947835761
60.7,10.75074754
60.72,12.89511483
60.74,5.860603882
60.76,8.753272545
60.78,0
60.8,0
60.82,0
60.84,2.245270663
60.86,5.5701686
60.88,0
60.9,0
60.92,0
60.94,0
60.96,3.38584233
60.98,0
61,0.982328844
61.02,3.683487381
61.04,6.507146237
61.06,0
61.08,0
61.1,0
61.12,1.042047356
61.14,0
61.16,10.70464243
61.18,0
61.2,4.827648411
61.22,0
61.24,0.486967295
61.26,2.260861094
61.28,0
61.3,7.241384389
61.32,3.625362784
61.34,0
61.36,1.217798458
61.38,0
61.4,0
61.42,3.374027736
61.44,4.719507625
61.46,0
61.48,6.868332267
61.5,0.457586353
61.52,0
61.54,0
61.56,7.933447894
61.58,0
61.6,0
61.62,5.463729415
61.64,0
61.66,1.924194924
61.68,4.230899563
61.7,11.49161657
61.72,5.671753404
61.74,3.997995624
61.76,0
61.78,0.3229623
61.8,7.515901126
61.82,0
61.84,0
61.86,6.402683806
61.88,5.735943297
61.9,0
61.92,0
61.94,0
61.96,1.055257222
61.98,0.738574119
62,0
62.02,0
62.04,0
62.06,3.614562168
62.08,7.439173155
62.1,0
62.12,0
62.14,0
62.16,0
62.18,17.68031751
62.2,0
62.22,0
62.24,0
62.26,0
62.28,1.005533068
62.3,0
62.32,0
62.34,0
62.36,0.74667452
62.38,9.44205702
62.4,0
62.42,0
62.44,0
62.46,8.149552026
62.48,0
62.5,0
62.52,4.771294807
62.54,3.462613649
62.56,1.779093148
62.58,3.047287859
62.6,0
62.62,0.560282036
62.64,0
62.66,0
62.68,0
62.7,8.923210438
62.72,0
62.74,0.853512541
62.76,1.088496997
62.78,6.663321963
62.8,0
62.82,0
62.84,0
62.86,0
62.88,1.304684065
62.9,3.247783614
62.92,11.01209218
62.94,3.825102563
62.96,0
62.98,0
63,0
63.02,5.445369781
63.04,2.579895
63.06,0.460408663
63.08,9.616217098
63.1,0
63.12,2.443923748
63.14,0
63.16,8.457198806
63.18,0
63.2,0
63.22,3.501207015
63.24,0
63.26,6.254784486
63.28,0
63.3,5.924349546
63.32,0
63.34,3.004051465
63.36,0.785375189
63.38,6.428994077
63.4,0
63.42,0
63.44,0
63.46,0
63.48,0
63.5,5.104008543
63.52,2.5835184
63.54,0.128222975
63.56,0
63.58,1.280211954
63.6,7.737614714
63.62,0
63.64,2.063596881
63.66,2.407610311
63.68,0
63.7,7.247166165
63.72,6.589449017
63.74,1.657264316
63.76,2.778827154
63.78,0
63.8,3.532981873
63.82,1.126017909
63.84,1.336036574
63.86,6.019389426
63.88,0
63.9,0
63.92,0.608301801
63.94,2.582423093
63.96,0
63.98,0
64,5.617210002
64.02,0
64.04,0
64.06,2.659700515
64.08,0
64.1,0.692444087
64.12,0
64.14,1.774679627
64.16,1.022311752
64.18,4.144739052
64.2,0
64.22,0
64.24,0.440764027
64.26,0
64.28,4.862672866
64.3,10.78125119
64.32,0
64.34,0.012750199
64.36,0.305422232
64.38,6.955249741
64.4,0
64.42,1.781638818
64.44,0
64.46,3.7729512
64.48,0
64.5,8.245914558
64.52,0
64.54,0
64.56,0
64.58,3.934086779
64.6,5.513853997
64.62,0
64.64,1.675536547
64.66,0
64.68,0.817831361
64.7,6.0019758
64.72,0
64.74,5.881437094
64.76,0
64.78,0.731826028
64.8,3.75741703
64.82,3.284950362
64.84,3.097690413
64.86,0
64.88,1.562488575
64.9,0
64.92,7.675916405
64.94,3.964251611
64.96,4.521067497
64.98,0.531711151
65,5.677977848
65.02,0
65.04,6.161288869
65.06,9.103306064
65.08,2.030263966
65.1,0
65.12,0
65.14,4.497619809
65.16,0
65.18,0
65.2,0
65.22,2.122929995
65.24,0
65.26,0
65.28,2.126415537
65.3,0
65.32,2.132143793
65.34,1.797509766
65.36,6.269746213
65.38,1.376580732
65.4,6.55951184
65.42,0
65.44,0
65.46,2.843402537
65.48,1.026133778
65.5,0
65.52,1.144290225
65.54,0
65.56,6.911434032
65.58,0
65.6,5.001798715
65.62,4.10159477
65.64,2.154720935
65.66,0.477126027
65.68,6.369761004
65.7,6.277934194
65.72,0
65.74,4.053718225
65.76,0
65.78,0
65.8,0
65.82,0
65.84,0
65.86,3.079993375
65.88,0
65.9,4.592618921
65.92,0
65.94,0
65.96,3.844244212
65.98,3.781874929
66,4.353727776
66.02,0.257470096
66.04,0.139817888
66.06,0
66.08,0
66.1,7.622267717
66.12,0
66.14,0
66.16,2.795541261
66.18,3.783644145
66.2,5.35819989
66.22,0
66.24,5.991185273
66.26,5.355363428
66.28,0
66.3,3.065979604
66.32,0
66.34,1.579609183
66.36,0.207777338
66.38,1.166873127
66.4,0
66.42,0
66.44,6.02016367
66.46,0
66.48,0
66.5,0
66.52,0
66.54,0
66.56,0.594204174
66.58,0
66.6,6.066378649
66.62,4.408290943
66.64,6.419858742
66.66,2.39838509
66.68,0
66.7,8.355196647
66.72,0
66.74,1.837955667
66.76,4.982207493
66.78,0
66.8,9.849287763
66.82,3.777373157
66.84,0
66.86,0
66.88,7.129011536
66.9,8.406065212
66.92,0
66.94,1.131327846
66.96,0
66.98,0.824625215
67,8.963386132
67.02,4.53321799
67.04,0
67.06,0
67.08,0
67.1,3.434215579
67.12,0
67.14,0
67.16,7.648576991
67.18,0.646185632
67.2,0.265906849
67.22,4.00626279
67.24,3.44296625
67.26,3.081661338
67.28,1.737694018
67.3,0.912708816
67.32,1.004503765
67.34,0
67.36,0
67.38,2.840327888
67.4,0
67.42,0
67.44,0
67.46,0
67.48,1.483215193
67.5,0
67.52,0
67.54,0
67.56,3.684713304
67.58,6.288340962
67.6,0
67.62,4.007569968
67.64,7.551497341
67.66,5.847644612
67.68,0
67.7,0
67.72,0
67.74,0
67.76,0
67.78,3.116727093
67.8,2.073141118
67.82,6.700666691
67.84,0
67.86,5.324176752
67.88,0
67.9,0
67.92,0.003584159
67.94,0
67.96,0.773968295
67.98,0
68,0
68.02,5.897039231
68.04,5.179015168
68.06,0
68.08,7.276120043
68.1,4.600068888
68.12,3.195606726
68.14,0
68.16,2.715395883
68.18,0
68.2,0.358333546
68.22,0
68.24,6.546449811
68.26,0
68.28,0
68.3,0
68.32,10.41331428
68.34,2.771157002
68.36,0
68.38,2.332518285
68.4,2.884185856
68.42,0
68.44,1.831537855
68.46,0.682120825
68.48,5.148699906
68.5,8.330918225
68.52,1.791560538
68.54,0
68.56,0
68.58,0
68.6,0
68.62,0
68.64,13.22558971
68.66,2.260427719
68.68,0
68.7,0
68.72,9.240834
68.74,5.165592109
68.76,0
68.78,17.69104245
68.8,14.66335208
68.82,0
68.84,9.779817983
68.86,3.675290873
68.88,2.693750675
68.9,0
68.92,0
68.94,0
68.96,2.859039576
68.98,2.721731134
69,2.661298435
69.02,0.855299124
69.04,2.984676321
69.06,0
69.08,0
69.1,0.532215796
69.12,0
69.14,6.764063722
69.16,6.175472711
69.18,6.44167773
69.2,6.477433811
69.22,2.268942035
69.24,0
69.26,0
69.28,0.937797593
69.3,0.813621701
69.32,0
69.34,0
69.36,0
69.38,8.777745273
69.4,0
69.42,0
69.44,1.291990269
69.46,0
69.48,1.013225048
69.5,0
69.52,0
69.54,0
69.56,3.142986311
69.58,0.530487349
69.6,7.504093271
69.62,3.254639091
69.64,0
69.66,0
69.68,0
69.7,3.514144749
69.72,11.82440463
69.74,0
69.76,4.263452712
69.78,0
69.8,0
69.82,8.533059511
69.84,0.259344092
69.86,0
69.88,0
69.9,0
69.92,0
69.94,0.036369522
69.96,2.175532573
69.98,2.713751543
70,0
70.02,1.166006267
70.04,0
70.06,4.34863129
70.08,0
70.1,2.401243891
70.12,0
70.14,0.066656202
70.16,4.305451767
70.18,2.632099001
70.2,2.000880101
70.22,0
70.24,0
70.26,0
70.28,0.568455059
70.3,3.051015666
70.32,0
70.34,0
70.36,0
70.38,2.085244138
70.4,1.205982237
70.42,0
70.44,0.431722247
70.46,7.037616578
70.48,0.992731712
70.5,0
70.52,0.899562333
70.54,0
70.56,2.744085468
70.58,6.713621856
70.6,0
70.62,0
70.64,9.235600951
70.66,0
70.68,4.368833752
70.7,0
70.72,0.964011219
70.74,2.714844821
70.76,3.304077803
70.78,6.519458212
70.8,0
70.82,2.337141744
70.84,5.180690913
70.86,2.791629887
70.88,0
70.9,0
70.92,0
70.94,0
70.96,6.341425307
70.98,4.152273989
71,0
71.02,0
71.04,0
71.06,0
71.08,0
71.1,0
71.12,1.842225558
71.14,6.876132446
71.16,0
71.18,3.787443715
71.2,0
71.22,0
71.24,0
71.26,0
71.28,2.888902358
71.3,0
71.32,0
71.34,0
71.36,0
71.38,0.510571744
71.4,4.03338628
71.42,0
71.44,0
71.46,6.867622509
71.48,0
71.5,0
71.52,0
71.54,0
71.56,0
71.58,0
71.6,4.219563046
71.62,0
71.64,0
71.66,0
71.68,0
71.7,0
71.72,0.793514507
71.74,0
71.76,0
71.78,1.664675507
71.8,2.428175842
71.82,2.723776655
71.84,15.53120281
71.86,0
71.88,0
71.9,6.695036384
71.92,0
71.94,6.4271679
71.96,0.426260259
71.98,0
72,6.407663463
72.02,0
72.04,0
72.06,0
72.08,1.012229073
72.1,0
72.12,1.46161883
72.14,0
72.16,1.17910528
72.18,4.010183096
72.2,0.393163458
72.22,0
72.24,6.9425897
72.26,4.642378417
72.28,0
72.3,0
72.32,3.836788013
72.34,1.937512861
72.36,0
72.38,0
72.4,7.629161967
72.42,0
72.44,0
72.46,2.335891206
72.48,0.57680566
72.5,9.701230973
72.52,2.19219151
72.54,4.013563441
72.56,0
72.58,5.110677198
72.6,0
72.62,0.617697965
72.64,0
72.66,5.900007571
72.68,5.956771194
72.7,5.985693324
72.72,0
72.74,6.200384311
72.76,0
72.78,1.506939022
72.8,6.431721765
72.82,3.965805582
72.84,0.691785475
72.86,0
72.88,0.331066169
72.9,0
72.92,0
72.94,9.025362008
72.96,0
72.98,0
73,0
73.02,0
73.04,3.240385253
73.06,1.683966676
73.08,2.679158484
73.1,0.681492895
73.12,0
73.14,1.189290827
73.16,0
73.18,0
73.2,0
73.22,8.373948087
73.24,0
73.26,2.533831485
73.28,1.332688255
73.3,3.557630418
73.32,6.944471081
73.34,6.208661286
73.36,1.561317732
73.38,0
73.4,0
73.42,5.234378923
73.44,0
73.46,0
73.48,5.940077702
73.5,2.546379971
73.52,4.584594511
73.54,0
73.56,1.389585843
73.58,2.166671309
73.6,0
73.62,1.884497835
73.64,0
73.66,0
73.68,0
73.7,0
73.72,19.66469788
73.74,3.282590938
73.76,0
73.78,0
73.8,0
73.82,2.489317072
73.84,0.565578605
73.86,0
73.88,0
73.9,4.528800765
73.92,6.058968606
73.94,0
73.96,0
73.98,5.284110196
74,0
74.02,0
74.04,8.307923718
74.06,1.48847394
74.08,0
74.1,6.306129981
74.12,9.807995733
74.14,1.910228762
74.16,0
74.18,0
74.2,3.581060194
74.22,2.72535142
74.24,1.590189135
74.26,8.019091458
74.28,0
74.3,0
74.32,1.894065119
74.34,6.611256067
74.36,0
74.38,1.053722213
74.4,0
74.42,0
74.44,4.52073688
74.46,0.914045944
74.48,2.184790502
74.5,3.676011592
74.52,12.7578711
74.54,0.321831713
74.56,5.514384981
74.58,5.648110585
74.6,3.762167094
74.62,0.078895972
74.64,0
74.66,0
74.68,5.2298796
74.7,0.108549442
74.72,0
74.74,3.561214355
74.76,0
74.78,8.490153502
74.8,0
74.82,5.065099914
74.84,0
74.86,0
74.88,0
74.9,0.515685752
74.92,5.938034362
74.94,0
74.96,0
74.98,0
75,0
75.02,0
75.04,0
75.06,0
75.08,4.247424237
75.1,0
75.12,0
75.14,4.017998473
75.16,7.447291123
75.18,0
75.2,3.205169546
75.22,3.34030632
75.24,0
75.26,0
75.28,1.444811283
75.3,0
75.32,0
75.34,4.628020867
75.36,4.883749274
75.38,5.972785467
75.4,2.581572482
75.42,0
75.44,0
75.46,1.930883917
75.48,0
75.5,1.421813093
75.52,4.968317496
75.54,0
75.56,7.158753483
75.58,0
75.6,2.699698299
75.62,0.449975462
75.64,2.894733713
75.66,0
75.68,0
75.7,5.147904367
75.72,0
75.74,0
75.76,0
75.78,0
75.8,0
75.82,0
75.84,15.47350143
75.86,0
75.88,1.603523936
75.9,0
75.92,0
75.94,3.541190256
75.96,2.911328255
75.98,2.392750301
76,0
76.02,2.211210997
76.04,7.241304156
76.06,0
76.08,6.877035572
76.1,5.353536427
76.12,6.190940046
76.14,0
76.16,0
76.18,0
76.2,5.399664412
76.22,0
76.24,7.115022347
76.26,0
76.28,4.005450635
76.3,0
76.32,1.710767727
76.34,1.484163485
76.36,3.394853231
76.38,6.861011036
76.4,0
76.42,0
76.44,3.994054506
76.46,0.458371581
76.48,0
76.5,1.162530442
76.52,1.736390816
76.54,0.402167138
76.56,0.033561979
76.58,0
76.6,0
76.62,3.203082838
76.64,0
76.66,3.069239793
76.68,1.546538604
76.7,0
76.72,2.755750649
76.74,0
76.76,0
76.78,0
76.8,0
76.82,0
76.84,11.33890713
76.86,0
76.88,1.259744442
76.9,0
76.92,2.123194981
76.94,0
76.96,6.746632741
76.98,0
77,0
77.02,0
77.04,7.341560356
77.06,0
77.08,8.077952627
77.1,0
77.12,0
77.14,1.330088716
77.16,3.705230604
77.18,11.59803376
77.2,0
77.22,1.195061691
77.24,9.965616633
77.26,0
77.28,7.348256027
77.3,8.971411757
77.32,0
77.34,9.388355067
77.36,7.762200559
77.38,0
77.4,0
77.42,0.175054024
77.44,17.43845751
77.46,0
77.48,8.876698773
77.5,0
77.52,1.709870235
77.54,0.972276583
77.56,3.839351723
77.58,0
77.6,0
77.62,0
77.64,8.891579992
77.66,0
77.68,2.566153117
77.7,0.401946735
77.72,1.29095012
77.74,0
77.76,0
77.78,0
77.8,4.158186597
77.82,6.026387671
77.84,0
77.86,1.53167129
77.88,0
77.9,0
77.92,0
77.94,0
77.96,8.040907442
77.98,2.420536244
78,0
78.02,0
78.04,0
78.06,6.458681255
78.08,0
78.1,2.532747032
78.12,1.631944491
78.14,0
78.16,3.936845984
78.18,0
78.2,9.714366549
78.22,4.313397558
78.24,3.003597188
78.26,3.290381074
78.28,0.121272518
78.3,6.169829699
78.32,3.004512024
78.34,0
78.36,0
78.38,0
78.4,2.985258115
78.42,0.841234541
78.44,0
78.46,0
78.48,3.239837213
78.5,6.241633586
78.52,2.48963483
78.54,5.940256022
78.56,0
78.58,0
78.6,0
78.62,0
78.64,0.821697818
78.66,0.618785943
78.68,5.714765813
78.7,14.13418928
78.72,1.080053206
78.74,0
78.76,2.390796428
78.78,6.243102602
78.8,0.554160884
78.82,0
78.84,0
78.86,0
78.88,0
78.9,0.245736121
78.92,0.775384245
78.94,0
78.96,0
78.98,7.6294136
79,1.803623822
79.02,1.113140248
79.04,0
79.06,6.524592775
79.08,6.701158084
79.1,2.322807712
79.12,2.433560177
79.14,0
79.16,0
79.18,0
79.2,0
79.22,2.242398194
79.24,3.241399224
79.26,0.047838764
79.28,1.798751295
79.3,0
79.32,1.041397897
79.34,4.033915515
79.36,0
79.38,0
79.4,0
79.42,0
79.44,5.78118852
79.46,0
79.48,1.903456402
79.5,0
79.52,0
79.54,1.812371379
79.56,2.683408376
79.58,1.668404333
79.6,0
79.62,8.993543649
79.64,0
79.66,0
79.68,0
79.7,3.69196256
79.72,0
79.74,0
79.76,0
79.78,0
79.8,0
79.82,5.376186591
79.84,6.295508842
79.86,0
79.88,3.07781938
79.9,4.319021092
79.92,4.521002071
79.94,3.771748272
79.96,0.299678292
79.98,0
80,11.98665008
80.02,7.274666839
80.04,0
80.06,0
80.08,0
80.1,0
80.12,0
80.14,7.867096589
80.16,0
80.18,0
80.2,0
80.22,0
80.24,0
80.26,0
80.28,0
80.3,2.097244479
80.32,0
80.34,0
80.36,0
80.38,0
80.4,0.621180861
80.42,5.585062193
80.44,0
80.46,0
80.48,0
80.5,0
80.52,0
80.54,0.89477792
80.56,0.437796415
80.58,0
80.6,2.686404661
80.62,0
80.64,5.481289859
80.66,3.34558466
80.68,8.674900724
80.7,3.27687353
80.72,7.993783485
80.74,0
80.76,3.723974404
80.78,0.410770612
80.8,0
80.82,0
80.84,0.069904515
80.86,2.735261723
80.88,0
80.9,0.099953399
80.92,0
80.94,2.564224466
80.96,0
80.98,0
81,0
81.02,8.836485875
81.04,0
81.06,2.76684186
81.08,5.115546484
81.1,0
81.12,3.813465103
81.14,0
81.16,7.295695867
81.18,0
81.2,0.167971585
81.22,0
81.24,5.46158368
81.26,3.145492348
81.28,0
81.3,6.132312707
81.32,2.064553802
81.34,0
81.36,5.785546444
81.38,0
81.4,0.003671423
81.42,2.748713582
81.44,2.528512913
81.46,0
81.48,0
81.5,0
81.52,0
81.54,0
81.56,4.118118858
81.58,0
81.6,0
81.62,0
81.64,4.546340243
81.66,4.227672557
81.68,2.03755618
81.7,0
81.72,0
81.74,0
81.76,0
81.78,4.320977049
81.8,0
81.82,2.456086559
81.84,0
81.86,0
81.88,0
