0,0,0,0
0.02,0,0,0
0.04,0,0,0
0.06,0,0,0
0.08,0,0,0
0.1,0,0,0
0.12,0,0,0
0.14,0,0,0
0.16,0,0,0
0.18,0,0,0
0.2,0,0,0
0.22,0,0,0
0.24,0,0,0
0.26,0,0,0
0.28,0,0,1
0.3,489,508,478
0.32,1033,994,1010
0.34,148,178,169
0.36,54,63,55
0.38,53,38,56
0.4,41,35,37
0.42,42,51,26
0.44,39,31,30
0.46,56,38,40
0.48,49,39,32
0.5,41,35,35
0.52,50,52,36
0.54,42,48,44
0.56,47,48,67
0.58,43,48,50
0.6,44,48,62
0.62,47,56,58
0.64,42,53,53
0.66,56,43,43
0.68,58,52,38
0.7,48,49,40
0.72,59,66,54
0.74,56,61,57
0.76,73,55,63
0.78,55,76,64
0.8,57,53,64
0.82,70,70,66
0.84,54,65,62
0.86,61,80,64
0.88,66,63,68
0.9,68,67,62
0.92,67,66,66
0.94,83,76,73
0.96,79,85,87
0.98,83,66,89
1,73,77,79
1.02,53,82,65
1.04,86,52,69
1.06,78,85,91
1.08,87,87,94
1.1,74,78,114
1.12,83,83,75
1.14,81,75,96
1.16,81,95,88
1.18,89,74,92
1.2,83,104,91
1.22,78,108,91
1.24,82,92,63
1.26,85,88,100
1.28,76,78,77
1.3,92,103,88
1.32,94,75,80
1.34,82,92,102
1.36,103,100,95
1.38,107,75,90
1.4,94,105,90
1.42,82,94,99
1.44,110,99,89
1.46,88,90,107
1.48,87,85,98
1.5,107,99,97
1.52,91,92,110
1.54,91,95,112
1.56,94,94,97
1.58,108,106,95
1.6,96,111,74
1.62,97,94,98
1.64,84,103,127
1.66,110,106,100
1.68,93,97,103
1.7,104,87,109
1.72,119,95,84
1.74,90,129,109
1.76,99,107,109
1.78,115,108,85
1.8,107,85,97
1.82,104,88,114
1.84,90,100,96
1.86,123,118,109
1.88,107,132,106
1.9,121,128,96
1.92,111,108,105
1.94,121,100,104
1.96,107,93,121
1.98,94,122,108
2,96,99,105
2.02,111,131,123
2.04,123,90,99
2.06,112,101,112
2.08,132,123,95
2.1,118,122,116
2.12,139,98,104
2.14,102,93,100
2.16,103,109,128
2.18,118,116,103
2.2,114,96,108
2.22,114,106,103
2.24,109,106,104
2.26,115,119,105
2.28,105,94,90
2.3,106,108,103
2.32,109,112,103
2.34,107,112,108
2.36,126,110,113
2.38,107,106,99
2.4,92,111,99
2.42,103,105,104
2.44,119,131,115
2.46,110,114,124
2.48,113,117,126
2.5,118,105,112
2.52,119,95,107
2.54,105,118,157
2.56,104,114,146
2.58,105,100,112
2.6,127,108,112
2.62,136,116,120
2.64,122,114,103
2.66,110,133,120
2.68,102,106,125
2.7,101,110,114
2.72,114,123,108
2.74,109,101,95
2.76,123,104,114
2.78,108,119,112
2.8,128,127,109
2.82,107,104,105
2.84,113,116,95
2.86,99,93,116
2.88,116,111,113
2.9,130,106,102
2.92,124,113,95
2.94,138,109,109
2.96,124,136,105
2.98,106,95,119
3,123,92,110
3.02,132,106,98
3.04,114,113,121
3.06,124,114,102
3.08,133,116,123
3.1,119,124,82
3.12,119,101,97
3.14,117,109,133
3.16,125,132,111
3.18,100,120,121
3.2,105,120,120
3.22,86,109,117
3.24,120,125,131
3.26,98,108,119
3.28,121,115,113
3.3,110,104,113
3.32,137,122,123
3.34,116,98,114
3.36,92,137,119
3.38,78,130,119
3.4,111,112,96
3.42,123,110,115
3.44,93,107,127
3.46,115,111,107
3.48,118,124,139
3.5,102,97,129
3.52,109,111,130
3.54,105,123,120
3.56,110,126,133
3.58,112,99,111
3.6,128,108,114
3.62,86,102,124
3.64,128,118,113
3.66,122,123,118
3.68,99,108,108
3.7,98,103,128
3.72,97,100,114
3.74,96,106,111
3.76,125,132,97
3.78,107,109,129
3.8,104,108,112
3.82,97,121,121
3.84,105,130,95
3.86,105,116,80
3.88,109,111,113
3.9,128,116,89
3.92,109,124,140
3.94,100,108,118
3.96,117,122,105
3.98,111,106,104
4,107,126,114
4.02,110,86,123
4.04,106,125,125
4.06,109,117,103
4.08,100,111,110
4.1,109,101,100
4.12,104,107,117
4.14,89,84,98
4.16,102,109,100
4.18,115,115,119
4.2,107,90,105
4.22,123,114,112
4.24,105,130,103
4.26,91,112,100
4.28,107,110,93
4.3,112,120,89
4.32,105,103,117
4.34,99,113,100
4.36,91,102,114
4.38,110,96,106
4.4,85,113,109
4.42,81,106,110
4.44,97,91,101
4.46,131,105,105
4.48,94,120,114
4.5,94,98,104
4.52,99,94,110
4.54,115,93,87
4.56,101,124,101
4.58,85,112,92
4.6,106,112,104
4.62,101,99,95
4.64,115,112,105
4.66,101,93,102
4.68,113,102,103
4.7,96,99,89
4.72,89,89,102
4.74,114,98,93
4.76,104,104,105
4.78,115,117,93
4.8,91,99,98
4.82,109,115,108
4.84,112,91,100
4.86,109,86,85
4.88,98,108,108
4.9,87,108,100
4.92,99,91,116
4.94,99,97,102
4.96,120,117,114
4.98,86,110,103
5,106,111,99
5.02,123,93,95
5.04,95,96,116
5.06,108,87,111
5.08,97,106,94
5.1,101,106,100
5.12,99,105,81
5.14,107,87,103
5.16,92,94,101
5.18,88,99,93
5.2,100,81,118
5.22,105,99,104
5.24,107,103,96
5.26,118,91,100
5.28,91,102,88
5.3,88,100,96
5.32,81,100,95
5.34,91,103,92
5.36,99,99,98
5.38,96,107,76
5.4,89,96,105
5.42,119,87,95
5.44,81,109,107
5.46,89,71,94
5.48,102,83,90
5.5,100,79,106
5.52,85,92,99
5.54,86,87,104
5.56,83,92,93
5.58,90,94,88
5.6,118,76,96
5.62,85,85,79
5.64,98,106,99
5.66,65,97,84
5.68,101,96,94
5.7,100,80,107
5.72,83,70,91
5.74,84,81,105
5.76,85,93,84
5.78,95,103,102
5.8,76,87,106
5.82,68,90,80
5.84,98,88,74
5.86,82,117,77
5.88,90,105,98
5.9,97,105,73
5.92,76,84,83
5.94,72,93,89
5.96,85,89,90
5.98,98,74,87
6,95,97,77
6.02,82,95,78
6.04,94,97,92
6.06,82,81,76
6.08,75,81,87
6.1,87,84,91
6.12,70,76,90
6.14,95,91,88
6.16,94,95,83
6.18,84,97,91
6.2,82,72,62
6.22,83,71,66
6.24,93,73,87
6.26,94,101,76
6.28,97,71,88
6.3,86,91,70
6.32,80,79,82
6.34,82,86,70
6.36,77,86,83
6.38,62,76,98
6.4,81,99,80
6.42,74,67,76
6.44,73,78,109
6.46,88,71,84
6.48,80,77,77
6.5,76,81,74
6.52,88,77,75
6.54,91,85,75
6.56,80,80,81
6.58,85,77,72
6.6,103,61,81
6.62,78,78,88
6.64,71,84,80
6.66,95,78,88
6.68,69,70,73
6.7,91,49,68
6.72,86,80,72
6.74,66,60,77
6.76,80,78,79
6.78,81,75,70
6.8,74,87,88
6.82,77,76,77
6.84,67,71,65
6.86,93,66,67
6.88,76,72,71
6.9,70,75,60
6.92,63,63,87
6.94,58,71,82
6.96,65,71,74
6.98,80,82,87
7,77,88,66
7.02,81,83,56
7.04,60,71,66
7.06,64,70,74
7.08,82,62,58
7.1,73,85,72
7.12,78,65,68
7.14,68,85,87
7.16,61,71,70
7.18,74,57,65
7.2,51,72,61
7.22,62,62,80
7.24,51,46,56
7.26,73,68,78
7.28,55,81,69
7.3,62,79,57
7.32,71,51,66
7.34,76,62,67
7.36,61,71,68
7.38,72,61,85
7.4,68,53,68
7.42,72,58,86
7.44,78,58,83
7.46,68,65,66
7.48,57,57,56
7.5,76,63,48
7.52,79,71,63
7.54,54,67,71
7.56,73,72,58
7.58,71,66,60
7.6,56,77,64
7.62,61,58,71
7.64,66,66,58
7.66,69,57,78
7.68,51,62,58
7.7,59,60,74
7.72,54,57,67
7.74,61,69,57
7.76,74,48,71
7.78,71,46,63
7.8,61,61,53
7.82,66,51,78
7.84,58,60,68
7.86,71,72,81
7.88,66,60,61
7.9,61,55,60
7.92,63,56,57
7.94,59,66,64
7.96,51,60,54
7.98,60,51,83
8,59,56,72
8.02,50,56,63
8.04,66,69,61
8.06,63,64,57
8.08,56,54,65
8.1,68,68,42
8.12,57,57,57
8.14,69,66,53
8.16,47,66,60
8.18,76,56,65
8.2,63,53,47
8.22,53,46,42
8.24,65,54,51
8.26,58,55,51
8.28,46,50,47
8.3,53,52,66
8.32,65,50,52
8.34,66,51,67
8.36,50,45,49
8.38,51,58,47
8.4,54,54,52
8.42,58,47,70
8.44,50,54,59
8.46,45,59,61
8.48,51,53,62
8.5,65,49,63
8.52,72,53,56
8.54,51,46,55
8.56,51,60,59
8.58,57,65,61
8.6,47,51,56
8.62,52,49,54
8.64,49,50,57
8.66,48,46,41
8.68,57,49,46
8.7,47,59,45
8.72,53,53,67
8.74,50,68,31
8.76,52,58,65
8.78,57,60,52
8.8,54,52,55
8.82,44,64,54
8.84,44,52,42
8.86,48,49,56
8.88,48,39,42
8.9,50,44,48
8.92,52,46,45
8.94,51,54,45
8.96,49,52,45
8.98,45,39,61
9,39,51,58
9.02,52,39,52
9.04,41,45,47
9.06,46,42,37
9.08,52,37,53
9.1,51,50,41
9.12,59,35,40
9.14,48,44,48
9.16,46,46,55
9.18,52,56,47
9.2,50,50,41
9.22,52,34,48
9.24,55,36,55
9.26,55,45,46
9.28,41,46,45
9.3,53,51,43
9.32,36,41,58
9.34,49,43,44
9.36,41,40,37
9.38,41,37,41
9.4,52,50,49
9.42,42,40,48
9.44,56,59,36
9.46,46,42,38
9.48,45,40,46
9.5,46,44,39
9.52,43,37,43
9.54,46,35,42
9.56,33,46,43
9.58,29,33,41
9.6,50,49,50
9.62,56,44,44
9.64,35,42,38
9.66,45,36,37
9.68,62,39,34
9.7,49,49,30
9.72,36,36,39
9.74,29,35,42
9.76,46,52,53
9.78,30,43,24
9.8,51,44,39
9.82,44,31,38
9.84,42,35,51
9.86,37,41,36
9.88,53,56,31
9.9,37,32,50
9.92,36,39,42
9.94,43,37,43
9.96,40,33,43
9.98,52,44,29
10,42,39,38
10.02,38,31,42
10.04,35,52,44
10.06,38,53,44
10.08,46,42,24
10.1,28,43,45
10.12,38,31,36
10.14,31,39,43
10.16,38,34,45
10.18,37,46,37
10.2,46,41,29
10.22,31,39,32
10.24,42,25,44
10.26,32,30,20
10.28,43,41,34
10.3,30,42,36
10.32,36,49,48
10.34,33,43,37
10.36,33,39,39
10.38,38,37,36
10.4,40,45,42
10.42,35,43,42
10.44,32,34,33
10.46,32,36,45
10.48,43,42,32
10.5,32,35,32
10.52,25,23,30
10.54,37,40,26
10.56,38,50,39
10.58,27,34,20
10.6,39,37,45
10.62,16,29,29
10.64,25,34,40
10.66,30,37,33
10.68,42,38,33
10.7,28,33,30
10.72,31,28,36
10.74,28,35,27
10.76,27,36,26
10.78,26,30,34
10.8,19,32,23
10.82,36,38,36
10.84,31,28,32
10.86,29,40,31
10.88,27,34,45
10.9,26,39,42
10.92,27,25,27
10.94,41,31,30
10.96,42,31,37
10.98,35,33,30
11,40,29,30
11.02,28,47,37
11.04,31,21,23
11.06,24,26,25
11.08,27,36,30
11.1,32,28,39
11.12,32,35,27
11.14,33,39,26
11.16,21,27,27
11.18,23,30,32
11.2,21,34,25
11.22,23,27,29
11.24,30,32,17
11.26,29,26,40
11.28,34,27,38
11.3,33,28,25
11.32,31,32,34
11.34,30,34,25
11.36,32,34,37
11.38,30,22,23
11.4,31,31,28
11.42,28,20,19
11.44,33,26,24
11.46,39,24,22
11.48,28,30,26
11.5,31,22,34
11.52,31,27,20
11.54,35,24,20
11.56,24,24,30
11.58,24,18,25
11.6,29,21,32
11.62,30,33,25
11.64,19,39,24
11.66,22,23,23
11.68,33,30,25
11.7,27,26,27
11.72,20,26,24
11.74,27,29,32
11.76,26,27,28
11.78,42,29,22
11.8,24,23,31
11.82,22,21,30
11.84,26,24,18
11.86,41,26,17
11.88,37,16,21
11.9,17,31,33
11.92,14,27,23
11.94,24,28,17
11.96,22,14,23
11.98,23,25,23
12,16,26,33
12.02,39,17,16
12.04,26,25,32
12.06,22,19,20
12.08,20,24,23
12.1,19,16,31
12.12,25,33,25
12.14,15,21,27
12.16,31,16,31
12.18,21,19,23
12.2,25,20,23
12.22,26,13,25
12.24,18,20,14
12.26,17,17,27
12.28,33,26,27
12.3,23,16,25
12.32,20,17,21
12.34,20,24,20
12.36,23,26,20
12.38,23,23,22
12.4,19,17,22
12.42,21,31,18
12.44,26,33,19
12.46,26,21,20
12.48,19,14,15
12.5,17,20,17
12.52,28,21,19
12.54,17,18,22
12.56,17,22,21
12.58,24,22,15
12.6,26,18,18
12.62,17,20,19
12.64,26,18,20
12.66,24,31,21
12.68,17,17,28
12.7,16,14,11
12.72,16,24,18
12.74,18,23,24
12.76,24,16,25
12.78,18,22,24
12.8,22,25,19
12.82,17,17,17
12.84,11,31,19
12.86,22,21,26
12.88,13,24,19
12.9,15,19,13
12.92,15,16,18
12.94,17,22,16
12.96,16,24,11
12.98,17,29,19
13,16,32,16
13.02,17,17,12
13.04,19,22,24
13.06,26,25,21
13.08,14,14,17
13.1,17,11,20
13.12,20,19,20
13.14,16,13,22
13.16,19,19,23
13.18,15,10,24
13.2,22,17,22
13.22,22,21,14
13.24,15,22,22
13.26,20,20,17
13.28,27,18,17
13.3,15,20,22
13.32,8,21,12
13.34,8,17,17
13.36,16,18,17
13.38,19,25,19
13.4,14,13,14
13.42,13,23,17
13.44,12,9,14
13.46,18,14,12
13.48,25,24,15
13.5,14,20,15
13.52,10,13,15
13.54,15,21,14
13.56,18,13,10
13.58,19,10,21
13.6,20,13,20
13.62,12,20,18
13.64,11,12,14
13.66,18,19,7
13.68,13,17,23
13.7,25,10,8
13.72,14,16,12
13.74,14,11,21
13.76,13,18,13
13.78,15,21,13
13.8,14,23,25
13.82,12,15,15
13.84,16,28,18
13.86,13,9,16
13.88,12,20,6
13.9,18,13,14
13.92,12,14,5
13.94,18,24,21
13.96,18,11,8
13.98,23,10,10
14,13,18,23
14.02,15,19,14
14.04,12,10,19
14.06,17,12,13
14.08,13,13,17
14.1,20,15,15
14.12,20,16,18
14.14,10,20,8
14.16,15,10,15
14.18,15,17,16
14.2,15,19,12
14.22,8,10,20
14.24,12,13,18
14.26,13,17,8
14.28,9,14,8
14.3,11,15,12
14.32,12,11,13
14.34,11,15,9
14.36,13,11,9
14.38,15,17,9
14.4,12,23,14
14.42,10,18,23
14.44,9,12,15
14.46,13,11,9
14.48,13,6,14
14.5,19,11,16
14.52,19,10,10
14.54,13,13,16
14.56,17,7,8
14.58,14,21,14
14.6,18,16,15
14.62,10,10,10
14.64,15,12,12
14.66,13,8,15
14.68,13,7,13
14.7,11,13,15
14.72,13,14,17
14.74,16,11,13
14.76,14,13,9
14.78,16,24,5
14.8,10,17,7
14.82,10,12,15
14.84,14,15,14
14.86,15,17,9
14.88,16,10,11
14.9,13,9,13
14.92,7,13,12
14.94,10,10,11
14.96,11,14,16
14.98,14,15,13
15,10,14,10
15.02,8,9,7
15.04,7,16,11
15.06,11,16,5
15.08,13,6,16
15.1,8,21,7
15.12,11,12,13
15.14,20,9,14
15.16,9,6,9
15.18,9,15,14
15.2,11,9,10
15.22,12,12,7
15.24,8,14,12
15.26,14,9,6
15.28,8,10,13
15.3,21,9,9
15.32,12,7,14
15.34,12,17,10
15.36,10,21,6
15.38,9,9,11
15.4,9,8,12
15.42,11,12,9
15.44,12,8,13
15.46,5,11,6
15.48,12,9,8
15.5,12,14,14
15.52,7,13,9
15.54,7,10,7
15.56,7,8,11
15.58,6,8,15
15.6,16,13,12
15.62,11,9,15
15.64,10,8,10
15.66,8,6,8
15.68,11,16,9
15.7,13,6,10
15.72,9,7,11
15.74,14,12,12
15.76,6,8,10
15.78,9,12,7
15.8,5,9,17
15.82,5,3,8
15.84,11,10,9
15.86,16,13,10
15.88,5,10,15
15.9,13,4,6
15.92,9,6,9
15.94,7,8,6
15.96,7,6,8
15.98,5,10,10
16,9,10,8
16.02,9,9,9
16.04,14,14,8
16.06,10,14,6
16.08,4,6,7
16.1,7,9,8
16.12,4,11,10
16.14,4,10,12
16.16,8,7,13
16.18,14,14,9
16.2,11,9,10
16.22,7,4,8
16.24,12,9,7
16.26,9,10,10
16.28,9,14,12
16.3,6,8,12
16.32,11,10,16
16.34,8,10,7
16.36,7,8,8
16.38,5,8,10
16.4,1,10,6
16.42,9,5,9
16.44,7,11,3
16.46,9,10,11
16.48,11,5,7
16.5,4,10,12
16.52,7,11,7
16.54,7,11,12
16.56,5,10,12
16.58,6,5,13
16.6,10,5,8
16.62,6,9,7
16.64,9,5,12
16.66,10,6,4
16.68,9,5,8
16.7,8,5,9
16.72,3,12,8
16.74,12,8,2
16.76,7,5,5
16.78,5,6,4
16.8,11,4,8
16.82,8,7,8
16.84,8,5,11
16.86,5,4,9
16.88,3,13,5
16.9,8,7,6
16.92,7,4,9
16.94,4,3,8
16.96,7,4,7
16.98,12,10,8
17,7,1,7
17.02,2,10,4
17.04,6,4,5
17.06,6,9,5
17.08,6,6,12
17.1,10,2,3
17.12,8,7,9
17.14,5,4,2
17.16,6,4,11
17.18,8,4,7
17.2,7,11,9
17.22,6,5,7
17.24,8,8,4
17.26,6,5,8
17.28,5,6,7
17.3,6,2,2
17.32,5,6,5
17.34,5,1,16
17.36,4,8,3
17.38,11,8,2
17.4,7,4,5
17.42,6,2,6
17.44,5,1,9
17.46,3,8,11
17.48,1,9,5
17.5,8,12,7
17.52,4,5,4
17.54,5,4,1
17.56,10,4,2
17.58,9,6,5
17.6,7,5,9
17.62,5,7,5
17.64,6,5,12
17.66,9,11,6
17.68,3,3,7
17.7,6,5,5
17.72,6,7,4
17.74,3,3,7
17.76,3,7,5
17.78,1,4,1
17.8,5,3,7
17.82,2,4,2
17.84,3,7,1
17.86,6,6,4
17.88,7,5,5
17.9,8,7,12
17.92,3,4,6
17.94,2,3,4
17.96,2,4,7
17.98,3,8,4
18,10,2,6
18.02,2,3,9
18.04,5,2,9
18.06,3,3,0
18.08,9,5,4
18.1,7,8,5
18.12,2,8,2
18.14,10,4,4
18.16,7,1,4
18.18,6,5,9
18.2,13,4,4
18.22,5,2,6
18.24,4,2,4
18.26,8,3,7
18.28,3,1,5
18.3,2,5,14
18.32,7,2,5
18.34,7,4,4
18.36,2,4,1
18.38,7,6,3
18.4,5,3,4
18.42,1,7,5
18.44,6,7,2
18.46,11,2,6
18.48,5,4,3
18.5,7,9,6
18.52,5,5,4
18.54,5,9,7
18.56,3,4,6
18.58,4,8,5
18.6,5,2,2
18.62,5,5,1
18.64,7,5,3
18.66,2,6,4
18.68,5,9,5
18.7,6,4,4
18.72,6,9,6
18.74,0,6,2
18.76,3,3,6
18.78,4,6,6
18.8,8,1,5
18.82,4,8,5
18.84,5,2,5
18.86,6,4,5
18.88,1,5,5
18.9,2,3,4
18.92,4,7,5
18.94,0,3,3
18.96,3,4,4
18.98,2,7,5
19,1,2,0
19.02,3,1,4
19.04,3,5,3
19.06,6,2,5
19.08,4,5,2
19.1,3,6,0
19.12,9,5,1
19.14,2,4,7
19.16,1,6,5
19.18,2,4,3
19.2,2,1,6
19.22,3,2,7
19.24,2,3,7
19.26,2,2,2
19.28,2,0,2
19.3,3,6,1
19.32,2,1,3
19.34,4,6,5
19.36,4,5,6
19.38,3,4,3
19.4,5,3,8
19.42,8,6,6
19.44,2,2,5
19.46,6,4,4
19.48,0,6,9
19.5,2,5,3
19.52,3,0,5
19.54,3,4,0
19.56,3,3,2
19.58,2,6,2
19.6,2,1,3
19.62,2,1,1
19.64,7,2,4
19.66,2,2,3
19.68,2,2,4
19.7,5,7,3
19.72,2,6,8
19.74,4,2,2
19.76,3,2,3
19.78,2,2,5
19.8,3,1,4
19.82,5,2,4
19.84,2,4,2
19.86,6,2,3
19.88,4,2,1
19.9,4,4,2
19.92,4,5,2
19.94,1,4,7
19.96,0,6,5
19.98,2,4,2
20,1,2,5
20.02,5,4,2
20.04,2,1,2
20.06,1,5,3
20.08,3,1,3
20.1,3,1,4
20.12,3,9,6
20.14,10,6,3
20.16,3,2,2
20.18,3,2,4
20.2,4,3,1
20.22,2,2,2
20.24,2,0,6
20.26,4,1,4
20.28,5,3,3
20.3,6,4,0
20.32,5,4,1
20.34,4,4,3
20.36,0,4,2
20.38,1,3,4
20.4,2,1,3
20.42,5,1,2
20.44,0,3,6
20.46,1,0,1
20.48,0,1,2
20.5,3,2,4
20.52,4,5,2
20.54,5,1,2
20.56,2,1,2
20.58,5,2,5
20.6,2,2,2
20.62,3,2,1
20.64,4,1,3
20.66,1,3,1
20.68,4,1,3
20.7,3,2,4
20.72,1,4,4
20.74,7,1,1
20.76,4,0,4
20.78,1,3,0
20.8,7,0,6
20.82,1,3,6
20.84,1,1,2
20.86,6,0,0
20.88,1,0,1
20.9,5,3,1
20.92,3,5,1
20.94,1,1,1
20.96,2,3,1
20.98,7,3,3
21,5,2,4
21.02,2,1,6
21.04,3,3,3
21.06,3,0,4
21.08,5,6,3
21.1,4,2,1
21.12,2,1,2
21.14,0,0,0
21.16,3,2,1
21.18,2,1,1
21.2,5,2,5
21.22,2,1,3
21.24,1,3,3
21.26,0,1,2
21.28,2,4,3
21.3,3,5,3
21.32,3,7,0
21.34,2,4,2
21.36,1,5,1
21.38,1,3,1
21.4,1,6,2
21.42,1,1,4
21.44,2,5,1
21.46,1,2,6
21.48,4,4,4
21.5,3,3,4
21.52,3,2,5
21.54,4,4,5
21.56,1,4,1
21.58,1,0,2
21.6,1,1,2
21.62,2,1,1
21.64,2,2,0
21.66,2,2,5
21.68,1,4,4
21.7,3,1,0
21.72,0,3,2
21.74,3,2,0
21.76,1,4,1
21.78,0,0,4
21.8,1,1,0
21.82,1,0,4
21.84,0,1,3
21.86,1,2,1
21.88,2,1,3
21.9,2,1,2
21.92,1,1,2
21.94,2,3,1
21.96,2,1,1
21.98,0,1,5
22,2,0,2
22.02,2,1,0
22.04,1,0,0
22.06,1,1,2
22.08,7,1,4
22.1,4,1,3
22.12,0,4,1
22.14,1,1,1
22.16,1,0,1
22.18,1,2,2
22.2,2,2,2
22.22,1,3,2
22.24,3,0,0
22.26,1,3,2
22.28,1,3,0
22.3,5,3,1
22.32,2,2,4
22.34,0,1,3
22.36,3,2,2
22.38,1,1,0
22.4,0,2,2
22.42,2,5,1
22.44,4,1,0
22.46,1,2,1
22.48,0,1,0
22.5,3,0,3
22.52,1,3,1
22.54,2,4,2
22.56,0,2,1
22.58,1,2,4
22.6,1,3,1
22.62,0,1,1
22.64,1,1,0
22.66,0,0,1
22.68,2,1,1
22.7,3,3,1
22.72,3,6,0
22.74,3,1,3
22.76,2,0,0
22.78,2,2,5
22.8,3,0,2
22.82,2,1,0
22.84,4,5,3
22.86,1,2,2
22.88,1,2,1
22.9,2,0,0
22.92,0,3,1
22.94,2,1,3
22.96,7,0,1
22.98,2,1,2
23,0,2,3
23.02,2,3,1
23.04,1,0,2
23.06,0,1,1
23.08,1,0,0
23.1,4,2,1
23.12,1,0,0
23.14,2,2,1
23.16,2,1,0
23.18,0,1,0
23.2,1,1,1
23.22,0,1,0
23.24,3,3,1
23.26,1,2,1
23.28,2,0,1
23.3,0,1,1
23.32,0,5,0
23.34,0,1,0
23.36,0,2,3
23.38,0,2,2
23.4,0,0,0
23.42,1,2,1
23.44,3,2,1
23.46,0,3,3
23.48,0,0,0
23.5,1,2,1
23.52,5,0,1
23.54,0,4,2
23.56,6,1,2
23.58,2,1,0
23.6,0,2,0
23.62,3,0,0
23.64,1,1,0
23.66,0,1,3
23.68,1,2,0
23.7,1,0,0
23.72,0,1,1
23.74,1,1,3
23.76,0,0,2
23.78,1,0,4
23.8,2,0,2
23.82,2,0,1
23.84,0,2,2
23.86,3,0,0
23.88,1,0,1
23.9,1,3,0
23.92,2,1,2
23.94,1,3,1
23.96,0,3,0
23.98,3,1,0
24,2,3,0
24.02,1,4,0
24.04,0,2,1
24.06,0,3,2
24.08,1,1,3
24.1,0,0,1
24.12,0,1,2
24.14,3,0,0
24.16,0,2,0
24.18,0,1,2
24.2,0,0,0
24.22,0,1,0
24.24,2,1,1
24.26,0,2,0
24.28,1,0,0
24.3,1,1,0
24.32,2,0,0
24.34,1,0,0
24.36,2,1,2
24.38,1,2,2
24.4,0,2,3
24.42,1,0,1
24.44,3,2,1
24.46,0,0,3
24.48,0,0,0
24.5,0,2,0
24.52,3,0,1
24.54,0,0,2
24.56,0,1,0
24.58,0,1,0
24.6,1,0,0
24.62,2,1,0
24.64,0,2,0
24.66,1,3,0
24.68,0,1,2
24.7,2,1,0
24.72,0,1,1
24.74,1,0,1
24.76,1,0,0
24.78,0,1,1
24.8,0,0,2
24.82,0,0,0
24.84,0,0,0
24.86,1,0,3
24.88,1,0,1
24.9,1,0,0
24.92,0,0,0
24.94,0,1,0
24.96,0,0,0
24.98,1,1,0
25,1,0,0
25.02,0,1,2
25.04,1,1,1
25.06,2,0,0
25.08,1,0,1
25.1,1,1,0
25.12,0,2,1
25.14,0,2,0
25.16,2,3,3
25.18,1,1,2
25.2,0,1,1
25.22,0,0,1
25.24,1,1,3
25.26,2,0,1
25.28,1,0,0
25.3,1,1,1
25.32,0,0,0
25.34,1,0,3
25.36,1,0,0
25.38,0,2,0
25.4,0,1,0
25.42,0,3,0
25.44,2,0,1
25.46,0,1,4
25.48,1,1,0
25.5,0,0,1
25.52,0,0,1
25.54,0,0,1
25.56,1,0,1
25.58,0,0,1
25.6,0,1,2
25.62,0,1,0
25.64,2,0,1
25.66,1,1,1
25.68,0,0,1
25.7,0,1,1
25.72,1,4,1
25.74,2,0,0
25.76,0,0,0
25.78,2,1,1
25.8,1,3,2
25.82,2,2,0
25.84,1,2,2
25.86,1,0,1
25.88,0,0,2
25.9,0,1,0
25.92,0,1,1
25.94,0,0,0
25.96,0,1,0
25.98,1,1,0
26,1,0,1
26.02,0,0,2
26.04,0,1,0
26.06,0,0,0
26.08,1,0,0
26.1,0,2,0
26.12,0,1,3
26.14,0,1,1
26.16,4,0,0
26.18,1,0,2
26.2,1,0,1
26.22,0,2,1
26.24,0,0,0
26.26,0,1,0
26.28,1,0,1
26.3,1,0,3
26.32,2,0,1
26.34,0,1,2
26.36,0,0,0
26.38,2,1,1
26.4,1,0,0
26.42,2,0,1
26.44,1,0,1
26.46,2,0,0
26.48,0,0,0
26.5,0,0,1
26.52,1,0,0
26.54,1,1,0
26.56,0,1,0
26.58,1,1,0
26.6,4,0,0
26.62,0,0,1
26.64,2,2,0
26.66,0,0,0
26.68,0,0,0
26.7,4,1,1
26.72,0,1,0
26.74,1,1,1
26.76,3,0,2
26.78,0,1,0
26.8,0,0,0
26.82,0,0,1
26.84,0,0,1
26.86,1,1,0
26.88,1,0,0
26.9,0,0,0
26.92,1,1,0
26.94,2,2,0
26.96,0,0,0
26.98,2,0,0
27,0,0,0
27.02,1,0,0
27.04,0,1,1
27.06,0,1,0
27.08,1,1,0
27.1,2,1,1
27.12,0,1,1
27.14,0,1,0
27.16,0,0,0
27.18,2,0,0
27.2,0,1,0
27.22,1,2,0
27.24,0,0,0
27.26,1,0,0
27.28,1,0,0
27.3,1,0,0
27.32,1,3,0
27.34,0,1,0
27.36,0,0,0
27.38,1,1,0
27.4,0,0,0
27.42,0,0,1
27.44,1,0,0
27.46,1,0,0
27.48,2,1,0
27.5,0,0,0
27.52,0,0,0
27.54,0,0,0
27.56,1,2,0
27.58,0,0,0
27.6,1,0,1
27.62,0,0,0
27.64,2,0,0
27.66,1,0,0
27.68,1,0,0
27.7,0,0,3
27.72,0,0,0
27.74,0,3,1
27.76,1,2,0
27.78,3,0,0
27.8,0,0,0
27.82,1,0,1
27.84,2,1,0
27.86,1,0,0
27.88,0,0,0
27.9,1,0,0
27.92,0,2,3
27.94,0,0,0
27.96,0,0,2
27.98,0,0,0
28,0,0,0
28.02,0,3,0
28.04,2,1,0
28.06,0,1,0
28.08,1,0,0
28.1,0,0,1
28.12,0,0,0
28.14,0,1,0
28.16,1,1,1
28.18,0,4,0
28.2,0,2,0
28.22,1,0,1
28.24,1,0,1
28.26,1,0,2
28.28,1,0,0
28.3,0,1,0
28.32,0,0,0
28.34,1,1,1
28.36,1,0,1
28.38,0,0,1
28.4,2,0,0
28.42,0,0,0
28.44,0,0,0
28.46,0,1,0
28.48,0,0,1
28.5,0,0,0
28.52,0,1,0
28.54,1,0,0
28.56,1,0,0
28.58,0,0,0
28.6,2,2,0
28.62,0,0,0
28.64,1,0,1
28.66,2,0,0
28.68,0,0,0
28.7,0,1,2
28.72,0,1,0
28.74,0,1,1
28.76,0,0,1
28.78,0,0,0
28.8,0,0,0
28.82,0,0,0
28.84,0,0,0
28.86,0,0,0
28.88,0,2,0
28.9,0,0,0
28.92,0,0,0
28.94,0,0,0
28.96,0,0,0
28.98,1,0,0
29,2,0,1
29.02,0,0,0
29.04,0,0,0
29.06,1,0,1
29.08,0,0,0
29.1,1,1,0
29.12,0,0,0
29.14,0,0,0
29.16,0,1,0
29.18,0,1,0
29.2,2,0,0
29.22,0,0,0
29.24,0,1,0
29.26,1,0,0
29.28,0,0,0
29.3,0,1,0
29.32,0,0,2
29.34,0,0,0
29.36,0,1,0
29.38,0,0,0
29.4,0,0,0
29.42,0,0,0
29.44,0,2,0
29.46,0,0,1
29.48,1,1,0
29.5,0,1,1
29.52,0,0,0
29.54,0,0,0
29.56,1,1,0
29.58,1,0,0
29.6,0,0,0
29.62,1,1,0
29.64,1,1,0
29.66,1,0,0
29.68,0,0,1
29.7,0,0,0
29.72,1,0,0
29.74,1,0,0
29.76,0,0,0
29.78,0,1,0
29.8,1,2,1
29.82,0,0,0
29.84,2,0,0
29.86,0,0,0
29.88,0,0,0
29.9,1,0,0
29.92,1,0,0
29.94,0,0,0
29.96,0,0,0
29.98,1,0,0
30,0,1,0
30.02,0,1,0
30.04,0,0,0
30.06,0,0,1
30.08,0,0,2
30.1,0,0,0
30.12,0,0,3
30.14,0,0,0
30.16,0,0,0
30.18,2,0,0
30.2,0,1,0
30.22,0,0,0
30.24,0,0,0
30.26,1,0,0
30.28,1,1,1
30.3,1,0,0
30.32,0,0,0
30.34,0,0,0
30.36,0,0,0
30.38,0,1,0
30.4,0,0,0
30.42,1,0,0
30.44,0,0,0
30.46,0,1,0
30.48,0,0,0
30.5,0,0,0
30.52,1,0,1
30.54,0,0,0
30.56,0,0,1
30.58,0,0,0
30.6,0,0,2
30.62,0,2,0
30.64,0,0,0
30.66,0,0,0
30.68,0,0,0
30.7,0,0,1
30.72,0,0,0
30.74,0,0,0
30.76,0,1,0
30.78,0,2,0
30.8,0,0,0
30.82,0,2,0
30.84,0,0,0
30.86,0,0,0
30.88,1,0,0
30.9,0,0,0
30.92,0,0,0
30.94,0,0,0
30.96,0,0,1
30.98,1,0,0
31,0,1,1
31.02,0,0,0
31.04,0,0,0
31.06,0,0,0
31.08,1,0,0
31.1,0,0,1
31.12,0,1,0
31.14,0,0,0
31.16,0,0,0
31.18,0,0,0
31.2,0,0,0
31.22,0,1,0
31.24,0,1,0
31.26,0,0,0
31.28,0,0,0
31.3,0,0,0
31.32,0,1,1
31.34,0,0,0
31.36,0,0,0
31.38,0,0,1
31.4,0,0,0
31.42,0,0,0
31.44,1,0,0
31.46,0,0,0
31.48,1,0,0
31.5,0,0,1
31.52,0,0,0
31.54,0,0,0
31.56,0,0,0
31.58,0,0,0
31.6,0,0,0
31.62,0,1,0
31.64,0,0,0
31.66,0,0,0
31.68,1,0,1
31.7,0,0,0
31.72,0,0,1
31.74,1,0,0
31.76,1,1,0
31.78,0,1,0
31.8,1,0,0
31.82,1,1,0
31.84,0,0,0
31.86,0,0,1
31.88,0,0,1
31.9,0,0,0
31.92,0,0,0
31.94,0,2,0
31.96,0,0,0
31.98,0,0,1
32,0,0,0
32.02,0,1,0
32.04,0,0,0
32.06,0,0,1
32.08,0,0,0
32.1,0,1,1
32.12,0,1,0
32.14,2,1,0
32.16,1,0,0
32.18,0,0,0
32.2,0,0,0
32.22,1,0,0
32.24,0,0,0
32.26,0,0,0
32.28,0,0,0
32.3,0,0,0
32.32,0,0,0
32.34,0,0,0
32.36,0,1,0
32.38,0,1,0
32.4,0,0,0
32.42,0,0,0
32.44,1,1,0
32.46,0,1,0
32.48,1,0,2
32.5,0,0,1
32.52,0,0,0
32.54,0,1,0
32.56,0,0,0
32.58,0,0,0
32.6,0,0,1
32.62,0,0,0
32.64,0,0,0
32.66,1,0,1
32.68,1,0,0
32.7,0,0,0
32.72,0,0,0
32.74,0,0,0
32.76,0,0,0
32.78,1,0,2
32.8,0,1,0
32.82,0,0,0
32.84,0,0,0
32.86,0,0,0
32.88,1,0,0
32.9,0,3,1
32.92,0,0,0
32.94,0,0,0
32.96,0,1,0
32.98,0,0,0
33,0,0,0
33.02,0,0,0
33.04,0,0,0
33.06,0,0,0
33.08,0,0,1
33.1,0,0,0
33.12,0,0,0
33.14,2,0,0
33.16,1,0,0
33.18,0,0,0
33.2,0,0,0
33.22,0,0,1
33.24,0,0,0
33.26,0,0,0
33.28,0,0,0
33.3,0,0,1
33.32,0,0,1
33.34,0,0,0
33.36,0,0,0
33.38,0,0,0
33.4,0,0,0
33.42,0,0,0
33.44,0,0,0
33.46,0,0,0
33.48,0,0,0
33.5,0,0,0
33.52,0,0,1
33.54,0,0,0
33.56,1,0,0
33.58,0,0,0
33.6,0,0,0
33.62,0,1,0
33.64,0,1,0
33.66,0,0,0
33.68,0,1,0
33.7,1,0,0
33.72,0,0,0
33.74,0,0,0
33.76,0,0,0
33.78,0,0,0
33.8,0,0,0
33.82,0,0,0
33.84,0,0,0
33.86,1,0,0
33.88,0,0,0
33.9,0,0,0
33.92,0,0,1
33.94,0,0,0
33.96,0,0,0
33.98,0,0,0
34,0,0,2
34.02,0,0,0
34.04,0,0,1
34.06,0,0,0
34.08,0,0,0
34.1,0,0,1
34.12,0,0,0
34.14,0,1,0
34.16,0,0,0
34.18,0,0,0
34.2,0,0,1
34.22,1,0,0
34.24,0,0,0
34.26,0,0,0
34.28,0,0,0
34.3,0,0,0
34.32,0,0,0
34.34,0,0,0
34.36,0,0,0
34.38,0,0,0
34.4,0,0,0
34.42,0,1,0
34.44,0,0,1
34.46,0,0,0
34.48,0,0,0
34.5,0,0,2
34.52,0,0,0
34.54,0,0,0
34.56,0,0,0
34.58,0,0,0
34.6,0,0,0
34.62,0,0,0
34.64,0,0,0
34.66,1,0,1
34.68,0,0,0
34.7,0,0,0
34.72,0,0,0
34.74,0,0,0
34.76,0,0,0
34.78,0,0,1
34.8,0,0,0
34.82,0,0,0
34.84,0,1,0
34.86,0,0,0
34.88,0,0,0
34.9,0,0,0
34.92,1,0,0
34.94,0,0,1
34.96,0,0,0
34.98,0,1,0
35,0,0,0
35.02,0,0,0
35.04,0,0,0
35.06,0,0,0
35.08,0,0,0
35.1,0,0,0
35.12,0,0,0
35.14,0,0,0
35.16,0,1,0
35.18,0,0,0
35.2,0,0,0
35.22,0,0,0
35.24,0,0,0
35.26,2,1,0
35.28,0,0,0
35.3,0,0,0
35.32,0,0,0
35.34,1,0,0
35.36,1,1,0
35.38,0,0,0
35.4,0,0,0
35.42,0,0,0
35.44,0,0,0
35.46,0,0,0
35.48,0,0,0
35.5,0,0,1
35.52,0,1,0
35.54,0,0,1
35.56,0,0,1
35.58,0,0,0
35.6,0,0,0
35.62,0,0,0
35.64,0,0,0
35.66,0,0,0
35.68,0,0,1
35.7,0,0,1
35.72,0,0,0
35.74,0,0,0
35.76,0,0,0
35.78,0,0,0
35.8,0,1,0
35.82,0,0,0
35.84,0,0,0
35.86,0,0,2
35.88,1,0,0
35.9,0,0,0
35.92,0,0,0
35.94,0,0,0
35.96,0,0,0
35.98,0,0,0
36,0,0,0
36.02,1,0,1
36.04,0,0,0
36.06,0,0,0
36.08,0,0,0
36.1,0,0,0
36.12,0,0,0
36.14,0,0,0
36.16,0,0,0
36.18,0,0,0
36.2,0,0,0
36.22,2,0,1
36.24,0,0,0
36.26,0,0,0
36.28,0,0,0
36.3,0,0,0
36.32,0,0,0
36.34,1,0,0
36.36,0,2,1
36.38,0,2,0
36.4,0,0,0
36.42,0,0,0
36.44,0,0,0
36.46,0,0,0
36.48,0,0,0
36.5,0,0,0
36.52,0,0,0
36.54,0,0,0
36.56,0,0,0
36.58,0,0,0
36.6,0,0,0
36.62,0,0,0
36.64,0,0,0
36.66,0,0,0
36.68,0,0,0
36.7,0,0,0
36.72,0,0,0
36.74,0,1,0
36.76,1,0,0
36.78,0,0,1
36.8,0,1,0
36.82,0,1,0
36.84,0,0,1
36.86,0,0,0
36.88,0,0,1
36.9,0,2,0
36.92,0,0,0
36.94,0,0,0
36.96,0,0,0
36.98,0,0,0
37,0,1,0
37.02,0,1,0
37.04,0,0,0
37.06,0,0,0
37.08,0,0,0
37.1,0,0,0
37.12,0,0,0
37.14,1,0,0
37.16,2,0,0
37.18,0,0,0
37.2,0,0,0
37.22,0,0,2
37.24,1,0,3
37.26,0,0,1
37.28,0,0,0
37.3,0,0,0
37.32,1,0,0
37.34,0,0,0
37.36,0,0,0
37.38,0,0,0
37.4,0,0,0
37.42,0,0,0
37.44,0,0,0
37.46,0,0,0
37.48,0,0,1
37.5,0,0,0
37.52,0,0,0
37.54,0,0,0
37.56,0,0,0
37.58,0,0,0
37.6,0,0,0
37.62,0,0,0
37.64,0,0,0
37.66,1,0,0
37.68,0,0,0
37.7,1,0,0
37.72,0,0,0
37.74,0,0,0
37.76,1,0,0
37.78,0,0,0
37.8,0,0,0
37.82,0,0,0
37.84,0,0,0
37.86,0,0,0
37.88,0,0,0
37.9,0,0,0
37.92,0,0,0
37.94,0,0,0
37.96,0,0,0
37.98,0,0,0
38,0,0,0
38.02,0,0,0
38.04,0,0,0
38.06,3,0,0
38.08,0,0,0
38.1,0,0,0
38.12,0,0,0
38.14,0,0,0
38.16,0,0,0
38.18,0,0,0
38.2,0,0,0
38.22,0,0,0
38.24,0,0,0
38.26,0,0,0
38.28,0,0,0
38.3,0,0,0
38.32,0,0,1
38.34,0,0,1
38.36,0,0,0
38.38,0,0,0
38.4,0,0,0
38.42,0,0,0
38.44,1,0,0
38.46,0,0,0
38.48,0,0,0
38.5,0,0,0
38.52,1,0,0
38.54,0,0,0
38.56,0,0,0
38.58,0,0,0
38.6,0,0,0
38.62,0,0,0
38.64,0,0,0
38.66,0,0,0
38.68,1,0,1
38.7,0,0,0
38.72,0,0,0
38.74,0,0,0
38.76,0,0,0
38.78,0,0,0
38.8,1,0,0
38.82,0,0,0
38.84,0,0,0
38.86,0,0,0
38.88,0,0,0
38.9,0,0,0
38.92,0,0,0
38.94,0,0,0
38.96,0,0,0
38.98,0,0,0
39,0,0,0
39.02,0,0,1
39.04,0,0,0
39.06,0,0,0
39.08,0,0,0
39.1,1,0,0
39.12,0,0,0
39.14,0,0,0
39.16,0,0,0
39.18,0,0,0
39.2,0,0,0
39.22,0,0,0
39.24,0,0,0
39.26,0,0,0
39.28,0,0,0
39.3,0,0,0
39.32,0,0,0
39.34,0,0,0
39.36,0,1,0
39.38,0,0,0
39.4,0,0,0
39.42,0,0,0
39.44,0,0,0
39.46,0,0,0
39.48,2,0,0
39.5,0,0,0
39.52,0,0,0
39.54,0,0,0
39.56,0,0,0
39.58,0,0,0
39.6,0,0,0
39.62,0,0,0
39.64,0,0,0
39.66,0,0,0
39.68,0,0,0
39.7,0,1,0
39.72,0,1,0
39.74,0,0,0
39.76,0,0,0
39.78,0,0,0
39.8,0,0,0
39.82,0,0,0
39.84,0,0,0
39.86,0,0,0
39.88,0,0,0
39.9,0,0,0
39.92,0,0,0
39.94,0,0,0
39.96,0,0,0
39.98,0,0,2
40,0,0,0
40.02,0,0,0
40.04,0,0,0
40.06,0,0,0
40.08,0,0,0
40.1,0,0,0
40.12,0,0,0
40.14,0,0,0
40.16,0,0,0
40.18,0,0,0
40.2,0,0,0
40.22,0,0,0
40.24,0,0,1
40.26,0,0,0
40.28,0,0,0
40.3,0,0,0
40.32,0,0,0
40.34,0,0,0
40.36,0,0,0
40.38,0,0,0
40.4,0,0,0
40.42,0,0,0
40.44,0,0,0
40.46,0,0,0
40.48,0,0,0
40.5,0,0,1
40.52,0,1,0
40.54,0,0,0
40.56,0,0,0
40.58,0,0,0
40.6,0,1,0
40.62,0,0,0
40.64,0,0,0
40.66,0,0,0
40.68,0,0,0
40.7,0,0,0
40.72,0,0,0
40.74,0,0,0
40.76,0,0,0
40.78,0,0,0
40.8,0,0,0
40.82,0,1,0
40.84,0,0,0
40.86,0,0,0
40.88,0,0,0
40.9,0,0,0
40.92,0,1,1
40.94,0,0,2
40.96,1,0,0
40.98,0,0,0
41,0,0,0
41.02,0,1,0
41.04,0,1,0
41.06,0,0,0
41.08,0,0,0
41.1,1,0,0
41.12,0,1,0
41.14,0,0,0
41.16,1,0,0
41.18,1,0,0
41.2,0,0,0
41.22,0,0,0
41.24,0,0,1
41.26,0,0,0
41.28,0,0,0
41.3,0,0,0
41.32,0,0,0
41.34,0,0,0
41.36,0,0,0
41.38,0,0,0
41.4,0,0,0
41.42,0,0,0
41.44,0,0,0
41.46,0,0,0
41.48,0,0,0
41.5,0,0,0
41.52,1,0,0
41.54,1,1,0
41.56,0,0,0
41.58,0,0,0
41.6,0,0,0
41.62,0,0,0
41.64,0,0,0
41.66,0,0,0
41.68,0,0,0
41.7,0,0,0
41.72,0,0,0
41.74,0,0,0
41.76,0,0,0
41.78,0,0,0
41.8,0,0,0
41.82,0,0,0
41.84,0,0,0
41.86,0,0,0
41.88,0,0,1
41.9,0,0,0
41.92,0,0,0
41.94,0,0,0
41.96,0,0,0
41.98,0,0,0
42,0,0,0
42.02,1,0,0
42.04,0,0,0
42.06,0,0,0
42.08,1,0,0
42.1,0,0,0
42.12,0,0,0
42.14,0,0,0
42.16,1,0,0
42.18,0,0,0
42.2,0,0,0
42.22,0,0,0
42.24,0,0,0
42.26,0,0,0
42.28,0,0,0
42.3,1,0,0
42.32,1,0,0
42.34,0,0,0
42.36,0,0,0
42.38,0,0,0
42.4,1,0,0
42.42,0,0,0
42.44,0,0,0
42.46,0,0,0
42.48,1,0,1
42.5,0,0,0
42.52,0,0,1
42.54,0,0,0
42.56,1,0,0
42.58,0,0,0
42.6,1,0,0
42.62,0,0,0
42.64,0,0,0
42.66,0,0,0
42.68,1,0,0
42.7,0,0,0
42.72,0,0,0
42.74,0,0,0
42.76,0,0,0
42.78,0,0,0
42.8,0,0,0
42.82,0,0,0
42.84,1,1,0
42.86,0,0,0
42.88,0,0,0
42.9,0,0,0
42.92,0,0,0
42.94,0,0,0
42.96,0,0,0
42.98,0,0,0
43,0,0,0
43.02,0,0,0
43.04,0,0,1
43.06,0,0,0
43.08,0,0,0
43.1,0,0,0
43.12,0,0,0
43.14,0,0,1
43.16,0,0,0
43.18,0,0,1
43.2,0,0,0
43.22,0,0,0
43.24,0,0,0
43.26,0,0,0
43.28,0,0,0
43.3,0,0,0
43.32,0,0,0
43.34,0,0,0
43.36,0,0,0
43.38,0,2,0
43.4,0,0,0
43.42,0,0,0
43.44,0,0,0
43.46,0,0,0
43.48,0,0,0
43.5,2,0,0
43.52,0,0,0
43.54,0,0,0
43.56,0,0,0
43.58,0,0,0
43.6,0,0,0
43.62,0,0,0
43.64,0,0,0
43.66,0,0,0
43.68,1,0,0
43.7,0,0,0
43.72,0,1,0
43.74,0,1,0
43.76,0,0,0
43.78,0,0,0
43.8,0,0,0
43.82,0,0,0
43.84,0,0,0
43.86,0,0,0
43.88,0,0,0
43.9,0,0,0
43.92,0,0,0
43.94,0,0,0
43.96,0,0,0
43.98,0,0,0
44,0,0,0
44.02,0,0,0
44.04,0,0,0
44.06,0,1,0
44.08,0,0,1
44.1,0,0,0
44.12,0,0,0
44.14,0,0,0
44.16,0,0,0
44.18,0,1,0
44.2,0,0,0
44.22,0,0,0
44.24,0,0,0
44.26,0,0,0
44.28,0,0,0
44.3,0,1,0
44.32,0,0,0
44.34,0,1,0
44.36,0,0,0
44.38,0,0,1
44.4,0,0,0
44.42,0,0,1
44.44,0,0,0
44.46,0,0,0
44.48,0,0,0
44.5,0,1,0
44.52,0,0,0
44.54,0,0,0
44.56,0,0,0
44.58,0,0,0
44.6,0,0,0
44.62,0,0,1
44.64,0,0,0
44.66,0,0,0
44.68,0,0,0
44.7,0,0,0
44.72,0,0,0
44.74,0,0,0
44.76,0,0,0
44.78,0,0,0
44.8,0,0,0
44.82,0,0,0
44.84,0,0,0
44.86,0,0,0
44.88,0,0,0
44.9,0,1,1
44.92,0,0,0
44.94,0,0,0
44.96,0,1,0
44.98,0,0,0
45,0,0,0
45.02,0,0,0
45.04,0,0,1
45.06,0,0,0
45.08,0,0,0
45.1,2,0,0
45.12,0,0,0
45.14,0,0,0
45.16,0,0,0
45.18,0,0,0
45.2,0,0,0
45.22,0,0,0
45.24,0,0,0
45.26,0,0,0
45.28,0,0,0
45.3,0,0,0
45.32,0,0,0
45.34,0,0,0
45.36,0,0,0
45.38,0,0,0
45.4,0,0,0
45.42,0,0,0
45.44,0,0,0
45.46,0,0,0
45.48,0,0,0
45.5,0,0,0
45.52,0,0,0
45.54,0,0,0
45.56,0,0,1
45.58,0,0,0
45.6,0,0,0
45.62,0,0,0
45.64,0,0,0
45.66,0,0,1
45.68,0,0,0
45.7,0,0,0
45.72,0,0,0
45.74,1,0,0
45.76,0,0,0
45.78,0,0,0
45.8,0,0,2
45.82,0,0,0
45.84,0,0,0
45.86,0,0,0
45.88,0,0,0
45.9,0,0,0
45.92,0,0,0
45.94,0,0,0
45.96,0,0,0
45.98,2,0,0
46,0,0,0
46.02,0,0,1
46.04,0,0,0
46.06,0,0,0
46.08,0,0,0
46.1,0,0,0
46.12,0,0,0
46.14,0,1,0
46.16,0,0,0
46.18,0,0,0
46.2,0,0,0
46.22,0,0,0
46.24,0,0,0
46.26,0,0,0
46.28,0,0,0
46.3,0,0,0
46.32,0,0,0
46.34,0,0,0
46.36,0,0,0
46.38,0,0,0
46.4,0,0,0
46.42,0,0,0
46.44,0,0,0
46.46,0,0,0
46.48,0,0,0
46.5,1,0,0
46.52,0,0,0
46.54,0,0,0
46.56,0,0,0
46.58,0,0,0
46.6,0,0,1
46.62,0,0,1
46.64,0,0,0
46.66,0,0,0
46.68,1,0,0
46.7,0,0,0
46.72,0,0,0
46.74,0,0,0
46.76,0,0,0
46.78,0,0,0
46.8,0,0,0
46.82,0,0,0
46.84,1,0,0
46.86,0,0,0
46.88,0,0,0
46.9,0,0,0
46.92,0,0,1
46.94,0,0,0
46.96,0,0,0
46.98,0,0,0
47,0,0,0
47.02,0,0,0
47.04,0,1,0
47.06,0,0,0
47.08,0,0,0
47.1,0,0,0
47.12,0,0,0
47.14,0,0,0
47.16,0,0,0
47.18,0,0,1
47.2,0,0,0
47.22,0,0,0
47.24,0,0,0
47.26,0,0,0
47.28,0,0,0
47.3,0,0,0
47.32,1,0,0
47.34,0,0,0
47.36,0,0,0
47.38,0,0,0
47.4,0,0,0
47.42,0,0,1
47.44,0,0,1
47.46,0,0,1
47.48,0,0,0
47.5,0,0,0
47.52,0,0,0
47.54,0,0,0
47.56,0,0,0
47.58,0,0,0
47.6,0,0,0
47.62,0,0,0
47.64,0,0,0
47.66,0,0,0
47.68,0,0,0
47.7,0,0,0
47.72,0,0,0
47.74,0,0,0
47.76,0,0,0
47.78,0,0,0
47.8,0,0,0
47.82,0,0,0
47.84,0,0,0
47.86,0,0,0
47.88,0,0,0
47.9,0,0,0
47.92,0,0,0
47.94,0,0,0
47.96,0,0,0
47.98,0,0,0
48,0,0,0
48.02,0,0,0
48.04,2,0,0
48.06,0,0,0
48.08,0,0,0
48.1,0,0,1
48.12,0,0,0
48.14,0,0,0
48.16,0,0,1
48.18,1,0,0
48.2,0,0,0
48.22,0,0,0
48.24,0,0,0
48.26,0,0,0
48.28,0,0,0
48.3,0,0,1
48.32,0,0,1
48.34,0,0,0
48.36,0,0,0
48.38,0,0,1
48.4,0,0,0
48.42,0,0,0
48.44,0,0,0
48.46,0,0,0
48.48,0,0,0
48.5,0,0,0
48.52,0,0,0
48.54,0,0,0
48.56,0,0,0
48.58,0,0,0
48.6,0,0,0
48.62,0,0,0
48.64,0,0,0
48.66,0,0,0
48.68,0,0,0
48.7,0,0,0
48.72,0,0,0
48.74,0,0,0
48.76,0,0,0
48.78,0,0,0
48.8,0,0,0
48.82,0,0,0
48.84,1,0,0
48.86,1,0,0
48.88,1,0,0
48.9,0,0,0
48.92,0,0,0
48.94,0,0,0
48.96,0,0,0
48.98,0,0,0
49,0,0,0
49.02,0,0,0
49.04,0,0,0
49.06,0,0,0
49.08,0,0,0
49.1,0,0,0
49.12,0,0,0
49.14,0,0,0
49.16,0,0,0
49.18,0,0,0
49.2,0,0,0
49.22,0,0,0
49.24,0,0,0
49.26,0,1,0
49.28,0,0,0
49.3,0,0,0
49.32,0,0,0
49.34,0,0,1
49.36,0,1,0
49.38,0,0,0
49.4,0,0,0
49.42,0,0,0
49.44,0,0,0
49.46,0,0,2
49.48,0,0,0
49.5,0,0,0
49.52,2,0,0
49.54,0,0,0
49.56,0,0,1
49.58,0,0,0
49.6,0,0,0
49.62,0,0,0
49.64,0,0,0
49.66,0,0,0
49.68,0,0,0
49.7,0,1,0
49.72,0,0,0
49.74,0,0,0
49.76,2,0,0
49.78,0,0,0
49.8,0,0,0
49.82,0,0,0
49.84,0,0,0
49.86,0,0,0
49.88,0,0,0
49.9,0,0,0
49.92,0,0,0
49.94,2,0,0
49.96,0,0,1
49.98,0,0,1
50,0,0,0
50.02,0,0,0
50.04,1,0,0
50.06,0,0,0
50.08,0,1,0
50.1,0,0,0
50.12,0,0,0
50.14,0,0,0
50.16,0,0,0
50.18,0,0,0
50.2,0,0,0
50.22,0,0,0
50.24,0,0,0
50.26,0,0,0
50.28,0,0,0
50.3,0,0,0
50.32,0,0,0
50.34,0,0,0
50.36,0,0,0
50.38,0,0,0
50.4,0,0,0
50.42,0,0,0
50.44,0,0,0
50.46,0,0,0
50.48,0,0,0
50.5,0,0,0
50.52,0,0,0
50.54,0,0,0
50.56,0,0,0
50.58,0,0,0
50.6,0,0,0
50.62,0,0,0
50.64,0,0,0
50.66,0,0,0
50.68,0,0,0
50.7,0,0,0
50.72,0,0,0
50.74,0,0,0
50.76,0,0,0
50.78,0,0,1
50.8,0,0,0
50.82,0,0,0
50.84,0,0,0
50.86,0,0,0
50.88,0,0,0
50.9,0,0,0
50.92,0,1,0
50.94,0,0,0
50.96,0,0,0
50.98,0,0,0
51,0,0,0
51.02,0,0,0
51.04,0,0,0
51.06,0,0,0
51.08,0,0,0
51.1,0,0,0
51.12,0,0,0
51.14,0,0,0
51.16,0,0,0
51.18,0,0,0
51.2,0,0,0
51.22,0,0,0
51.24,0,0,0
51.26,0,0,0
51.28,1,0,0
51.3,0,0,0
51.32,0,0,0
51.34,0,0,0
51.36,0,0,0
51.38,0,0,0
51.4,0,0,0
51.42,0,0,0
51.44,0,0,0
51.46,0,0,0
51.48,0,0,0
51.5,0,0,0
51.52,0,0,0
51.54,0,0,0
51.56,0,0,0
51.58,0,0,0
51.6,0,0,0
51.62,0,0,0
51.64,0,0,0
51.66,0,0,0
51.68,0,0,0
51.7,0,0,0
51.72,0,0,0
51.74,0,0,0
51.76,0,0,0
51.78,0,0,0
51.8,0,0,0
51.82,0,0,0
51.84,0,0,0
51.86,0,0,0
51.88,0,0,0
51.9,0,1,0
51.92,0,0,0
51.94,0,0,0
51.96,0,0,0
51.98,0,0,0
52,0,0,0
52.02,0,0,0
52.04,0,0,0
52.06,0,0,0
52.08,0,0,0
52.1,1,0,0
52.12,0,0,0
52.14,0,0,0
52.16,0,0,0
52.18,0,0,0
52.2,0,0,0
52.22,0,0,0
52.24,0,0,0
52.26,0,0,0
52.28,0,0,0
52.3,0,0,0
52.32,0,0,0
52.34,0,0,0
52.36,0,0,0
52.38,0,0,0
52.4,0,0,0
52.42,0,0,0
52.44,0,0,0
52.46,0,0,0
52.48,0,0,0
52.5,0,0,0
52.52,0,0,0
52.54,0,2,0
52.56,0,0,0
52.58,0,0,0
52.6,0,0,0
52.62,0,0,0
52.64,0,0,0
52.66,0,0,0
52.68,0,0,0
52.7,0,0,0
52.72,2,0,0
52.74,0,0,0
52.76,0,0,0
52.78,0,0,0
52.8,0,0,0
52.82,0,0,0
52.84,0,0,0
52.86,0,0,0
52.88,0,0,0
52.9,0,0,0
52.92,0,0,0
52.94,0,0,0
52.96,0,0,0
52.98,0,0,0
53,0,0,0
53.02,1,0,0
53.04,0,0,0
53.06,0,0,0
53.08,0,0,0
53.1,0,0,0
53.12,0,0,0
53.14,0,0,0
53.16,0,0,0
53.18,0,0,0
53.2,0,0,0
53.22,0,2,0
53.24,0,0,0
53.26,0,0,0
53.28,0,0,0
53.3,0,1,0
53.32,0,0,0
53.34,0,0,0
53.36,0,0,0
53.38,0,0,0
53.4,0,0,0
53.42,0,1,0
53.44,2,1,0
53.46,0,0,0
53.48,0,0,0
53.5,0,0,0
53.52,0,0,0
53.54,0,0,0
53.56,0,0,0
53.58,0,0,0
53.6,0,0,0
53.62,0,0,0
53.64,0,0,0
53.66,0,0,0
53.68,0,0,0
53.7,0,0,0
53.72,0,0,0
53.74,0,0,0
53.76,0,0,0
53.78,0,0,0
53.8,0,0,0
53.82,0,0,0
53.84,1,0,0
53.86,0,0,0
53.88,0,0,0
53.9,0,0,0
53.92,0,0,1
53.94,0,0,0
53.96,0,0,0
53.98,0,0,0
54,0,0,0
54.02,0,0,0
54.04,0,0,0
54.06,0,0,0
54.08,0,0,0
54.1,0,0,0
54.12,0,0,0
54.14,0,0,0
54.16,0,0,0
54.18,0,0,0
54.2,0,0,0
54.22,0,0,0
54.24,0,0,0
54.26,0,0,0
54.28,0,0,0
54.3,0,0,0
54.32,0,0,0
54.34,0,0,0
54.36,0,0,0
54.38,0,0,0
54.4,0,0,0
54.42,0,0,1
54.44,0,0,0
54.46,0,0,0
54.48,0,0,0
54.5,0,0,0
54.52,0,0,0
54.54,0,0,0
54.56,0,0,0
54.58,0,0,0
54.6,0,0,0
54.62,0,0,0
54.64,0,0,1
54.66,0,0,0
54.68,0,0,0
54.7,0,0,0
54.72,0,0,0
54.74,0,0,0
54.76,0,0,0
54.78,0,0,0
54.8,0,0,0
54.82,0,0,0
54.84,0,1,0
54.86,0,1,0
54.88,0,0,0
54.9,0,0,0
54.92,0,0,0
54.94,0,0,0
54.96,0,1,0
54.98,0,0,0
55,0,0,0
55.02,1,0,0
55.04,0,0,0
55.06,0,0,0
55.08,0,0,0
55.1,0,0,0
55.12,0,0,0
55.14,0,1,0
55.16,0,0,0
55.18,0,0,0
55.2,0,0,0
55.22,0,0,0
55.24,0,0,0
55.26,0,0,0
55.28,0,0,0
55.3,0,0,0
55.32,0,0,0
55.34,0,0,0
55.36,1,0,0
55.38,0,1,0
55.4,0,0,0
55.42,0,0,0
55.44,0,0,0
55.46,0,0,0
55.48,0,1,0
55.5,0,0,0
55.52,0,0,0
55.54,0,0,0
55.56,0,0,0
55.58,0,0,0
55.6,0,0,0
55.62,0,0,0
55.64,0,0,0
55.66,0,0,1
55.68,0,0,0
55.7,0,0,0
55.72,0,0,1
55.74,0,0,0
55.76,0,0,0
55.78,0,0,0
55.8,0,0,0
55.82,0,0,0
55.84,0,1,0
55.86,0,0,0
55.88,0,0,0
55.9,0,0,0
55.92,0,0,0
55.94,0,0,0
55.96,1,0,0
55.98,0,0,0
56,0,0,0
56.02,0,0,0
56.04,0,0,0
56.06,0,0,0
56.08,0,0,0
56.1,0,0,0
56.12,0,0,0
56.14,0,1,0
56.16,0,0,0
56.18,0,0,0
56.2,0,0,0
56.22,0,0,0
56.24,0,0,0
56.26,0,0,0
56.28,0,0,0
56.3,0,0,0
56.32,0,0,0
56.34,0,0,0
56.36,0,0,0
56.38,0,0,0
56.4,0,0,0
56.42,0,0,0
56.44,0,0,0
56.46,0,0,0
56.48,0,0,0
56.5,0,0,0
56.52,0,0,0
56.54,0,0,0
56.56,1,0,0
56.58,0,0,0
56.6,0,0,0
56.62,0,0,0
56.64,0,0,0
56.66,0,0,0
56.68,0,0,0
56.7,0,0,0
56.72,0,0,0
56.74,0,0,1
56.76,0,0,0
56.78,0,0,0
56.8,0,0,0
56.82,0,0,0
56.84,0,0,0
56.86,0,0,0
56.88,0,0,0
56.9,0,0,0
56.92,0,0,0
56.94,0,0,0
56.96,0,0,0
56.98,0,0,0
57,0,0,0
57.02,0,0,0
57.04,0,0,0
57.06,0,0,0
57.08,0,0,0
57.1,0,0,0
57.12,0,0,0
57.14,0,0,0
57.16,0,0,0
57.18,0,0,0
57.2,0,0,0
57.22,0,0,0
57.24,0,0,0
57.26,0,0,0
57.28,0,0,0
57.3,0,0,0
57.32,1,0,0
57.34,0,0,0
57.36,0,0,0
57.38,0,0,0
57.4,0,0,0
57.42,0,0,0
57.44,0,0,0
57.46,0,0,0
57.48,0,0,0
57.5,0,0,0
57.52,0,1,0
57.54,0,0,1
57.56,0,0,0
57.58,0,0,0
57.6,0,0,0
57.62,0,0,0
57.64,0,0,0
57.66,0,1,0
57.68,0,1,0
57.7,0,0,0
57.72,0,0,0
57.74,0,0,0
57.76,0,0,0
57.78,1,0,0
57.8,0,0,0
57.82,0,0,0
57.84,0,0,0
57.86,0,0,0
57.88,0,0,0
57.9,0,0,0
57.92,0,0,0
57.94,0,0,0
57.96,0,0,0
57.98,0,0,2
58,0,0,0
58.02,0,0,0
58.04,0,0,0
58.06,0,0,0
58.08,0,0,0
58.1,0,1,0
58.12,0,0,0
58.14,0,0,0
58.16,0,0,0
58.18,1,0,0
58.2,0,0,0
58.22,0,0,0
58.24,0,0,0
58.26,0,0,0
58.28,0,0,0
58.3,0,0,1
58.32,0,0,0
58.34,0,0,0
58.36,0,0,0
58.38,1,0,0
58.4,0,0,0
58.42,0,0,0
58.44,0,0,0
58.46,0,0,0
58.48,0,0,0
58.5,0,0,0
58.52,0,1,0
58.54,0,0,0
58.56,0,0,0
58.58,0,0,0
58.6,0,0,0
58.62,0,0,0
58.64,0,0,0
58.66,0,0,0
58.68,0,0,0
58.7,0,0,0
58.72,0,0,0
58.74,0,0,0
58.76,0,0,0
58.78,0,0,0
58.8,1,0,0
58.82,1,0,0
58.84,0,0,0
58.86,0,0,1
58.88,0,0,0
58.9,0,0,0
58.92,0,0,0
58.94,0,0,0
58.96,0,0,0
58.98,0,0,0
59,0,0,0
59.02,1,0,0
59.04,0,0,0
59.06,0,0,0
59.08,0,0,0
59.1,0,0,0
59.12,0,1,0
59.14,0,0,0
59.16,0,0,0
59.18,0,0,0
59.2,0,0,0
59.22,0,0,0
59.24,0,0,0
59.26,0,0,1
59.28,0,0,0
59.3,0,0,0
59.32,0,0,0
59.34,0,0,0
59.36,0,0,0
59.38,0,0,0
59.4,1,0,0
59.42,1,0,1
59.44,0,0,0
59.46,2,0,0
59.48,2,0,1
59.5,0,0,0
59.52,0,0,0
59.54,0,0,0
59.56,0,0,0
59.58,0,0,0
59.6,0,0,0
59.62,0,0,0
59.64,0,0,0
59.66,0,2,0
59.68,0,0,0
59.7,1,0,0
59.72,0,0,0
59.74,0,0,0
59.76,0,0,0
59.78,0,0,1
59.8,0,1,0
59.82,0,0,0
59.84,0,0,0
59.86,0,2,0
59.88,0,0,0
59.9,0,0,1
59.92,1,0,0
59.94,0,0,0
59.96,0,0,0
59.98,0,0,1
60,0,0,0
60.02,0,0,0
60.04,0,0,0
60.06,0,0,0
60.08,0,0,0
60.1,0,0,0
60.12,0,0,0
60.14,0,0,0
60.16,0,0,0
60.18,0,0,0
60.2,0,0,0
60.22,0,0,0
60.24,0,0,0
60.26,0,0,0
60.28,0,0,0
60.3,0,0,0
60.32,0,0,0
60.34,0,0,0
60.36,0,0,0
60.38,0,0,0
60.4,0,0,0
60.42,0,0,0
60.44,0,0,0
60.46,0,0,0
60.48,0,0,0
60.5,0,0,0
60.52,0,0,0
60.54,0,0,1
60.56,0,0,0
60.58,0,0,0
60.6,0,0,0
60.62,0,0,0
60.64,0,0,0
60.66,0,0,0
60.68,0,0,0
60.7,0,0,0
60.72,0,0,0
60.74,0,0,0
60.76,0,0,0
60.78,0,0,0
60.8,0,0,0
60.82,0,0,0
60.84,0,0,1
60.86,0,0,0
60.88,0,0,1
60.9,0,0,0
60.92,0,0,0
60.94,0,0,0
60.96,0,0,0
60.98,0,0,0
61,0,0,0
61.02,0,0,0
61.04,0,0,0
61.06,0,0,0
61.08,0,0,0
61.1,0,0,0
61.12,0,0,0
61.14,0,0,0
61.16,0,0,0
61.18,0,0,0
61.2,0,1,0
61.22,0,0,0
61.24,0,0,0
61.26,0,0,0
61.28,0,0,0
61.3,0,0,0
61.32,0,0,0
61.34,1,0,0
61.36,0,0,0
61.38,0,0,0
61.4,0,0,1
61.42,0,0,0
61.44,0,0,0
61.46,1,0,0
61.48,0,0,0
61.5,0,0,0
61.52,0,0,0
61.54,0,0,0
61.56,0,0,0
61.58,0,0,0
61.6,0,0,0
61.62,0,0,0
61.64,0,0,0
61.66,0,0,0
61.68,0,0,0
61.7,0,0,0
61.72,0,0,0
61.74,0,0,0
61.76,0,0,0
61.78,0,0,0
61.8,0,0,0
61.82,0,0,0
61.84,0,0,0
61.86,0,0,0
61.88,0,0,0
61.9,0,0,0
61.92,0,0,0
61.94,0,0,0
61.96,0,0,0
61.98,0,0,0
62,0,0,0
62.02,0,0,1
62.04,1,0,0
62.06,1,0,0
62.08,0,0,0
62.1,0,0,0
62.12,0,0,0
62.14,0,0,0
62.16,0,0,0
62.18,0,0,0
62.2,0,0,0
62.22,0,0,0
62.24,0,0,0
62.26,0,0,0
62.28,0,0,0
62.3,0,0,0
62.32,0,0,0
62.34,0,0,0
62.36,0,0,0
62.38,0,0,0
62.4,0,0,0
62.42,0,0,0
62.44,0,0,0
62.46,0,0,0
62.48,0,0,0
62.5,0,0,0
62.52,0,0,0
62.54,0,0,0
62.56,0,0,0
62.58,0,0,0
62.6,0,0,0
62.62,0,1,0
62.64,0,0,0
62.66,0,0,0
62.68,0,0,0
62.7,0,0,0
62.72,0,1,0
62.74,0,0,1
62.76,0,0,0
62.78,0,0,1
62.8,1,0,0
62.82,0,0,0
62.84,0,1,0
62.86,0,0,0
62.88,0,0,0
62.9,0,0,0
62.92,0,0,0
62.94,0,0,1
62.96,0,0,0
62.98,0,0,0
63,0,0,0
63.02,0,0,0
63.04,1,0,0
63.06,0,0,0
63.08,0,0,0
63.1,0,0,0
63.12,0,0,0
63.14,0,0,0
63.16,0,0,0
63.18,0,0,0
63.2,0,0,0
63.22,0,0,0
63.24,0,0,0
63.26,0,0,0
63.28,0,0,0
63.3,0,0,0
63.32,0,0,0
63.34,0,0,2
63.36,0,0,0
63.38,0,0,0
63.4,0,1,0
63.42,0,0,0
63.44,0,0,0
63.46,0,0,0
63.48,0,0,0
63.5,0,0,0
63.52,0,0,0
63.54,0,0,0
63.56,0,0,0
63.58,0,0,0
63.6,0,0,0
63.62,0,0,0
63.64,0,1,0
63.66,0,0,0
63.68,0,0,0
63.7,0,0,0
63.72,0,0,0
63.74,1,0,0
63.76,0,0,0
63.78,0,1,0
63.8,0,0,0
63.82,0,0,0
63.84,0,0,0
63.86,0,0,0
63.88,0,0,1
63.9,0,0,1
63.92,0,0,0
63.94,0,0,0
63.96,0,0,0
63.98,0,0,0
64,1,0,0
64.02,0,0,0
64.04,0,0,0
64.06,0,0,0
64.08,0,0,0
64.1,0,0,0
64.12,0,0,0
64.14,0,0,0
64.16,0,0,0
64.18,0,0,0
64.2,0,0,0
64.22,0,0,0
64.24,0,0,0
64.26,0,0,0
64.28,0,0,0
64.3,0,0,1
64.32,0,0,0
64.34,0,0,0
64.36,0,0,0
64.38,0,0,0
64.4,0,0,0
64.42,0,1,1
64.44,0,0,0
64.46,0,0,0
64.48,0,0,0
64.5,0,0,0
64.52,0,0,0
64.54,0,0,0
64.56,0,0,0
64.58,0,0,0
64.6,0,0,0
64.62,0,0,0
64.64,1,0,0
64.66,1,0,0
64.68,0,0,0
64.7,1,1,0
64.72,0,0,0
64.74,0,0,0
64.76,0,0,0
64.78,0,1,0
64.8,0,0,0
64.82,0,0,1
64.84,0,0,1
64.86,0,0,2
64.88,0,0,0
64.9,0,0,0
64.92,0,0,0
64.94,0,0,0
64.96,0,0,0
64.98,0,0,0
65,0,0,0
65.02,0,0,0
65.04,0,0,0
65.06,0,0,0
65.08,0,0,0
65.1,0,0,0
65.12,0,0,0
65.14,0,0,0
65.16,0,0,0
65.18,0,0,0
65.2,0,0,0
65.22,0,0,0
65.24,0,0,0
65.26,0,0,0
65.28,0,0,0
65.3,0,0,0
65.32,0,0,0
65.34,0,0,0
65.36,0,0,0
65.38,0,0,0
65.4,0,0,0
65.42,0,0,0
65.44,2,0,0
65.46,0,0,0
65.48,0,0,0
65.5,0,0,0
65.52,0,0,0
65.54,0,0,0
65.56,0,0,0
65.58,0,0,0
65.6,0,0,0
65.62,1,0,0
65.64,0,0,0
65.66,0,0,0
65.68,0,0,0
65.7,0,0,0
65.72,1,0,0
65.74,0,0,0
65.76,0,0,0
65.78,0,0,0
65.8,0,0,0
65.82,0,0,0
65.84,0,0,0
65.86,0,1,0
65.88,0,0,0
65.9,0,0,0
65.92,0,0,0
65.94,0,0,0
65.96,0,0,0
65.98,0,1,0
66,0,0,0
66.02,0,0,0
66.04,0,0,0
66.06,0,0,0
66.08,0,0,0
66.1,0,0,0
66.12,0,0,0
66.14,0,0,0
66.16,0,0,0
66.18,0,0,0
66.2,0,0,0
66.22,0,0,0
66.24,0,0,0
66.26,0,0,0
66.28,0,0,0
66.3,0,0,0
66.32,0,0,0
66.34,0,0,0
66.36,0,0,0
66.38,0,0,0
66.4,0,0,0
66.42,0,0,0
66.44,0,0,0
66.46,0,0,0
66.48,0,0,0
66.5,0,0,0
66.52,0,0,0
66.54,0,0,0
66.56,0,0,0
66.58,0,0,0
66.6,0,0,0
66.62,1,0,0
66.64,0,0,0
66.66,0,0,0
66.68,0,0,0
66.7,0,0,0
66.72,0,0,0
66.74,0,0,0
66.76,0,0,0
66.78,0,1,0
66.8,0,0,0
66.82,0,1,0
66.84,0,0,0
66.86,0,0,0
66.88,0,0,0
66.9,0,0,0
66.92,0,0,0
66.94,0,1,1
66.96,0,0,0
66.98,0,0,1
67,0,0,0
67.02,0,0,0
67.04,0,0,0
67.06,0,0,0
67.08,0,0,0
67.1,0,0,0
67.12,0,0,0
67.14,0,0,0
67.16,0,0,0
67.18,0,0,0
67.2,0,0,0
67.22,0,0,0
67.24,0,0,0
67.26,0,0,0
67.28,0,0,0
67.3,0,0,0
67.32,0,0,0
67.34,0,0,0
67.36,0,0,0
67.38,0,0,0
67.4,0,0,0
67.42,0,0,0
67.44,0,0,0
67.46,0,0,0
67.48,0,0,0
67.5,0,1,0
67.52,0,0,0
67.54,0,0,0
67.56,0,0,0
67.58,0,1,0
67.6,0,0,0
67.62,0,0,0
67.64,0,0,0
67.66,0,0,0
67.68,0,0,1
67.7,0,0,0
67.72,0,0,0
67.74,0,0,0
67.76,0,0,0
67.78,0,0,0
67.8,0,0,0
67.82,0,0,0
67.84,0,0,0
67.86,0,0,0
67.88,0,0,0
67.9,0,0,0
67.92,0,0,0
67.94,0,0,0
67.96,0,0,0
67.98,0,0,0
68,0,0,0
68.02,0,0,0
68.04,0,0,0
68.06,0,0,2
68.08,0,0,0
68.1,0,0,0
68.12,1,0,0
68.14,0,0,0
68.16,0,0,0
68.18,0,0,0
68.2,0,0,0
68.22,0,0,0
68.24,0,0,0
68.26,0,0,0
68.28,0,0,0
68.3,0,0,0
68.32,0,0,0
68.34,0,0,0
68.36,0,0,0
68.38,0,0,0
68.4,0,0,0
68.42,0,0,0
68.44,0,0,0
68.46,0,0,0
68.48,0,0,0
68.5,0,1,0
68.52,0,0,0
68.54,0,0,0
68.56,0,0,0
68.58,0,0,0
68.6,0,0,0
68.62,0,0,0
68.64,0,0,0
68.66,0,0,0
68.68,0,0,0
68.7,0,0,0
68.72,0,0,1
68.74,0,0,0
68.76,0,0,0
68.78,0,0,0
68.8,0,0,0
68.82,0,0,0
68.84,0,0,0
68.86,0,0,0
68.88,0,0,0
68.9,0,0,0
68.92,0,0,0
68.94,0,0,0
68.96,0,0,0
68.98,0,0,0
69,0,0,0
69.02,0,0,0
69.04,0,0,0
69.06,0,0,0
69.08,0,0,0
69.1,0,0,0
69.12,0,0,0
69.14,0,0,0
69.16,0,0,0
69.18,0,0,0
69.2,0,0,0
69.22,0,0,0
69.24,0,0,0
69.26,0,0,0
69.28,0,0,0
69.3,0,0,0
69.32,0,0,0
69.34,0,1,0
69.36,0,0,0
69.38,0,0,0
69.4,0,0,0
69.42,0,0,0
69.44,0,0,0
69.46,0,0,0
69.48,0,0,0
69.5,0,0,0
69.52,0,0,0
69.54,0,0,0
69.56,0,0,0
69.58,0,0,0
69.6,0,0,0
69.62,0,0,0
69.64,0,0,0
69.66,1,1,0
69.68,0,0,0
69.7,0,0,0
69.72,0,0,0
69.74,0,0,0
69.76,0,0,0
69.78,0,0,0
69.8,0,0,0
69.82,0,0,2
69.84,0,0,0
69.86,0,0,0
69.88,0,0,0
69.9,0,0,0
69.92,0,0,0
69.94,0,0,0
69.96,0,0,0
69.98,0,0,0
70,0,0,0
70.02,0,0,0
70.04,0,0,0
70.06,0,0,0
70.08,0,0,0
70.1,0,0,0
70.12,0,0,0
70.14,0,0,1
70.16,0,1,1
70.18,0,0,0
70.2,0,0,0
70.22,0,0,0
70.24,0,0,0
70.26,0,0,0
70.28,0,0,0
70.3,0,0,0
70.32,0,0,0
70.34,0,0,0
70.36,0,0,0
70.38,0,0,0
70.4,0,0,0
70.42,0,0,1
70.44,0,0,0
70.46,0,0,0
70.48,0,0,0
70.5,0,0,0
70.52,0,0,0
70.54,0,0,0
70.56,0,0,0
70.58,0,0,0
70.6,0,0,0
70.62,0,0,0
70.64,0,0,0
70.66,0,1,0
70.68,0,0,0
70.7,0,0,0
70.72,0,1,0
70.74,0,0,0
70.76,0,0,0
70.78,0,0,1
70.8,0,0,0
70.82,0,1,0
70.84,0,0,0
70.86,0,0,0
70.88,0,0,0
70.9,0,0,0
70.92,1,0,0
70.94,0,0,1
70.96,0,0,0
70.98,0,0,0
71,0,0,0
71.02,0,0,0
71.04,0,0,0
71.06,0,0,0
71.08,0,0,0
71.1,0,0,0
71.12,0,0,0
71.14,0,0,0
71.16,0,0,0
71.18,0,0,0
71.2,0,0,0
71.22,0,0,0
71.24,0,0,1
71.26,0,0,0
71.28,0,0,0
71.3,0,0,0
71.32,0,0,0
71.34,0,0,0
71.36,0,0,0
71.38,0,0,0
71.4,0,0,0
71.42,0,0,0
71.44,0,0,1
71.46,0,0,0
71.48,0,0,0
71.5,0,0,0
71.52,0,0,0
71.54,0,3,0
71.56,0,0,0
71.58,0,0,0
71.6,0,0,0
71.62,0,0,0
71.64,0,0,0
71.66,0,0,0
71.68,0,1,0
71.7,0,0,0
71.72,0,0,0
71.74,0,0,1
71.76,1,0,0
71.78,1,0,0
71.8,0,0,0
71.82,0,0,0
71.84,0,0,0
71.86,0,0,0
71.88,0,0,0
71.9,0,1,0
71.92,0,0,0
71.94,0,0,0
71.96,0,0,0
71.98,0,0,0
72,0,0,0
72.02,0,0,0
72.04,0,0,0
72.06,0,0,0
72.08,0,0,0
72.1,0,0,0
72.12,0,0,0
72.14,0,0,0
72.16,0,0,1
72.18,0,2,0
72.2,0,0,0
72.22,0,0,0
72.24,0,0,0
72.26,0,0,0
72.28,0,0,0
72.3,0,0,0
72.32,0,0,0
72.34,0,0,0
72.36,0,0,0
72.38,0,0,0
72.4,0,0,0
72.42,0,0,0
72.44,0,0,0
72.46,0,0,0
72.48,0,0,0
72.5,0,0,1
72.52,0,0,0
72.54,0,0,0
72.56,2,0,0
72.58,0,0,0
72.6,0,0,0
72.62,0,0,0
72.64,0,0,0
72.66,0,0,0
72.68,0,0,2
72.7,0,0,0
72.72,0,0,0
72.74,0,0,1
72.76,0,0,0
72.78,0,0,0
72.8,0,0,0
72.82,0,0,0
72.84,0,0,0
72.86,0,0,0
72.88,1,0,0
72.9,0,0,0
72.92,0,0,0
72.94,0,0,0
72.96,0,0,0
72.98,0,0,0
73,0,0,0
73.02,0,0,0
73.04,0,0,0
73.06,0,0,0
73.08,0,0,0
73.1,0,0,0
73.12,0,0,1
73.14,0,0,0
73.16,0,1,0
73.18,0,0,0
73.2,0,0,2
73.22,0,0,0
73.24,0,0,0
73.26,0,0,0
73.28,0,2,1
73.3,0,0,0
73.32,0,0,2
73.34,0,0,0
73.36,0,0,0
73.38,0,0,0
73.4,0,0,0
73.42,0,0,0
73.44,0,0,0
73.46,0,2,0
73.48,0,0,0
73.5,0,0,0
73.52,0,0,0
73.54,1,0,0
73.56,0,0,0
73.58,2,1,0
73.6,0,0,0
73.62,0,0,0
73.64,0,1,0
73.66,0,0,0
73.68,0,0,0
73.7,1,0,0
73.72,1,1,0
73.74,0,0,0
73.76,0,0,0
73.78,0,0,1
73.8,0,0,0
73.82,0,1,0
73.84,0,0,0
73.86,0,1,0
73.88,0,0,0
73.9,0,0,0
73.92,0,0,0
73.94,0,0,0
73.96,0,0,0
73.98,2,0,0
74,1,0,0
74.02,0,0,0
74.04,0,0,0
74.06,0,0,0
74.08,0,0,1
74.1,0,0,0
74.12,0,0,0
74.14,0,0,0
74.16,0,0,0
74.18,0,0,0
74.2,0,0,0
74.22,0,0,0
74.24,0,0,0
74.26,0,0,0
74.28,0,0,0
74.3,0,0,0
74.32,0,0,0
74.34,0,0,0
74.36,0,0,0
74.38,0,0,0
74.4,0,0,0
74.42,0,0,0
74.44,0,0,0
74.46,0,0,0
74.48,0,0,0
74.5,0,0,0
74.52,0,0,0
74.54,0,0,0
74.56,0,0,0
74.58,0,0,0
74.6,0,0,0
74.62,0,0,0
74.64,0,0,0
74.66,0,0,0
74.68,0,1,0
74.7,0,0,0
74.72,0,0,0
74.74,0,0,0
74.76,0,0,0
74.78,0,0,0
74.8,0,0,0
74.82,0,0,0
74.84,0,0,0
74.86,0,0,0
74.88,0,0,0
74.9,0,0,0
74.92,0,0,0
74.94,0,0,0
74.96,0,0,0
74.98,0,0,0
75,0,0,0
75.02,0,0,0
75.04,0,0,0
75.06,0,0,0
75.08,0,0,0
75.1,0,0,0
75.12,0,0,0
75.14,0,0,0
75.16,0,0,0
75.18,0,0,0
75.2,0,0,0
75.22,0,0,0
75.24,0,0,0
75.26,0,0,0
75.28,0,0,0
75.3,0,0,0
75.32,0,0,0
75.34,0,0,0
75.36,0,0,2
75.38,0,0,0
75.4,0,0,0
75.42,0,0,0
75.44,0,0,1
75.46,0,0,0
75.48,0,1,0
75.5,0,0,0
75.52,0,0,0
75.54,0,0,0
75.56,0,0,0
75.58,0,0,1
75.6,0,0,0
75.62,0,0,0
75.64,0,0,0
75.66,0,0,0
75.68,0,0,0
75.7,0,0,0
75.72,0,0,0
75.74,0,0,0
75.76,0,0,1
75.78,0,0,0
75.8,0,0,0
75.82,0,0,0
75.84,1,0,0
75.86,0,0,0
75.88,0,0,0
75.9,0,0,0
75.92,0,0,0
75.94,0,0,0
75.96,0,0,0
75.98,0,0,0
76,0,0,0
76.02,0,0,0
76.04,0,0,0
76.06,0,0,0
76.08,0,0,0
76.1,0,0,0
76.12,0,0,0
76.14,0,0,0
76.16,0,0,0
76.18,0,0,0
76.2,0,0,0
76.22,0,0,0
76.24,0,0,0
76.26,0,0,0
76.28,0,0,0
76.3,0,0,0
76.32,2,0,1
76.34,0,0,0
76.36,0,0,0
76.38,0,0,0
76.4,0,0,0
76.42,0,0,0
76.44,0,0,1
76.46,0,0,0
76.48,0,0,0
76.5,0,0,0
76.52,0,0,0
76.54,0,0,0
76.56,0,0,0
76.58,0,0,0
76.6,0,0,0
76.62,0,1,0
76.64,0,0,0
76.66,2,0,0
76.68,1,0,0
76.7,0,0,0
76.72,0,0,0
76.74,0,0,0
76.76,0,0,0
76.78,1,0,0
76.8,0,0,0
76.82,0,0,0
76.84,0,0,0
76.86,0,0,0
76.88,0,0,0
76.9,0,0,0
76.92,0,0,0
76.94,0,0,0
76.96,0,0,0
76.98,0,0,0
77,0,0,0
77.02,0,0,0
77.04,0,0,0
77.06,1,0,0
77.08,0,0,0
77.1,0,0,0
77.12,0,1,0
77.14,0,0,0
77.16,1,0,0
77.18,0,0,0
77.2,0,0,0
77.22,0,0,0
77.24,0,0,0
77.26,1,0,0
77.28,0,0,0
77.3,0,0,0
77.32,0,0,0
77.34,0,0,0
77.36,0,0,0
77.38,0,0,0
77.4,0,0,0
77.42,0,0,0
77.44,0,0,0
77.46,0,0,0
77.48,0,0,0
77.5,0,0,0
77.52,0,0,0
77.54,0,0,0
77.56,0,0,0
77.58,0,0,0
77.6,0,0,1
77.62,0,0,1
77.64,0,0,0
77.66,0,0,0
77.68,0,0,0
77.7,0,0,0
77.72,0,0,0
77.74,0,0,0
77.76,0,0,0
77.78,0,0,0
77.8,0,0,0
77.82,0,0,0
77.84,0,0,0
77.86,0,0,0
77.88,0,0,0
77.9,0,0,0
77.92,0,0,0
77.94,0,0,0
77.96,0,0,0
77.98,0,0,0
78,0,0,0
78.02,0,0,0
78.04,0,0,0
78.06,0,0,0
78.08,0,0,0
78.1,0,0,0
78.12,0,0,0
78.14,0,0,0
78.16,0,0,0
78.18,0,0,0
78.2,0,0,0
78.22,0,0,0
78.24,0,0,0
78.26,0,0,0
78.28,0,0,0
78.3,0,0,0
78.32,0,0,0
78.34,0,0,0
78.36,0,0,0
78.38,0,1,0
78.4,0,0,2
78.42,0,0,0
78.44,0,0,0
78.46,0,0,0
78.48,0,0,0
78.5,0,0,0
78.52,1,0,0
78.54,0,0,0
78.56,0,0,0
78.58,0,0,0
78.6,0,0,0
78.62,1,0,0
78.64,1,0,0
78.66,0,0,0
78.68,0,0,0
78.7,0,0,0
78.72,0,0,0
78.74,0,0,0
78.76,0,0,0
78.78,0,1,0
78.8,0,0,0
78.82,0,0,0
78.84,0,0,0
78.86,0,1,0
78.88,0,1,0
78.9,1,0,0
78.92,0,0,0
78.94,0,0,0
78.96,0,0,1
78.98,0,0,0
79,0,1,0
79.02,0,0,0
79.04,0,0,0
79.06,0,0,0
79.08,0,0,0
79.1,0,0,0
79.12,0,0,0
79.14,0,0,0
79.16,0,0,0
79.18,0,0,0
79.2,0,0,0
79.22,0,0,0
79.24,0,0,0
79.26,0,0,0
79.28,0,0,0
79.3,0,0,0
79.32,0,0,0
79.34,0,0,0
79.36,0,1,0
79.38,0,0,0
79.4,0,0,0
79.42,0,0,0
79.44,0,0,0
79.46,0,0,0
79.48,0,1,0
79.5,0,0,0
79.52,0,1,0
79.54,0,0,0
79.56,0,0,0
79.58,0,0,0
79.6,0,0,0
79.62,0,0,0
79.64,0,1,0
79.66,0,0,0
79.68,0,0,0
79.7,0,0,0
79.72,0,0,0
79.74,0,0,0
79.76,0,0,0
79.78,0,0,0
79.8,0,0,0
79.82,0,0,0
79.84,0,0,0
79.86,0,0,0
79.88,0,0,0
79.9,0,0,0
79.92,0,0,0
79.94,0,0,0
79.96,0,0,0
79.98,0,0,0
80,0,0,0
80.02,0,0,0
80.04,0,0,0
80.06,0,0,0
80.08,0,0,0
80.1,0,0,0
80.12,0,0,0
80.14,0,0,0
80.16,0,0,0
80.18,0,0,0
80.2,0,0,0
80.22,0,0,0
80.24,0,0,0
80.26,0,0,0
80.28,0,0,0
80.3,0,0,0
80.32,0,0,0
80.34,0,0,0
80.36,1,0,0
80.38,0,0,0
80.4,0,0,0
80.42,0,2,0
80.44,0,0,0
80.46,0,0,0
80.48,0,0,0
80.5,2,0,1
80.52,0,0,1
80.54,0,0,2
80.56,0,0,0
80.58,0,0,0
80.6,0,0,0
80.62,0,0,0
80.64,0,1,0
80.66,0,0,0
80.68,0,0,0
80.7,1,0,0
80.72,1,0,0
80.74,0,0,0
80.76,0,0,0
80.78,0,0,0
80.8,0,0,0
80.82,0,0,0
80.84,0,0,0
80.86,0,0,0
80.88,0,0,0
80.9,0,0,0
80.92,0,0,0
80.94,0,0,0
80.96,0,0,0
80.98,0,0,0
81,0,0,0
81.02,1,0,0
81.04,0,0,0
81.06,0,2,0
81.08,0,0,0
81.1,0,0,0
81.12,0,0,0
81.14,0,0,0
81.16,0,0,0
81.18,0,0,0
81.2,0,0,0
81.22,0,0,0
81.24,0,0,0
81.26,0,0,0
81.28,0,0,0
81.3,0,0,0
81.32,0,0,0
81.34,0,0,0
81.36,0,0,0
81.38,0,0,0
81.4,0,0,0
81.42,0,0,0
81.44,0,0,0
81.46,0,0,0
81.48,0,0,0
81.5,0,0,0
81.52,0,0,0
81.54,0,0,0
81.56,0,0,0
81.58,0,0,0
81.6,0,0,0
81.62,0,0,0
81.64,0,0,0
81.66,0,0,0
81.68,0,0,0
81.7,0,0,0
81.72,0,0,0
81.74,0,0,0
81.76,0,0,0
81.78,0,0,0
81.8,0,1,0
81.82,1,0,0
81.84,0,0,0
81.86,0,0,0
81.88,0,0,0
