0,4,1,2
0.02,3,6,5
0.04,5,7,5
0.06,1,4,4
0.08,3,1,2
0.1,5,6,3
0.12,6,8,5
0.14,3,4,4
0.16,5,1,4
0.18,2742,2823,2700
0.2,6645,6864,6739
0.22,7040,7187,7230
0.24,7376,7361,7430
0.26,7358,7395,7447
0.28,7440,7642,7435
0.3,7487,7486,7478
0.32,7323,7643,7570
0.34,7446,7466,7493
0.36,4531,4461,4623
0.38,1372,1324,1411
0.4,813,786,780
0.42,542,535,592
0.44,472,539,481
0.46,403,403,426
0.48,408,437,408
0.5,442,430,403
0.52,412,413,429
0.54,458,458,444
0.56,479,430,448
0.58,494,443,514
0.6,472,474,554
0.62,510,507,500
0.64,535,543,530
0.66,537,501,558
0.68,556,590,633
0.7,579,614,572
0.72,581,632,608
0.74,669,650,648
0.76,651,598,603
0.78,646,655,634
0.8,688,648,682
0.82,708,685,698
0.84,687,742,705
0.86,733,774,728
0.88,749,739,741
0.9,777,747,806
0.92,797,825,814
0.94,816,841,718
0.96,865,780,852
0.98,909,888,808
1,836,902,819
1.02,878,865,866
1.04,823,899,851
1.06,922,845,888
1.08,901,912,924
1.1,906,945,1005
1.12,926,934,957
1.14,1018,973,965
1.16,989,942,939
1.18,1009,971,1024
1.2,1003,1001,1061
1.22,1011,1029,979
1.24,1000,969,948
1.26,1013,976,1018
1.28,1053,1003,1013
1.3,1003,1071,1077
1.32,1039,1098,962
1.34,1086,1031,1066
1.36,1079,1101,1073
1.38,1030,1055,1088
1.4,1106,1043,1110
1.42,1173,1140,1002
1.44,1185,1136,1091
1.46,1103,1132,1083
1.48,1069,1120,1129
1.5,1158,1207,1095
1.52,1154,1141,1126
1.54,1144,1132,1249
1.56,1156,1129,1206
1.58,1135,1151,1215
1.6,1198,1244,1157
1.62,1211,1246,1197
1.64,1163,1191,1221
1.66,1245,1215,1180
1.68,1219,1217,1241
1.7,1218,1232,1219
1.72,1222,1145,1212
1.74,1239,1249,1212
1.76,1289,1258,1189
1.78,1258,1249,1224
1.8,1247,1281,1279
1.82,1300,1249,1257
1.84,1272,1254,1270
1.86,1285,1308,1328
1.88,1259,1285,1284
1.9,1302,1295,1215
1.92,1246,1304,1257
1.94,1271,1270,1345
1.96,1354,1312,1245
1.98,1279,1348,1272
2,1286,1313,1301
2.02,1287,1332,1295
2.04,1320,1337,1374
2.06,1303,1333,1282
2.08,1399,1330,1374
2.1,1318,1294,1354
2.12,1363,1328,1357
2.14,1335,1293,1297
2.16,1244,1383,1356
2.18,1324,1369,1363
2.2,1358,1343,1324
2.22,1355,1351,1336
2.24,1367,1230,1359
2.26,1329,1302,1305
2.28,1316,1410,1332
2.3,1358,1338,1315
2.32,1308,1312,1413
2.34,1342,1373,1379
2.36,1381,1372,1359
2.38,1332,1418,1319
2.4,1357,1396,1382
2.42,1332,1360,1357
2.44,1446,1342,1329
2.46,1386,1390,1311
2.48,1423,1352,1373
2.5,1365,1299,1365
2.52,1380,1353,1372
2.54,1356,1375,1396
2.56,1393,1372,1354
2.58,1350,1453,1357
2.6,1355,1417,1328
2.62,1388,1287,1370
2.64,1436,1382,1313
2.66,1478,1398,1384
2.68,1380,1333,1336
2.7,1360,1383,1334
2.72,1402,1416,1377
2.74,1382,1400,1347
2.76,1413,1332,1307
2.78,1388,1356,1366
2.8,1414,1348,1378
2.82,1388,1416,1370
2.84,1380,1337,1367
2.86,1276,1375,1354
2.88,1385,1377,1355
2.9,1360,1355,1411
2.92,1402,1352,1316
2.94,1350,1399,1298
2.96,1340,1336,1316
2.98,1417,1423,1370
3,1379,1331,1347
3.02,1373,1327,1333
3.04,1356,1343,1388
3.06,1319,1296,1298
3.08,1358,1337,1350
3.1,1415,1305,1338
3.12,1278,1390,1332
3.14,1370,1396,1361
3.16,1294,1318,1300
3.18,1312,1441,1374
3.2,1290,1290,1403
3.22,1358,1360,1354
3.24,1256,1392,1388
3.26,1313,1308,1381
3.28,1360,1357,1325
3.3,1312,1318,1323
3.32,1345,1264,1456
3.34,1307,1272,1282
3.36,1276,1379,1367
3.38,1288,1310,1332
3.4,1377,1373,1356
3.42,1390,1332,1323
3.44,1308,1303,1322
3.46,1375,1325,1324
3.48,1367,1327,1323
3.5,1367,1325,1307
3.52,1228,1310,1292
3.54,1313,1345,1323
3.56,1321,1293,1305
3.58,1332,1304,1295
3.6,1276,1320,1340
3.62,1322,1258,1317
3.64,1285,1245,1319
3.66,1330,1338,1368
3.68,1371,1218,1290
3.7,1335,1339,1294
3.72,1258,1334,1240
3.74,1318,1289,1254
3.76,1249,1252,1236
3.78,1272,1254,1232
3.8,1240,1376,1294
3.82,1292,1316,1390
3.84,1295,1238,1329
3.86,1336,1282,1208
3.88,1263,1270,1217
3.9,1281,1250,1247
3.92,1347,1218,1242
3.94,1196,1298,1270
3.96,1261,1317,1269
3.98,1287,1317,1189
4,1261,1312,1252
4.02,1312,1241,1266
4.04,1281,1204,1244
4.06,1318,1303,1219
4.08,1213,1268,1241
4.1,1247,1173,1243
4.12,1217,1212,1270
4.14,1198,1245,1188
4.16,1212,1176,1197
4.18,1176,1213,1260
4.2,1199,1226,1195
4.22,1261,1229,1206
4.24,1201,1242,1291
4.26,1175,1215,1223
4.28,1264,1239,1241
4.3,1163,1215,1184
4.32,1126,1186,1162
4.34,1192,1218,1191
4.36,1144,1255,1111
4.38,1176,1168,1123
4.4,1273,1245,1171
4.42,1129,1229,1213
4.44,1176,1190,1182
4.46,1211,1187,1144
4.48,1166,1246,1117
4.5,1144,1207,1085
4.52,1228,1177,1189
4.54,1138,1221,1118
4.56,1131,1123,1200
4.58,1186,1108,1156
4.6,1215,1083,1159
4.62,1223,1207,1177
4.64,1142,1079,1128
4.66,1138,1196,1074
4.68,1137,1078,1169
4.7,1117,1115,1148
4.72,1104,1141,1139
4.74,1072,1115,1142
4.76,1136,1099,1095
4.78,1077,1061,1095
4.8,1084,1085,1041
4.82,1081,1113,1149
4.84,1115,1097,1108
4.86,1092,1099,1088
4.88,1056,1073,1066
4.9,1025,1078,1073
4.92,1115,1098,1047
4.94,1118,1035,1060
4.96,1067,1033,1137
4.98,1082,1133,1040
5,1101,1053,1069
5.02,1011,1093,1085
5.04,945,1084,1042
5.06,1083,1065,1043
5.08,1026,1072,1051
5.1,1006,1053,1098
5.12,1047,1068,1077
5.14,1016,1030,1024
5.16,1044,1077,1021
5.18,1071,1095,1007
5.2,1039,1017,1041
5.22,1043,1026,1058
5.24,1046,996,1010
5.26,1118,1070,1017
5.28,1069,1008,1029
5.3,1020,1008,1003
5.32,1073,968,991
5.34,996,996,1052
5.36,1052,937,984
5.38,1018,944,879
5.4,1018,1026,994
5.42,1036,1041,994
5.44,1018,1035,999
5.46,964,964,948
5.48,957,1008,939
5.5,900,973,957
5.52,1020,963,974
5.54,976,943,963
5.56,943,1008,997
5.58,961,928,931
5.6,948,970,942
5.62,951,927,934
5.64,977,966,901
5.66,932,991,949
5.68,994,1024,925
5.7,901,959,892
5.72,955,961,865
5.74,931,955,912
5.76,892,976,891
5.78,940,894,901
5.8,919,896,856
5.82,872,920,933
5.84,928,931,949
5.86,908,956,901
5.88,872,930,932
5.9,844,955,951
5.92,944,866,939
5.94,864,957,849
5.96,909,925,894
5.98,854,886,936
6,856,844,863
6.02,815,889,870
6.04,870,920,858
6.06,863,881,821
6.08,885,844,916
6.1,828,921,851
6.12,874,867,820
6.14,884,866,829
6.16,813,822,855
6.18,845,872,831
6.2,773,885,810
6.22,806,822,873
6.24,885,879,839
6.26,812,848,766
6.28,832,833,812
6.3,771,842,839
6.32,802,836,809
6.34,820,767,837
6.36,804,807,813
6.38,784,815,858
6.4,818,825,856
6.42,799,867,767
6.44,809,832,804
6.46,758,799,824
6.48,799,807,795
6.5,830,777,818
6.52,779,777,773
6.54,790,826,802
6.56,763,742,797
6.58,783,752,738
6.6,786,784,765
6.62,857,784,746
6.64,774,767,742
6.66,745,735,754
6.68,780,744,724
6.7,765,763,745
6.72,743,735,786
6.74,759,754,755
6.76,763,767,736
6.78,769,702,758
6.8,700,779,689
6.82,693,768,701
6.84,744,742,744
6.86,750,774,736
6.88,739,716,699
6.9,766,743,761
6.92,710,713,713
6.94,715,689,689
6.96,781,670,740
6.98,731,707,661
7,757,732,771
7.02,747,725,735
7.04,753,638,714
7.06,682,647,730
7.08,728,637,708
7.1,696,725,703
7.12,657,660,662
7.14,668,723,665
7.16,640,721,682
7.18,627,644,684
7.2,650,622,684
7.22,683,692,726
7.24,653,689,727
7.26,636,662,693
7.28,679,658,675
7.3,691,684,611
7.32,670,654,692
7.34,627,644,660
7.36,647,644,647
7.38,686,733,654
7.4,646,621,701
7.42,581,653,684
7.44,691,632,626
7.46,607,632,612
7.48,639,635,599
7.5,603,633,602
7.52,622,625,645
7.54,618,632,707
7.56,659,620,670
7.58,642,618,657
7.6,588,635,614
7.62,604,618,613
7.64,661,647,592
7.66,636,602,615
7.68,629,605,649
7.7,586,588,629
7.72,541,584,635
7.74,591,621,631
7.76,592,544,593
7.78,620,622,579
7.8,598,592,585
7.82,596,605,593
7.84,543,586,563
7.86,582,578,602
7.88,548,572,573
7.9,564,597,545
7.92,571,609,649
7.94,549,565,513
7.96,551,580,594
7.98,567,552,567
8,583,580,573
8.02,485,542,533
8.04,550,567,487
8.06,586,557,525
8.08,507,552,551
8.1,525,555,566
8.12,533,572,592
8.14,534,581,542
8.16,546,548,531
8.18,530,517,521
8.2,571,536,552
8.22,541,546,545
8.24,529,569,543
8.26,492,516,570
8.28,520,566,547
8.3,530,519,533
8.32,475,497,530
8.34,526,463,531
8.36,540,537,516
8.38,495,548,507
8.4,490,504,519
8.42,475,484,531
8.44,515,481,473
8.46,471,515,504
8.48,477,486,534
8.5,474,489,497
8.52,436,484,541
8.54,445,483,514
8.56,463,479,492
8.58,510,480,483
8.6,469,509,525
8.62,462,500,510
8.64,430,476,507
8.66,447,496,454
8.68,466,478,473
8.7,483,501,447
8.72,512,452,471
8.74,401,394,476
8.76,498,490,444
8.78,461,466,445
8.8,503,471,489
8.82,457,473,471
8.84,428,472,463
8.86,454,391,457
8.88,422,486,475
8.9,485,455,459
8.92,480,455,447
8.94,446,456,427
8.96,412,412,495
8.98,459,419,475
9,448,434,397
9.02,448,457,422
9.04,438,411,453
9.06,420,447,432
9.08,412,419,437
9.1,421,420,417
9.12,426,368,425
9.14,453,421,406
9.16,387,436,375
9.18,435,431,428
9.2,417,443,418
9.22,361,433,394
9.24,427,432,429
9.26,395,376,454
9.28,440,368,439
9.3,431,401,390
9.32,416,429,381
9.34,390,387,383
9.36,414,403,397
9.38,388,414,442
9.4,391,440,433
9.42,384,403,382
9.44,405,374,392
9.46,365,363,345
9.48,367,379,371
9.5,385,385,414
9.52,366,357,406
9.54,414,385,405
9.56,364,367,389
9.58,412,369,340
9.6,372,339,400
9.62,390,344,376
9.64,364,339,387
9.66,368,361,348
9.68,331,395,348
9.7,354,371,363
9.72,341,391,386
9.74,368,391,360
9.76,375,352,334
9.78,373,345,358
9.8,380,361,392
9.82,342,373,338
9.84,338,335,392
9.86,357,369,333
9.88,353,363,381
9.9,324,389,359
9.92,351,338,400
9.94,345,362,346
9.96,365,357,341
9.98,327,329,370
10,362,329,371
10.02,380,334,334
10.04,363,345,339
10.06,303,339,351
10.08,349,348,361
10.1,314,314,303
10.12,322,318,335
10.14,342,347,298
10.16,330,313,336
10.18,320,347,316
10.2,326,342,317
10.22,315,324,323
10.24,318,348,315
10.26,313,318,325
10.28,312,308,345
10.3,316,312,292
10.32,302,303,316
10.34,300,317,329
10.36,311,280,285
10.38,274,287,368
10.4,289,265,327
10.42,263,324,310
10.44,271,314,309
10.46,275,295,268
10.48,307,315,297
10.5,323,295,357
10.52,303,319,309
10.54,315,311,291
10.56,284,323,289
10.58,281,266,295
10.6,302,276,267
10.62,310,298,325
10.64,298,301,266
10.66,285,284,287
10.68,242,271,286
10.7,243,288,311
10.72,297,274,283
10.74,264,293,290
10.76,267,284,282
10.78,248,281,284
10.8,272,293,324
10.82,304,262,262
10.84,289,287,301
10.86,292,260,290
10.88,270,275,324
10.9,251,264,265
10.92,271,245,269
10.94,278,252,288
10.96,265,271,286
10.98,296,249,263
11,230,244,235
11.02,266,223,266
11.04,255,253,262
11.06,278,258,226
11.08,266,257,275
11.1,249,276,253
11.12,257,241,281
11.14,289,256,248
11.16,247,243,249
11.18,244,255,264
11.2,240,280,213
11.22,253,258,256
11.24,243,233,246
11.26,240,249,234
11.28,257,207,233
11.3,231,236,259
11.32,257,236,223
11.34,231,216,246
11.36,239,230,213
11.38,225,255,247
11.4,216,257,264
11.42,242,234,204
11.44,244,244,215
11.46,225,244,249
11.48,238,253,241
11.5,243,202,240
11.52,226,235,229
11.54,250,233,207
11.56,229,220,224
11.58,206,233,232
11.6,207,233,227
11.62,210,231,235
11.64,213,233,230
11.66,197,188,221
11.68,244,225,226
11.7,189,213,206
11.72,221,217,217
11.74,210,209,231
11.76,195,198,242
11.78,221,226,227
11.8,216,209,213
11.82,221,232,232
11.84,239,200,208
11.86,215,207,190
11.88,220,186,216
11.9,227,236,205
11.92,207,205,186
11.94,181,190,234
11.96,202,199,197
11.98,196,208,203
12,213,182,186
12.02,217,186,184
12.04,198,176,221
12.06,189,196,180
12.08,215,214,200
12.1,197,193,215
12.12,166,208,221
12.14,200,168,182
12.16,207,195,205
12.18,209,203,195
12.2,172,192,176
12.22,214,196,186
12.24,166,191,218
12.26,184,184,194
12.28,197,152,177
12.3,215,167,187
12.32,199,174,172
12.34,174,173,157
12.36,175,166,191
12.38,168,192,201
12.4,176,158,190
12.42,172,207,194
12.44,170,189,160
12.46,173,167,174
12.48,191,188,173
12.5,186,208,174
12.52,177,178,180
12.54,160,155,184
12.56,185,150,177
12.58,179,178,165
12.6,158,168,195
12.62,169,158,158
12.64,174,183,185
12.66,154,176,176
12.68,146,167,185
12.7,142,177,181
12.72,180,173,169
12.74,157,170,148
12.76,143,181,163
12.78,175,170,164
12.8,152,171,176
12.82,174,165,164
12.84,132,169,175
12.86,160,169,165
12.88,168,164,154
12.9,140,158,184
12.92,158,159,164
12.94,144,159,183
12.96,130,158,154
12.98,138,183,173
13,167,171,134
13.02,156,141,159
13.04,154,143,144
13.06,138,142,158
13.08,143,131,153
13.1,131,154,152
13.12,167,147,150
13.14,149,149,162
13.16,144,164,138
13.18,128,128,136
13.2,142,154,123
13.22,119,128,149
13.24,166,143,136
13.26,140,151,154
13.28,135,147,141
13.3,165,129,126
13.32,150,133,145
13.34,149,131,129
13.36,139,138,136
13.38,131,172,141
13.4,127,145,143
13.42,141,128,115
13.44,128,150,139
13.46,146,128,125
13.48,124,169,152
13.5,138,152,131
13.52,140,126,128
13.54,139,136,128
13.56,128,108,110
13.58,147,181,112
13.6,133,151,126
13.62,119,133,128
13.64,129,128,130
13.66,137,137,115
13.68,118,130,135
13.7,115,130,138
13.72,134,126,127
13.74,146,171,119
13.76,135,134,138
13.78,120,147,112
13.8,136,128,111
13.82,121,114,138
13.84,147,102,139
13.86,115,146,104
13.88,123,104,124
13.9,127,125,140
13.92,105,122,105
13.94,125,131,124
13.96,120,117,96
13.98,112,118,123
14,118,112,111
14.02,116,108,132
14.04,107,122,127
14.06,120,107,116
14.08,102,119,123
14.1,115,110,119
14.12,99,112,113
14.14,115,122,139
14.16,120,96,113
14.18,103,100,86
14.2,102,110,111
14.22,102,125,99
14.24,127,115,105
14.26,125,109,120
14.28,111,114,123
14.3,107,124,119
14.32,116,108,100
14.34,99,115,103
14.36,129,102,110
14.38,106,114,117
14.4,116,120,109
14.42,111,107,111
14.44,108,91,112
14.46,116,122,106
14.48,125,104,104
14.5,112,83,99
14.52,119,82,108
14.54,115,107,101
14.56,124,85,98
14.58,126,92,99
14.6,92,100,109
14.62,93,115,101
14.64,114,104,105
14.66,121,108,90
14.68,101,93,102
14.7,85,93,102
14.72,82,126,105
14.74,99,104,96
14.76,94,113,122
14.78,92,96,93
14.8,109,103,95
14.82,87,88,104
14.84,104,83,98
14.86,87,99,88
14.88,89,88,87
14.9,92,106,105
14.92,92,104,97
14.94,79,103,92
14.96,83,118,99
14.98,87,75,90
15,87,84,89
15.02,76,97,98
15.04,100,84,105
15.06,92,83,91
15.08,96,87,100
15.1,83,91,101
15.12,78,95,86
15.14,82,105,102
15.16,86,98,90
15.18,80,78,83
15.2,80,95,108
15.22,80,81,73
15.24,75,91,76
15.26,69,89,100
15.28,84,89,106
15.3,90,81,120
15.32,83,77,97
15.34,86,94,78
15.36,76,82,90
15.38,85,94,88
15.4,97,86,70
15.42,96,76,98
15.44,82,77,78
15.46,78,72,89
15.48,85,68,57
15.5,80,87,95
15.52,84,73,86
15.54,78,85,75
15.56,73,79,92
15.58,73,90,73
15.6,75,85,80
15.62,73,86,83
15.64,75,85,78
15.66,73,72,69
15.68,76,67,92
15.7,74,79,75
15.72,76,76,74
15.74,79,79,79
15.76,89,71,101
15.78,71,73,70
15.8,77,92,79
15.82,93,60,70
15.84,70,64,96
15.86,66,72,79
15.88,73,63,72
15.9,83,88,74
15.92,78,84,73
15.94,86,73,58
15.96,78,78,80
15.98,72,74,66
16,60,71,57
16.02,82,67,50
16.04,69,75,63
16.06,63,54,78
16.08,73,44,72
16.1,66,65,69
16.12,74,58,72
16.14,62,60,55
16.16,63,50,62
16.18,84,80,58
16.2,57,67,51
16.22,73,67,64
16.24,56,71,57
16.26,54,81,63
16.28,65,65,65
16.3,60,76,63
16.32,76,66,63
16.34,67,66,69
16.36,58,57,59
16.38,62,54,68
16.4,56,69,80
16.42,56,49,70
16.44,47,59,74
16.46,64,66,64
16.48,57,54,73
16.5,63,54,61
16.52,67,62,61
16.54,48,69,57
16.56,55,65,67
16.58,54,65,66
16.6,69,43,56
16.62,53,57,53
16.64,62,62,56
16.66,56,48,42
16.68,56,43,60
16.7,57,56,60
16.72,57,67,72
16.74,48,68,49
16.76,60,59,54
16.78,32,64,64
16.8,50,68,45
16.82,66,49,57
16.84,48,57,58
16.86,63,66,65
16.88,63,59,50
16.9,66,73,67
16.92,45,69,57
16.94,66,59,45
16.96,56,59,56
16.98,76,47,46
17,57,37,42
17.02,48,66,58
17.04,45,55,57
17.06,38,53,50
17.08,52,48,57
17.1,60,68,63
17.12,67,57,58
17.14,41,63,48
17.16,54,51,39
17.18,43,52,46
17.2,37,60,68
17.22,41,55,49
17.24,55,55,47
17.26,53,41,49
17.28,43,50,52
17.3,63,52,65
17.32,40,46,39
17.34,46,58,55
17.36,45,48,62
17.38,47,59,40
17.4,37,46,44
17.42,47,54,49
17.44,48,62,56
17.46,39,63,45
17.48,50,58,46
17.5,64,49,55
17.52,61,58,60
17.54,38,42,53
17.56,50,37,36
17.58,42,51,43
17.6,41,44,40
17.62,49,54,43
17.64,56,46,56
17.66,51,41,51
17.68,52,53,42
17.7,40,37,52
17.72,45,33,37
17.74,50,36,30
17.76,39,46,44
17.78,61,41,40
17.8,38,45,49
17.82,35,37,59
17.84,53,42,44
17.86,37,48,40
17.88,50,45,55
17.9,51,39,41
17.92,59,44,39
17.94,51,28,36
17.96,54,44,39
17.98,46,39,40
18,47,50,32
18.02,45,50,42
18.04,43,30,47
18.06,40,33,37
18.08,52,39,35
18.1,33,32,38
18.12,46,42,37
18.14,38,37,32
18.16,41,47,38
18.18,35,36,37
18.2,39,39,49
18.22,44,33,43
18.24,31,42,30
18.26,43,34,33
18.28,39,38,36
18.3,30,49,39
18.32,43,50,46
18.34,41,32,32
18.36,38,36,54
18.38,38,30,48
18.4,37,35,41
18.42,40,30,29
18.44,54,34,49
18.46,34,42,38
18.48,39,36,50
18.5,30,36,38
18.52,38,25,30
18.54,39,37,21
18.56,30,30,39
18.58,46,47,31
18.6,40,35,35
18.62,35,32,30
18.64,42,31,30
18.66,37,24,27
18.68,31,45,26
18.7,26,34,25
18.72,34,47,41
18.74,31,35,34
18.76,43,33,44
18.78,27,25,37
18.8,31,38,40
18.82,31,32,32
18.84,35,36,38
18.86,33,28,31
18.88,30,48,45
18.9,36,31,43
18.92,37,32,22
18.94,35,38,19
18.96,35,33,28
18.98,34,31,40
19,30,32,26
19.02,28,42,31
19.04,42,32,30
19.06,26,36,35
19.08,32,31,31
19.1,26,36,27
19.12,41,35,23
19.14,33,38,29
19.16,24,31,34
19.18,29,26,37
19.2,36,34,24
19.22,25,36,42
19.24,22,40,36
19.26,40,33,30
19.28,26,41,21
19.3,21,39,30
19.32,17,30,36
19.34,27,38,30
19.36,31,28,31
19.38,22,29,33
19.4,29,32,34
19.42,22,36,19
19.44,31,30,21
19.46,32,31,17
19.48,27,26,25
19.5,29,31,27
19.52,29,33,41
19.54,28,24,18
19.56,17,38,30
19.58,22,20,24
19.6,25,26,27
19.62,31,32,23
19.64,23,21,33
19.66,22,46,25
19.68,26,25,26
19.7,39,35,34
19.72,32,27,27
19.74,23,20,33
19.76,23,22,36
19.78,26,45,28
19.8,21,30,29
19.82,38,26,25
19.84,26,24,29
19.86,32,40,19
19.88,21,24,31
19.9,19,34,28
19.92,33,38,23
19.94,17,31,29
19.96,16,30,21
19.98,25,31,26
20,23,29,28
20.02,25,27,24
20.04,30,18,21
20.06,20,20,29
20.08,27,23,22
20.1,27,26,29
20.12,24,31,23
20.14,24,22,29
20.16,25,40,26
20.18,28,26,30
20.2,31,29,17
20.22,28,29,24
20.24,21,28,21
20.26,18,28,24
20.28,33,17,24
20.3,31,28,24
20.32,34,35,20
20.34,11,21,24
20.36,24,28,34
20.38,29,21,19
20.4,21,26,20
20.42,21,26,16
20.44,21,22,16
20.46,28,26,24
20.48,18,17,29
20.5,18,19,23
20.52,21,25,26
20.54,20,21,20
20.56,30,15,23
20.58,20,18,26
20.6,34,25,20
20.62,18,19,29
20.64,18,17,22
20.66,25,24,22
20.68,23,20,19
20.7,17,28,23
20.72,29,22,26
20.74,18,24,31
20.76,21,24,33
20.78,23,38,31
20.8,14,19,26
20.82,26,28,17
20.84,25,27,21
20.86,21,9,25
20.88,16,33,18
20.9,19,28,17
20.92,14,21,24
20.94,32,18,17
20.96,22,18,18
20.98,27,19,26
21,21,25,29
21.02,20,19,21
21.04,16,21,25
21.06,20,17,16
21.08,13,21,17
21.1,14,24,17
21.12,23,21,23
21.14,22,19,20
21.16,20,26,20
21.18,18,24,20
21.2,21,20,22
21.22,18,16,23
21.24,12,15,26
21.26,32,16,18
21.28,11,12,21
21.3,15,19,16
21.32,12,18,11
21.34,20,18,18
21.36,23,16,24
21.38,21,24,18
21.4,19,14,24
21.42,18,7,17
21.44,16,26,17
21.46,17,20,13
21.48,25,18,16
21.5,16,26,17
21.52,12,28,10
21.54,19,19,23
21.56,21,7,23
21.58,22,14,20
21.6,14,16,21
21.62,12,10,13
21.64,12,24,17
21.66,16,17,19
21.68,17,22,15
21.7,13,22,17
21.72,19,17,16
21.74,12,20,11
21.76,19,9,21
21.78,13,19,15
21.8,19,12,20
21.82,14,7,14
21.84,16,13,14
21.86,11,21,20
21.88,22,10,9
21.9,17,24,17
21.92,16,24,27
21.94,23,18,14
21.96,16,19,21
21.98,21,21,15
22,13,11,13
22.02,19,16,13
22.04,12,9,10
22.06,18,12,12
22.08,19,20,19
22.1,18,9,21
22.12,16,11,13
22.14,13,23,15
22.16,8,14,8
22.18,19,9,11
22.2,6,20,16
22.22,14,11,17
22.24,9,15,18
22.26,19,13,11
22.28,9,10,13
22.3,18,18,12
22.32,17,16,9
22.34,15,10,7
22.36,18,24,14
22.38,8,17,9
22.4,14,14,21
22.42,16,12,14
22.44,16,5,20
22.46,13,15,17
22.48,12,16,18
22.5,13,8,28
22.52,11,11,15
22.54,21,17,7
22.56,15,13,10
22.58,10,17,16
22.6,14,17,11
22.62,11,16,20
22.64,13,16,11
22.66,16,22,22
22.68,15,16,17
22.7,8,22,17
22.72,15,12,14
22.74,15,17,15
22.76,16,12,20
22.78,12,15,14
22.8,7,19,12
22.82,9,11,9
22.84,14,9,19
22.86,11,11,19
22.88,8,7,11
22.9,13,9,15
22.92,13,10,15
22.94,16,13,12
22.96,12,17,16
22.98,18,15,13
23,18,13,8
23.02,19,8,13
23.04,6,13,14
23.06,10,10,11
23.08,7,17,10
23.1,12,12,20
23.12,9,6,11
23.14,13,10,9
23.16,15,21,11
23.18,21,12,15
23.2,20,7,9
23.22,10,10,22
23.24,9,11,17
23.26,23,14,9
23.28,20,8,15
23.3,14,22,18
23.32,15,13,12
23.34,13,13,13
23.36,15,8,16
23.38,12,17,17
23.4,16,8,7
23.42,10,13,12
23.44,16,18,6
23.46,16,9,18
23.48,18,12,15
23.5,19,10,25
23.52,7,15,17
23.54,16,11,5
23.56,9,12,11
23.58,16,10,5
23.6,10,10,9
23.62,13,14,9
23.64,9,14,18
23.66,11,14,13
23.68,14,8,13
23.7,13,6,14
23.72,13,6,16
23.74,10,11,12
23.76,9,11,4
23.78,10,12,14
23.8,8,13,10
23.82,14,8,15
23.84,10,9,10
23.86,12,11,12
23.88,7,12,7
23.9,11,23,9
23.92,15,13,13
23.94,12,13,14
23.96,13,11,16
23.98,9,12,5
24,11,12,15
24.02,14,13,18
24.04,7,13,10
24.06,14,11,12
24.08,7,10,9
24.1,8,13,7
24.12,14,8,18
24.14,13,9,8
24.16,8,14,13
24.18,13,10,10
24.2,13,11,9
24.22,8,14,15
24.24,4,6,13
24.26,7,9,11
24.28,16,9,3
24.3,7,10,6
24.32,13,11,8
24.34,12,11,6
24.36,11,14,6
24.38,11,10,7
24.4,11,12,9
24.42,8,12,4
24.44,11,13,4
24.46,8,5,11
24.48,2,11,11
24.5,11,13,12
24.52,9,15,6
24.54,12,10,6
24.56,8,9,10
24.58,8,9,11
24.6,8,11,15
24.62,10,7,6
24.64,11,5,7
24.66,14,9,6
24.68,12,11,4
24.7,7,14,6
24.72,11,9,16
24.74,7,6,8
24.76,9,9,8
24.78,13,8,9
24.8,7,8,11
24.82,9,13,6
24.84,4,2,6
24.86,7,8,12
24.88,8,9,11
24.9,12,9,15
24.92,8,5,10
24.94,15,11,12
24.96,8,7,8
24.98,5,11,4
25,6,4,9
25.02,13,9,11
25.04,7,2,10
25.06,3,2,6
25.08,8,8,6
25.1,12,5,12
25.12,9,7,15
25.14,9,7,10
25.16,11,5,7
25.18,8,5,10
25.2,9,13,10
25.22,4,3,5
25.24,10,11,11
25.26,6,9,9
25.28,3,3,6
25.3,10,6,8
25.32,9,12,11
25.34,10,8,15
25.36,10,10,5
25.38,5,6,6
25.4,13,4,16
25.42,6,11,12
25.44,4,10,15
25.46,5,7,9
25.48,18,14,4
25.5,5,11,6
25.52,13,6,9
25.54,7,8,6
25.56,11,8,12
25.58,11,10,9
25.6,3,7,8
25.62,6,5,6
25.64,9,9,4
25.66,7,5,7
25.68,3,9,9
25.7,10,9,11
25.72,7,11,10
25.74,7,10,15
25.76,4,9,6
25.78,6,6,7
25.8,7,4,4
25.82,7,4,13
25.84,5,10,9
25.86,5,15,7
25.88,7,7,9
25.9,12,9,10
25.92,8,6,8
25.94,7,3,10
25.96,6,9,3
25.98,11,8,15
26,6,5,6
26.02,8,10,8
26.04,5,7,6
26.06,8,4,7
26.08,5,5,7
26.1,10,9,5
26.12,6,9,5
26.14,3,10,9
26.16,3,6,11
26.18,7,3,12
26.2,2,5,5
26.22,8,6,8
26.24,8,6,9
26.26,5,4,6
26.28,7,4,8
26.3,4,13,8
26.32,7,4,13
26.34,10,6,8
26.36,7,5,6
26.38,9,5,10
26.4,4,5,7
26.42,15,6,8
26.44,7,11,5
26.46,7,7,6
26.48,10,7,11
26.5,4,5,7
26.52,11,8,15
26.54,9,7,8
26.56,6,5,5
26.58,4,3,5
26.6,3,7,7
26.62,4,8,10
26.64,9,9,4
26.66,11,9,6
26.68,14,3,4
26.7,5,1,5
26.72,3,7,8
26.74,6,7,3
26.76,11,3,2
26.78,7,7,10
26.8,7,3,10
26.82,7,5,8
26.84,5,6,9
26.86,6,8,10
26.88,11,8,12
26.9,8,4,9
26.92,12,6,5
26.94,9,10,6
26.96,6,13,9
26.98,10,3,1
27,12,4,7
27.02,8,12,8
27.04,1,7,9
27.06,8,9,3
27.08,5,8,9
27.1,6,5,7
27.12,4,10,7
27.14,10,9,7
27.16,14,4,7
27.18,6,9,4
27.2,5,10,6
27.22,1,5,5
27.24,10,9,6
27.26,9,6,5
27.28,6,7,6
27.3,10,12,5
27.32,6,6,9
27.34,4,4,3
27.36,8,7,8
27.38,6,6,4
27.4,5,6,5
27.42,9,4,9
27.44,7,8,8
27.46,5,2,7
27.48,2,6,3
27.5,4,13,5
27.52,8,2,6
27.54,4,6,6
27.56,5,5,4
27.58,8,5,4
27.6,10,4,6
27.62,2,8,6
27.64,11,2,5
27.66,4,8,7
27.68,6,2,8
27.7,11,4,8
27.72,12,5,9
27.74,7,5,11
27.76,5,6,5
27.78,6,9,8
27.8,7,8,4
27.82,11,6,8
27.84,3,8,4
27.86,3,4,13
27.88,10,5,9
27.9,5,6,4
27.92,6,7,7
27.94,7,4,2
27.96,4,3,8
27.98,7,7,10
28,8,3,12
28.02,5,8,8
28.04,7,5,10
28.06,4,11,3
28.08,8,8,7
28.1,6,9,5
28.12,9,2,7
28.14,4,5,5
28.16,6,4,3
28.18,9,7,12
28.2,9,4,6
28.22,4,9,4
28.24,4,8,2
28.26,12,8,3
28.28,6,1,5
28.3,5,4,5
28.32,3,8,11
28.34,6,10,5
28.36,6,10,1
28.38,9,8,7
28.4,4,3,5
28.42,3,8,6
28.44,9,3,5
28.46,3,6,11
28.48,4,5,6
28.5,3,4,3
28.52,8,4,7
28.54,4,7,8
28.56,7,9,6
28.58,5,4,5
28.6,8,7,2
28.62,2,7,6
28.64,12,3,7
28.66,8,8,7
28.68,9,3,4
28.7,3,1,5
28.72,6,8,6
28.74,9,5,8
28.76,3,2,8
28.78,6,3,6
28.8,3,7,5
28.82,5,7,4
28.84,8,2,7
28.86,6,8,7
28.88,8,5,8
28.9,8,6,9
28.92,6,4,10
28.94,8,1,2
28.96,10,6,3
28.98,10,4,5
29,11,5,5
29.02,5,8,7
29.04,3,7,1
29.06,6,1,5
29.08,2,6,4
29.1,3,6,3
29.12,6,3,2
29.14,5,7,3
29.16,3,9,2
29.18,5,3,2
29.2,3,6,1
29.22,10,7,12
29.24,4,2,4
29.26,2,6,6
29.28,2,3,6
29.3,5,11,7
29.32,5,6,4
29.34,4,2,7
29.36,2,7,3
29.38,5,4,5
29.4,5,9,4
29.42,6,2,6
29.44,4,9,6
29.46,4,8,4
29.48,10,5,5
29.5,8,4,7
29.52,3,12,3
29.54,3,5,6
29.56,3,0,7
29.58,10,2,11
29.6,8,4,10
29.62,4,5,3
29.64,2,4,3
29.66,7,6,3
29.68,2,6,5
29.7,1,0,6
29.72,5,7,7
29.74,10,11,2
29.76,8,6,5
29.78,6,6,2
29.8,8,2,4
29.82,3,5,6
29.84,3,5,11
29.86,11,5,3
29.88,9,1,8
29.9,3,7,6
29.92,0,2,6
29.94,4,7,5
29.96,2,3,4
29.98,4,4,7
30,2,6,3
30.02,5,5,4
30.04,4,5,3
30.06,7,9,4
30.08,1,3,6
30.1,4,10,6
30.12,7,5,4
30.14,7,7,7
30.16,3,2,3
30.18,9,4,6
30.2,4,8,4
30.22,2,7,9
30.24,8,3,5
30.26,5,12,1
30.28,3,2,6
30.3,5,1,7
30.32,6,5,5
30.34,5,5,3
30.36,6,5,2
30.38,1,3,1
30.4,8,4,2
30.42,2,7,6
30.44,3,6,5
30.46,3,9,7
30.48,3,6,3
30.5,4,2,2
30.52,4,6,4
30.54,2,4,1
30.56,4,7,5
30.58,3,4,5
30.6,7,4,6
30.62,2,4,3
30.64,2,6,9
30.66,9,1,3
30.68,8,3,3
30.7,1,3,5
30.72,2,2,2
30.74,1,1,7
30.76,4,3,2
30.78,3,3,1
30.8,8,3,5
30.82,6,7,5
30.84,12,6,8
30.86,3,5,5
30.88,3,6,9
30.9,5,2,4
30.92,4,5,3
30.94,4,6,7
30.96,4,4,3
30.98,4,8,5
31,7,4,1
31.02,3,2,2
31.04,5,7,5
31.06,1,3,8
31.08,7,6,1
31.1,8,2,4
31.12,7,3,2
31.14,4,5,5
31.16,13,3,1
31.18,6,3,1
31.2,8,0,4
31.22,3,5,3
31.24,3,4,1
31.26,7,3,5
31.28,6,7,3
31.3,0,7,6
31.32,2,4,7
31.34,6,3,3
31.36,3,4,3
31.38,2,3,5
31.4,5,1,4
31.42,4,4,3
31.44,4,4,6
31.46,1,4,6
31.48,1,2,4
31.5,0,9,9
31.52,5,1,4
31.54,6,5,4
31.56,4,2,6
31.58,6,2,3
31.6,4,2,6
31.62,1,5,9
31.64,5,1,2
31.66,2,7,6
31.68,11,6,5
31.7,11,2,4
31.72,7,3,6
31.74,2,4,1
31.76,4,4,3
31.78,3,3,4
31.8,2,7,4
31.82,3,1,4
31.84,3,2,6
31.86,6,2,4
31.88,6,3,4
31.9,3,5,8
31.92,1,4,1
31.94,2,8,6
31.96,2,3,2
31.98,3,3,2
32,1,2,5
32.02,6,7,2
32.04,2,6,6
32.06,1,6,6
32.08,6,2,3
32.1,9,6,3
32.12,2,3,3
32.14,7,8,6
32.16,3,3,1
32.18,5,7,4
32.2,5,5,4
32.22,7,3,3
32.24,2,7,2
32.26,5,2,0
32.28,3,2,3
32.3,1,4,8
32.32,2,10,4
32.34,2,8,3
32.36,5,5,1
32.38,5,1,5
32.4,5,4,2
32.42,2,6,4
32.44,8,5,3
32.46,7,2,4
32.48,7,4,5
32.5,4,4,5
32.52,3,5,1
32.54,3,5,6
32.56,5,2,3
32.58,8,3,1
32.6,0,6,3
32.62,4,1,2
32.64,3,3,9
32.66,8,9,1
32.68,2,4,5
32.7,6,4,3
32.72,5,3,4
32.74,5,4,4
32.76,4,1,2
32.78,5,3,6
32.8,5,3,3
32.82,2,4,3
32.84,5,4,2
32.86,5,5,4
32.88,5,8,8
32.9,5,2,2
32.92,2,5,1
32.94,5,4,4
32.96,3,2,6
32.98,2,2,7
33,5,3,5
33.02,3,1,0
33.04,5,3,7
33.06,2,2,4
33.08,3,3,7
33.1,9,7,4
33.12,6,6,2
33.14,6,3,3
33.16,8,6,3
33.18,7,3,6
33.2,3,5,1
33.22,10,6,3
33.24,1,6,3
33.26,3,0,3
33.28,3,5,1
33.3,5,5,8
33.32,5,0,6
33.34,3,5,2
33.36,6,2,6
33.38,3,4,7
33.4,4,6,0
33.42,4,6,9
33.44,6,4,4
33.46,4,4,4
33.48,0,6,0
33.5,4,5,9
33.52,4,5,7
33.54,2,4,3
33.56,2,2,3
33.58,12,6,5
33.6,8,3,2
33.62,5,1,4
33.64,4,7,3
33.66,14,7,8
33.68,3,3,4
33.7,3,5,5
33.72,6,3,3
33.74,2,7,2
33.76,6,4,5
33.78,3,1,1
33.8,6,2,3
33.82,2,0,3
33.84,7,6,1
33.86,5,4,3
33.88,8,3,8
33.9,5,3,5
33.92,4,5,7
33.94,2,1,9
33.96,4,3,3
33.98,4,3,1
34,3,2,5
34.02,7,4,7
34.04,6,0,1
34.06,2,3,3
34.08,2,1,4
34.1,5,2,6
34.12,8,2,3
34.14,5,6,0
34.16,3,2,3
34.18,4,2,5
34.2,2,2,3
34.22,3,5,4
34.24,6,6,3
34.26,4,1,2
34.28,7,8,2
34.3,0,3,5
34.32,2,4,3
34.34,3,1,5
34.36,4,1,7
34.38,3,2,4
34.4,0,5,8
34.42,7,5,4
34.44,3,3,2
34.46,2,5,6
34.48,4,3,3
34.5,5,7,2
34.52,5,3,3
34.54,2,4,1
34.56,4,1,6
34.58,4,6,2
34.6,3,3,2
34.62,2,2,4
34.64,5,3,4
34.66,6,4,3
34.68,4,1,8
34.7,4,3,2
34.72,2,0,0
34.74,2,3,4
34.76,2,2,4
34.78,3,4,4
34.8,3,4,2
34.82,2,8,6
34.84,2,3,3
34.86,6,4,5
34.88,2,4,6
34.9,3,2,7
34.92,3,2,6
34.94,4,6,3
34.96,8,2,4
34.98,2,5,5
35,5,8,1
35.02,7,2,4
35.04,2,2,4
35.06,2,3,3
35.08,4,2,2
35.1,5,5,3
35.12,9,2,2
35.14,3,3,8
35.16,4,3,0
35.18,3,3,1
35.2,3,4,4
35.22,3,2,0
35.24,1,1,5
35.26,5,4,4
35.28,9,4,2
35.3,6,4,7
35.32,4,0,3
35.34,6,7,5
35.36,1,4,5
35.38,7,3,7
35.4,6,6,1
35.42,3,5,0
35.44,1,4,2
35.46,3,4,5
35.48,4,2,3
35.5,8,0,4
35.52,5,3,4
35.54,4,3,6
35.56,3,2,2
35.58,2,7,4
35.6,3,6,3
35.62,3,3,8
35.64,5,1,5
35.66,6,3,7
35.68,3,3,3
35.7,3,6,2
35.72,5,1,2
35.74,2,2,4
35.76,4,3,4
35.78,2,7,3
35.8,9,5,5
35.82,2,3,1
35.84,5,3,3
35.86,6,2,1
35.88,3,3,3
35.9,1,5,4
35.92,3,3,3
35.94,1,5,3
35.96,7,4,4
35.98,7,2,8
36,2,0,6
36.02,4,3,9
36.04,3,2,3
36.06,3,4,6
36.08,5,3,7
36.1,0,1,4
36.12,4,5,7
36.14,2,6,4
36.16,4,5,3
36.18,1,3,5
36.2,3,5,5
36.22,4,3,4
36.24,4,3,4
36.26,4,2,4
36.28,3,2,2
36.3,8,5,1
36.32,5,10,3
36.34,2,7,4
36.36,4,8,3
36.38,3,4,7
36.4,1,8,4
36.42,6,5,8
36.44,4,6,4
36.46,4,5,1
36.48,3,3,4
36.5,2,5,3
36.52,1,5,1
36.54,4,2,1
36.56,4,5,3
36.58,5,3,3
36.6,1,5,3
36.62,4,3,1
36.64,0,8,2
36.66,1,5,3
36.68,2,4,2
36.7,2,1,1
36.72,4,4,3
36.74,4,5,1
36.76,3,4,2
36.78,3,4,5
36.8,3,3,2
36.82,0,2,3
36.84,3,9,2
36.86,3,5,5
36.88,2,4,7
36.9,1,5,1
36.92,7,5,0
36.94,6,3,3
36.96,6,3,2
36.98,2,5,5
37,3,7,5
37.02,4,2,6
37.04,1,3,4
37.06,3,5,2
37.08,1,2,5
37.1,3,3,5
37.12,2,4,2
37.14,4,2,2
37.16,0,8,3
37.18,4,2,2
37.2,2,5,3
37.22,2,3,3
37.24,4,2,4
37.26,3,1,2
37.28,6,6,5
37.3,4,2,4
37.32,4,4,2
37.34,6,3,3
37.36,2,3,2
37.38,3,4,3
37.4,7,2,6
37.42,4,2,3
37.44,9,2,5
37.46,5,5,6
37.48,2,4,4
37.5,2,3,6
37.52,1,2,1
37.54,0,4,3
37.56,2,5,1
37.58,1,4,2
37.6,7,2,7
37.62,2,5,5
37.64,6,3,3
37.66,5,8,3
37.68,3,2,0
37.7,1,2,1
37.72,5,4,3
37.74,5,4,6
37.76,8,3,3
37.78,1,5,6
37.8,2,1,5
37.82,7,4,8
37.84,5,4,3
37.86,2,2,0
37.88,10,5,1
37.9,0,7,3
37.92,2,4,2
37.94,2,4,4
37.96,2,3,5
37.98,5,2,3
38,3,2,7
38.02,2,3,5
38.04,3,4,1
38.06,0,3,4
38.08,2,3,3
38.1,3,5,3
38.12,4,3,2
38.14,3,1,1
38.16,3,2,6
38.18,4,4,4
38.2,7,3,3
38.22,4,4,6
38.24,2,0,2
38.26,4,3,4
38.28,4,1,5
38.3,0,3,5
38.32,2,2,2
38.34,6,2,3
38.36,4,3,4
38.38,3,2,7
38.4,6,5,2
38.42,1,3,7
38.44,1,2,6
38.46,3,4,6
38.48,7,3,1
38.5,0,1,3
38.52,5,2,5
38.54,0,4,4
38.56,2,6,7
38.58,3,2,6
38.6,4,1,4
38.62,4,5,4
38.64,5,2,0
38.66,4,3,3
38.68,3,6,2
38.7,5,1,0
38.72,4,8,3
38.74,1,3,7
38.76,3,1,3
38.78,10,4,2
38.8,0,4,7
38.82,4,3,3
38.84,3,5,5
38.86,8,7,3
38.88,0,4,2
38.9,10,4,5
38.92,4,3,5
38.94,6,5,6
38.96,2,4,5
38.98,8,6,5
39,5,3,6
39.02,1,1,6
39.04,2,1,2
39.06,1,4,4
39.08,5,7,4
39.1,4,2,6
39.12,2,6,4
39.14,1,3,5
39.16,2,1,5
39.18,9,5,3
39.2,7,5,0
39.22,5,5,7
39.24,2,7,4
39.26,9,3,3
39.28,3,4,1
39.3,4,3,0
39.32,4,5,5
39.34,6,3,0
39.36,4,2,3
39.38,10,2,8
39.4,1,1,7
39.42,2,2,4
39.44,2,4,2
39.46,7,2,3
39.48,10,5,5
39.5,5,5,4
39.52,6,7,4
39.54,3,4,2
39.56,0,5,5
39.58,3,4,3
39.6,5,7,5
39.62,1,3,1
39.64,6,7,0
39.66,8,0,3
39.68,4,9,6
39.7,4,3,0
39.72,5,3,2
39.74,3,2,2
39.76,6,6,0
39.78,4,3,6
39.8,4,1,4
39.82,2,1,1
39.84,7,7,3
39.86,8,4,3
39.88,4,4,5
39.9,4,5,5
39.92,7,4,5
39.94,7,4,1
39.96,0,4,3
39.98,10,0,2
40,4,9,2
40.02,4,2,8
40.04,2,2,4
40.06,3,3,7
40.08,7,1,3
40.1,0,2,9
40.12,2,3,3
40.14,4,5,1
40.16,7,4,7
40.18,2,3,1
40.2,1,1,5
40.22,8,4,2
40.24,2,6,6
40.26,2,3,3
40.28,10,1,4
40.3,2,0,1
40.32,3,4,3
40.34,4,6,8
40.36,3,3,2
40.38,3,4,2
40.4,6,6,2
40.42,5,1,4
40.44,2,4,5
40.46,1,5,3
40.48,6,2,0
40.5,2,6,1
40.52,7,3,3
40.54,1,2,3
40.56,4,8,3
40.58,0,8,3
40.6,5,0,4
40.62,2,6,4
40.64,2,1,3
40.66,6,1,4
40.68,4,5,5
40.7,1,2,2
40.72,2,1,3
40.74,0,3,5
40.76,3,5,4
40.78,1,1,1
40.8,4,5,4
40.82,3,3,5
40.84,1,1,1
40.86,2,4,2
40.88,6,4,7
40.9,4,3,5
40.92,5,4,5
40.94,2,2,2
40.96,3,2,4
40.98,3,4,4
41,1,5,9
41.02,2,5,0
41.04,2,2,2
41.06,1,2,5
41.08,1,3,7
41.1,1,3,6
41.12,0,4,3
41.14,3,2,4
41.16,2,1,3
41.18,4,7,5
41.2,5,1,1
41.22,6,2,2
41.24,5,3,6
41.26,3,2,4
41.28,6,0,4
41.3,4,5,5
41.32,3,4,2
41.34,1,1,2
41.36,2,3,2
41.38,2,11,2
41.4,3,7,0
41.42,3,4,5
41.44,4,5,1
41.46,3,4,5
41.48,6,4,3
41.5,4,5,3
41.52,4,3,7
41.54,0,3,1
41.56,3,4,2
41.58,3,1,8
41.6,4,1,3
41.62,6,9,4
41.64,1,8,5
41.66,3,4,2
41.68,1,4,3
41.7,5,4,3
41.72,2,4,2
41.74,6,3,5
41.76,2,3,3
41.78,4,4,3
41.8,5,0,4
41.82,3,1,3
41.84,2,1,0
41.86,4,5,1
41.88,2,3,4
41.9,7,2,5
41.92,1,7,2
41.94,4,4,5
41.96,3,4,0
41.98,4,1,6
42,3,2,3
42.02,2,5,4
42.04,1,4,2
42.06,0,2,1
42.08,1,6,1
42.1,5,2,6
42.12,2,2,5
42.14,2,3,2
42.16,1,5,3
42.18,2,0,4
42.2,4,6,3
42.22,1,4,3
42.24,2,6,5
42.26,5,3,3
42.28,4,7,3
42.3,4,3,2
42.32,2,3,2
42.34,4,1,0
42.36,3,1,2
42.38,5,5,1
42.4,7,8,6
42.42,4,0,6
42.44,8,7,5
42.46,8,1,3
42.48,2,2,4
42.5,2,3,2
42.52,3,0,6
42.54,1,5,2
42.56,1,3,4
42.58,5,1,3
42.6,4,5,3
42.62,2,1,6
42.64,3,1,3
42.66,3,1,4
42.68,6,3,0
42.7,4,5,4
42.72,1,4,4
42.74,1,0,3
42.76,7,1,8
42.78,1,1,4
42.8,1,1,2
42.82,1,4,2
42.84,7,3,2
42.86,7,0,3
42.88,6,3,1
42.9,1,4,3
42.92,3,4,4
42.94,4,4,2
42.96,1,2,1
42.98,4,3,1
43,7,2,1
43.02,3,2,0
43.04,2,4,4
43.06,0,7,5
43.08,3,7,3
43.1,2,1,3
43.12,3,3,2
43.14,6,2,4
43.16,2,2,3
43.18,1,3,4
43.2,4,2,1
43.22,7,2,0
43.24,6,2,4
43.26,4,3,3
43.28,2,3,4
43.3,3,6,6
43.32,3,1,1
43.34,0,2,5
43.36,5,5,1
43.38,2,3,5
43.4,5,2,3
43.42,6,4,4
43.44,2,3,5
43.46,0,3,1
43.48,2,5,5
43.5,5,2,2
43.52,2,4,2
43.54,4,7,3
43.56,7,2,4
43.58,4,2,6
43.6,3,4,6
43.62,5,6,7
43.64,9,5,6
43.66,8,3,9
43.68,5,0,2
43.7,4,3,5
43.72,1,5,3
43.74,5,4,5
43.76,5,0,4
43.78,3,3,5
43.8,5,4,1
43.82,3,3,4
43.84,6,3,4
43.86,2,3,4
43.88,0,2,1
43.9,5,3,6
43.92,7,5,4
43.94,6,1,4
43.96,4,4,1
43.98,6,2,6
44,2,1,1
44.02,6,2,3
44.04,5,2,5
44.06,6,5,2
44.08,8,2,3
44.1,5,5,1
44.12,1,5,1
44.14,3,7,5
44.16,3,1,5
44.18,1,9,4
44.2,1,4,2
44.22,0,3,4
44.24,1,3,8
44.26,7,3,4
44.28,3,8,3
44.3,0,3,4
44.32,2,5,3
44.34,2,2,3
44.36,3,4,4
44.38,4,4,2
44.4,6,3,2
44.42,4,2,6
44.44,4,3,2
44.46,8,5,1
44.48,5,4,1
44.5,4,4,4
44.52,5,6,6
44.54,3,3,4
44.56,9,4,3
44.58,6,2,6
44.6,3,2,2
44.62,1,2,1
44.64,3,0,4
44.66,2,9,5
44.68,3,1,1
44.7,3,4,5
44.72,7,2,3
44.74,1,8,0
44.76,1,4,2
44.78,3,4,1
44.8,1,7,5
44.82,8,2,6
44.84,2,1,7
44.86,5,2,6
44.88,5,1,2
44.9,3,4,6
44.92,5,4,2
44.94,11,5,3
44.96,4,3,4
44.98,5,1,4
45,4,4,4
45.02,4,6,3
45.04,3,2,4
45.06,4,4,2
45.08,4,7,4
45.1,1,3,2
45.12,4,2,7
45.14,2,4,8
45.16,2,3,5
45.18,10,2,4
45.2,4,6,7
45.22,1,1,1
45.24,6,2,1
45.26,3,1,3
45.28,3,4,0
45.3,2,4,4
45.32,5,7,5
45.34,4,4,1
45.36,1,2,0
45.38,2,6,1
45.4,3,4,6
45.42,5,7,6
45.44,1,10,2
45.46,5,5,8
45.48,3,2,4
45.5,3,3,1
45.52,2,4,2
45.54,0,2,4
45.56,2,8,4
45.58,3,3,1
45.6,3,3,3
45.62,2,4,1
45.64,2,5,4
45.66,4,4,0
45.68,4,4,2
45.7,1,5,9
45.72,0,6,4
45.74,0,4,7
45.76,1,0,7
45.78,5,3,5
45.8,3,3,1
45.82,0,3,1
45.84,3,5,3
45.86,3,4,5
45.88,2,0,8
45.9,3,8,6
45.92,3,3,7
45.94,9,6,5
45.96,2,3,1
45.98,4,5,4
46,2,2,3
46.02,5,1,5
46.04,6,5,4
46.06,5,7,5
46.08,1,7,6
46.1,1,1,5
46.12,1,3,1
46.14,4,3,3
46.16,2,3,0
46.18,3,1,2
46.2,3,1,4
46.22,1,6,3
46.24,3,6,4
46.26,1,1,7
46.28,3,0,1
46.3,0,4,3
46.32,2,2,4
46.34,4,6,3
46.36,1,6,5
46.38,5,5,2
46.4,2,6,6
46.42,1,6,2
46.44,0,4,2
46.46,6,1,2
46.48,5,3,4
46.5,2,3,3
46.52,5,0,2
46.54,2,1,1
46.56,6,1,1
46.58,5,4,2
46.6,6,3,3
46.62,3,8,3
46.64,7,8,1
46.66,3,4,4
46.68,8,0,3
46.7,5,2,6
46.72,5,7,2
46.74,6,2,4
46.76,3,5,3
46.78,1,2,1
46.8,2,3,2
46.82,4,4,2
46.84,5,5,5
46.86,3,0,9
46.88,2,1,1
46.9,5,5,5
46.92,1,4,6
46.94,0,2,3
46.96,4,8,2
46.98,1,0,4
47,4,3,6
47.02,2,4,1
47.04,5,5,5
47.06,4,2,3
47.08,5,5,2
47.1,2,1,1
47.12,5,2,5
47.14,5,0,2
47.16,2,6,6
47.18,4,6,4
47.2,3,1,0
47.22,0,7,7
47.24,2,1,5
47.26,3,3,2
47.28,0,4,2
47.3,10,0,0
47.32,3,2,7
47.34,3,8,1
47.36,2,3,7
47.38,3,2,6
47.4,3,8,7
47.42,3,3,3
47.44,0,3,2
47.46,5,4,2
47.48,1,0,5
47.5,6,6,3
47.52,7,8,3
47.54,0,1,6
47.56,3,1,5
47.58,4,3,5
47.6,6,5,3
47.62,6,8,7
47.64,7,5,4
47.66,2,4,7
47.68,1,0,6
47.7,0,6,0
47.72,2,5,5
47.74,9,4,6
47.76,5,1,5
47.78,0,1,4
47.8,5,0,0
47.82,5,4,4
47.84,3,6,4
47.86,3,4,8
47.88,3,2,5
47.9,5,5,1
47.92,3,3,4
47.94,2,4,2
47.96,2,7,7
47.98,7,5,3
48,1,6,3
48.02,2,4,5
48.04,6,3,2
48.06,1,8,6
48.08,5,3,1
48.1,4,4,4
48.12,0,6,2
48.14,1,6,4
48.16,3,5,2
48.18,2,3,4
48.2,2,2,1
48.22,4,2,1
48.24,9,3,8
48.26,6,8,2
48.28,1,0,7
48.3,4,3,4
48.32,4,2,2
48.34,5,2,4
48.36,4,1,3
48.38,2,2,3
48.4,3,0,6
48.42,2,2,4
48.44,2,4,3
48.46,4,3,2
48.48,3,2,2
48.5,4,2,1
48.52,3,4,4
48.54,5,3,1
48.56,0,5,3
48.58,4,4,5
48.6,6,2,6
48.62,7,2,6
48.64,1,7,3
48.66,6,2,6
48.68,3,3,3
48.7,1,2,5
48.72,3,2,0
48.74,4,0,2
48.76,7,3,9
48.78,1,1,4
48.8,4,7,3
48.82,7,4,5
48.84,8,4,6
48.86,10,4,6
48.88,4,7,1
48.9,3,5,1
48.92,5,4,5
48.94,3,3,3
48.96,3,3,2
48.98,7,2,5
49,1,0,3
49.02,4,5,8
49.04,4,6,5
49.06,0,3,2
49.08,4,2,3
49.1,2,3,2
49.12,3,3,2
49.14,1,1,3
49.16,4,4,6
49.18,1,4,4
49.2,0,4,9
49.22,3,1,4
49.24,3,3,3
49.26,2,4,3
49.28,6,3,3
49.3,4,1,3
49.32,4,3,0
49.34,3,2,3
49.36,6,6,4
49.38,4,4,3
49.4,3,3,7
49.42,8,2,3
49.44,4,3,7
49.46,2,3,5
49.48,3,3,11
49.5,3,1,3
49.52,5,2,1
49.54,3,2,5
49.56,1,5,3
49.58,1,1,2
49.6,3,1,5
49.62,1,4,4
49.64,5,1,3
49.66,2,5,4
49.68,3,7,1
49.7,5,3,2
49.72,2,1,5
49.74,5,7,3
49.76,2,5,7
49.78,1,1,5
49.8,0,3,4
49.82,5,6,6
49.84,4,1,7
49.86,1,1,7
49.88,1,3,3
49.9,2,5,4
49.92,7,6,2
49.94,3,7,4
49.96,7,1,6
49.98,4,3,5
50,2,2,3
50.02,2,6,4
50.04,2,3,1
50.06,5,4,1
50.08,3,1,3
50.1,7,7,4
50.12,1,4,9
50.14,5,5,2
50.16,4,6,2
50.18,2,5,6
50.2,4,2,5
50.22,1,3,2
50.24,4,3,5
50.26,3,4,2
50.28,1,5,2
50.3,1,5,2
50.32,1,5,2
50.34,3,3,5
50.36,6,4,2
50.38,7,3,3
50.4,3,5,1
50.42,4,1,2
50.44,4,0,7
50.46,7,3,7
50.48,4,4,2
50.5,2,6,2
50.52,7,4,3
50.54,4,11,1
50.56,1,5,2
50.58,6,1,6
50.6,4,6,4
50.62,3,3,3
50.64,2,2,3
50.66,3,2,2
50.68,2,3,4
50.7,3,5,2
50.72,5,2,2
50.74,5,4,6
50.76,4,7,5
50.78,2,3,4
50.8,3,4,5
50.82,4,6,3
50.84,6,8,6
50.86,2,5,2
50.88,4,4,5
50.9,4,4,5
50.92,8,5,6
50.94,3,2,5
50.96,2,1,3
50.98,2,2,1
51,2,2,0
51.02,4,4,3
51.04,5,3,5
51.06,4,6,4
51.08,4,1,6
51.1,3,3,4
51.12,1,1,3
51.14,2,12,3
51.16,4,0,5
51.18,3,3,4
51.2,2,1,2
51.22,6,4,5
51.24,6,2,5
51.26,3,0,2
51.28,3,6,4
51.3,2,9,1
51.32,3,8,4
51.34,1,4,4
51.36,4,3,5
51.38,2,2,2
51.4,3,3,4
51.42,1,1,2
51.44,4,1,0
51.46,1,1,2
51.48,5,5,3
51.5,5,4,2
51.52,3,4,6
51.54,4,6,4
51.56,3,2,4
51.58,5,4,5
51.6,1,2,4
51.62,4,5,2
51.64,0,2,1
51.66,0,6,5
51.68,1,1,2
51.7,6,6,7
51.72,0,4,3
51.74,1,2,4
51.76,7,6,2
51.78,1,6,4
51.8,1,4,6
51.82,6,4,3
51.84,2,5,6
51.86,3,2,3
51.88,6,2,2
51.9,2,1,8
51.92,4,3,4
51.94,1,2,3
51.96,1,6,5
51.98,2,2,6
52,8,2,2
52.02,4,5,7
52.04,4,6,1
52.06,7,2,2
52.08,4,5,1
52.1,5,1,1
52.12,4,5,2
52.14,2,2,3
52.16,6,5,2
52.18,3,2,3
52.2,5,6,9
52.22,3,3,1
52.24,2,4,8
52.26,4,6,3
52.28,1,1,2
52.3,2,2,4
52.32,3,3,5
52.34,1,3,5
52.36,2,5,2
52.38,3,4,5
52.4,6,5,6
52.42,4,2,4
52.44,3,5,3
52.46,2,2,3
52.48,1,6,5
52.5,4,5,2
52.52,4,2,5
52.54,5,5,3
52.56,2,4,5
52.58,8,3,2
52.6,7,5,3
52.62,3,3,7
52.64,5,1,7
52.66,0,3,3
52.68,5,3,2
52.7,4,1,4
52.72,3,3,4
52.74,4,2,1
52.76,4,2,3
52.78,3,1,2
52.8,3,5,2
52.82,4,3,4
52.84,7,2,3
52.86,0,3,5
52.88,1,5,3
52.9,2,3,2
52.92,4,1,2
52.94,3,0,3
52.96,2,2,6
52.98,4,3,2
53,1,5,2
53.02,4,9,3
53.04,1,2,4
53.06,0,2,3
53.08,5,5,3
53.1,2,3,4
53.12,0,3,5
53.14,3,2,2
53.16,1,0,2
53.18,5,4,3
53.2,1,5,8
53.22,3,3,7
53.24,4,2,3
53.26,4,4,3
53.28,6,2,1
53.3,9,5,4
53.32,3,6,1
53.34,0,2,6
53.36,4,3,7
53.38,2,6,4
53.4,4,7,2
53.42,5,3,1
53.44,5,2,2
53.46,6,1,3
53.48,1,6,4
53.5,1,2,3
53.52,2,0,3
53.54,0,5,1
53.56,1,3,2
53.58,6,5,3
53.6,3,1,3
53.62,2,3,4
53.64,7,2,3
53.66,2,2,2
53.68,2,1,2
53.7,5,7,4
53.72,6,2,1
53.74,2,6,1
53.76,2,2,3
53.78,3,11,4
53.8,4,1,3
53.82,2,2,0
53.84,5,4,5
53.86,5,5,6
53.88,5,3,4
53.9,5,4,4
53.92,3,8,3
53.94,4,2,0
53.96,4,2,4
53.98,2,2,3
54,0,2,3
54.02,2,5,6
54.04,4,2,4
54.06,4,0,1
54.08,3,3,2
54.1,5,2,3
54.12,4,6,8
54.14,4,3,6
54.16,3,4,0
54.18,1,1,3
54.2,5,5,3
54.22,4,3,2
54.24,3,2,2
54.26,7,1,3
54.28,3,8,3
54.3,2,4,5
54.32,1,3,1
54.34,3,4,3
54.36,7,2,2
54.38,3,3,4
54.4,3,3,1
54.42,2,7,4
54.44,2,1,4
54.46,2,6,1
54.48,4,3,3
54.5,2,1,2
54.52,1,3,8
54.54,2,7,1
54.56,1,1,0
54.58,1,4,3
54.6,7,5,2
54.62,3,6,5
54.64,3,7,3
54.66,4,1,3
54.68,6,2,4
54.7,2,4,8
54.72,5,2,8
54.74,0,9,6
54.76,2,6,3
54.78,2,4,4
54.8,0,1,4
54.82,6,4,4
54.84,4,6,5
54.86,2,2,5
54.88,2,3,3
54.9,1,0,1
54.92,1,5,4
54.94,3,3,1
54.96,1,0,2
54.98,6,6,5
55,2,4,1
55.02,6,3,5
55.04,2,3,4
55.06,3,3,6
55.08,6,0,5
55.1,4,6,5
55.12,2,10,3
55.14,5,6,7
55.16,2,2,3
55.18,8,2,5
55.2,5,2,6
55.22,4,3,4
55.24,3,5,2
55.26,6,2,3
55.28,2,8,2
55.3,5,3,5
55.32,5,7,5
55.34,7,0,2
55.36,6,5,3
55.38,3,4,2
55.4,1,4,0
55.42,3,3,2
55.44,4,3,0
55.46,1,3,4
55.48,4,6,3
55.5,0,1,7
55.52,6,3,4
55.54,6,3,2
55.56,3,5,5
55.58,8,8,4
55.6,0,2,5
55.62,5,5,4
55.64,1,2,4
55.66,7,5,4
55.68,5,4,3
55.7,4,6,5
55.72,3,3,1
55.74,5,2,2
55.76,1,2,2
55.78,5,3,1
55.8,2,8,3
55.82,1,3,0
55.84,6,2,2
55.86,3,3,5
55.88,3,3,4
55.9,1,2,2
55.92,1,8,3
55.94,1,6,1
55.96,2,5,0
55.98,5,1,2
56,3,5,1
56.02,1,4,4
56.04,1,3,2
56.06,4,5,3
56.08,3,3,2
56.1,4,8,2
56.12,5,1,4
56.14,5,0,3
56.16,4,5,4
56.18,4,3,8
56.2,4,1,3
56.22,4,2,4
56.24,8,3,3
56.26,3,7,1
56.28,2,0,3
56.3,6,5,4
56.32,5,1,4
56.34,6,4,3
56.36,6,3,5
56.38,3,7,8
56.4,3,4,7
56.42,7,3,0
56.44,1,4,2
56.46,6,3,4
56.48,2,3,2
56.5,2,6,2
56.52,6,2,3
56.54,4,7,4
56.56,7,0,2
56.58,1,1,3
56.6,5,5,6
56.62,3,6,0
56.64,3,5,6
56.66,0,1,2
56.68,2,6,5
56.7,4,3,2
56.72,7,9,2
56.74,5,1,10
56.76,1,5,2
56.78,6,4,6
56.8,3,10,2
56.82,6,7,4
56.84,3,3,3
56.86,3,2,1
56.88,3,3,1
56.9,1,7,3
56.92,6,3,0
56.94,3,3,5
56.96,4,3,3
56.98,3,5,2
57,2,0,6
57.02,2,0,3
57.04,4,2,2
57.06,2,4,3
57.08,7,2,5
57.1,3,1,1
57.12,2,2,2
57.14,7,4,1
57.16,2,2,1
57.18,3,4,2
57.2,1,5,3
57.22,3,2,6
57.24,2,6,6
57.26,5,0,3
57.28,4,5,4
57.3,8,1,4
57.32,4,4,4
57.34,1,3,4
57.36,7,0,1
57.38,4,5,2
57.4,2,3,3
57.42,5,3,5
57.44,0,1,9
57.46,4,0,4
57.48,6,5,5
57.5,3,3,1
57.52,4,3,1
57.54,3,3,2
57.56,1,3,7
57.58,5,3,5
57.6,1,6,1
57.62,2,3,2
57.64,4,8,5
57.66,2,2,1
57.68,2,2,2
57.7,2,4,7
57.72,7,5,3
57.74,5,4,3
57.76,3,3,1
57.78,2,5,5
57.8,6,4,4
57.82,2,2,7
57.84,3,5,2
57.86,4,2,1
57.88,4,5,1
57.9,6,2,0
57.92,1,9,3
57.94,7,6,2
57.96,0,4,2
57.98,3,3,5
58,3,4,3
58.02,2,1,3
58.04,4,0,3
58.06,2,1,3
58.08,3,3,3
58.1,2,1,6
58.12,4,5,2
58.14,0,4,4
58.16,7,3,0
58.18,1,2,3
58.2,6,4,3
58.22,3,10,4
58.24,1,3,3
58.26,3,2,1
58.28,2,5,3
58.3,3,3,4
58.32,2,3,5
58.34,2,0,2
58.36,2,1,2
58.38,3,2,1
58.4,5,3,3
58.42,4,1,6
58.44,6,2,4
58.46,6,4,3
58.48,2,1,4
58.5,3,2,1
58.52,3,6,4
58.54,0,2,4
58.56,4,3,3
58.58,3,3,1
58.6,3,5,6
58.62,2,4,3
58.64,1,7,3
58.66,2,5,0
58.68,3,4,4
58.7,2,2,2
58.72,8,3,0
58.74,5,5,6
58.76,2,2,3
58.78,5,5,3
58.8,8,3,3
58.82,4,2,4
58.84,3,4,2
58.86,5,2,4
58.88,5,3,4
58.9,8,2,3
58.92,8,2,4
58.94,8,11,5
58.96,2,9,1
58.98,6,0,9
59,3,5,3
59.02,3,8,5
59.04,5,4,2
59.06,4,1,6
59.08,5,5,6
59.1,1,4,4
59.12,9,1,1
59.14,4,2,7
59.16,3,3,6
59.18,7,4,3
59.2,5,4,3
59.22,3,4,1
59.24,3,2,2
59.26,3,4,4
59.28,3,4,2
59.3,1,1,2
59.32,3,5,4
59.34,3,1,7
59.36,2,10,1
59.38,2,4,3
59.4,4,3,5
59.42,3,5,5
59.44,0,6,3
59.46,6,2,4
59.48,6,3,1
59.5,6,4,5
59.52,2,1,2
59.54,4,4,5
59.56,5,4,4
59.58,6,5,6
59.6,7,1,2
59.62,1,6,5
59.64,4,3,3
59.66,3,4,3
59.68,2,6,2
59.7,5,9,6
59.72,4,2,3
59.74,4,1,4
59.76,7,6,5
59.78,3,2,2
59.8,1,3,1
59.82,6,5,4
59.84,2,7,4
59.86,3,5,8
59.88,3,4,7
59.9,5,5,1
59.92,2,8,2
59.94,2,8,5
59.96,3,7,12
59.98,5,5,9
60,4,4,4
60.02,2,4,1
60.04,1,2,1
60.06,4,5,2
60.08,4,1,6
60.1,3,1,5
60.12,6,3,7
60.14,3,3,1
60.16,1,1,8
60.18,5,3,4
60.2,5,2,4
60.22,2,3,1
60.24,6,7,1
60.26,4,3,2
60.28,3,2,3
60.3,4,5,4
60.32,3,1,3
60.34,1,4,3
60.36,2,6,7
60.38,7,3,3
60.4,7,3,2
60.42,5,4,3
60.44,6,3,0
60.46,1,6,7
60.48,1,2,5
60.5,2,3,1
60.52,2,3,1
60.54,1,3,5
60.56,3,6,2
60.58,2,2,3
60.6,2,1,2
60.62,5,4,3
60.64,4,3,2
60.66,1,5,4
60.68,1,3,3
60.7,4,2,1
60.72,2,8,3
60.74,1,5,2
60.76,4,3,1
60.78,4,2,1
60.8,1,9,5
60.82,3,4,5
60.84,6,3,4
60.86,3,1,3
60.88,3,3,2
60.9,4,6,2
60.92,4,2,4
60.94,2,5,4
60.96,3,2,6
60.98,3,1,5
61,6,2,3
61.02,6,5,3
61.04,8,2,2
61.06,8,2,6
61.08,4,6,4
61.1,4,5,4
61.12,2,5,3
61.14,3,4,4
61.16,1,5,2
61.18,2,5,4
61.2,5,5,5
61.22,3,2,5
61.24,2,2,1
61.26,6,7,0
61.28,3,5,3
61.3,2,4,6
61.32,2,4,7
61.34,2,6,8
61.36,3,3,7
61.38,2,2,0
61.4,4,1,8
61.42,5,1,4
61.44,4,4,2
61.46,2,4,5
61.48,0,3,5
61.5,2,3,3
61.52,7,1,6
61.54,1,2,4
61.56,4,3,3
61.58,3,3,2
61.6,4,3,2
61.62,6,6,6
61.64,4,3,5
61.66,1,4,3
61.68,4,4,4
61.7,2,5,6
61.72,2,1,7
61.74,3,4,3
61.76,5,5,5
61.78,7,5,5
61.8,4,3,4
61.82,3,5,1
61.84,8,2,2
61.86,6,0,3
61.88,10,3,5
61.9,6,5,7
61.92,4,4,1
61.94,6,0,5
61.96,5,4,4
61.98,3,2,7
62,2,1,1
62.02,0,4,1
62.04,3,3,0
62.06,6,9,4
62.08,4,3,5
62.1,4,2,1
62.12,6,6,2
62.14,5,2,2
62.16,3,2,7
62.18,4,1,6
62.2,4,4,2
62.22,5,2,4
62.24,4,3,4
62.26,2,7,0
62.28,3,2,3
62.3,6,3,4
62.32,9,1,6
62.34,2,6,3
62.36,6,6,5
62.38,4,4,1
62.4,2,3,4
62.42,5,3,4
62.44,1,4,4
62.46,1,2,2
62.48,2,10,4
62.5,4,2,3
62.52,2,4,5
62.54,1,3,0
62.56,2,2,2
62.58,5,2,1
62.6,5,4,3
62.62,3,4,4
62.64,4,4,5
62.66,4,2,4
62.68,3,5,4
62.7,3,2,1
62.72,7,5,1
62.74,3,2,2
62.76,2,2,2
62.78,6,4,3
62.8,4,6,7
62.82,0,2,3
62.84,2,2,3
62.86,4,5,14
62.88,2,3,2
62.9,2,0,5
62.92,6,2,3
62.94,1,8,2
62.96,3,3,3
62.98,4,3,0
63,4,6,1
63.02,3,5,4
63.04,3,1,5
63.06,3,3,6
63.08,4,1,1
63.1,4,1,1
63.12,4,4,9
63.14,5,1,9
63.16,2,3,3
63.18,5,2,5
63.2,6,4,5
63.22,4,9,2
63.24,5,4,2
63.26,3,1,3
63.28,0,4,5
63.3,4,8,1
63.32,3,1,2
63.34,3,3,3
63.36,6,6,5
63.38,2,5,4
63.4,2,4,7
63.42,4,2,1
63.44,5,4,2
63.46,6,2,1
63.48,1,4,2
63.5,5,6,4
63.52,4,4,4
63.54,5,5,1
63.56,5,1,2
63.58,3,1,4
63.6,4,1,2
63.62,3,2,0
63.64,1,1,1
63.66,2,0,4
63.68,6,3,3
63.7,2,5,1
63.72,1,0,4
63.74,3,4,3
63.76,2,7,2
63.78,3,4,3
63.8,3,1,3
63.82,5,6,1
63.84,1,4,3
63.86,5,4,6
63.88,1,5,5
63.9,5,4,0
63.92,3,5,6
63.94,6,0,4
63.96,6,4,3
63.98,6,3,4
64,8,7,3
64.02,10,2,1
64.04,2,5,2
64.06,2,1,4
64.08,5,3,7
64.1,1,5,2
64.12,3,7,5
64.14,1,0,8
64.16,5,2,2
64.18,1,5,2
64.2,1,1,2
64.22,2,2,4
64.24,2,5,3
64.26,4,3,3
64.28,3,4,3
64.3,2,4,5
64.32,3,3,0
64.34,1,2,0
64.36,5,3,3
64.38,3,7,3
64.4,5,10,4
64.42,3,3,2
64.44,0,1,2
64.46,6,3,3
64.48,4,5,8
64.5,1,2,9
64.52,2,1,1
64.54,3,4,6
64.56,2,5,1
64.58,1,2,2
64.6,4,2,5
64.62,3,7,2
64.64,2,3,3
64.66,4,6,2
64.68,2,1,2
64.7,3,6,0
64.72,1,3,3
64.74,4,5,1
64.76,1,2,1
64.78,2,5,3
64.8,1,3,1
64.82,1,3,4
64.84,4,5,0
64.86,7,1,2
64.88,5,2,3
64.9,1,5,4
64.92,6,0,5
64.94,7,1,1
64.96,1,3,5
64.98,3,3,4
65,5,4,4
65.02,4,2,3
65.04,6,8,2
65.06,6,3,1
65.08,8,1,3
65.1,2,3,4
65.12,4,3,6
65.14,1,5,4
65.16,3,6,3
65.18,4,7,2
65.2,1,7,6
65.22,3,3,9
65.24,6,2,4
65.26,6,4,6
65.28,1,5,1
65.3,7,5,8
65.32,4,2,2
65.34,1,6,1
65.36,6,3,6
65.38,3,4,3
65.4,3,3,2
65.42,3,3,5
65.44,4,8,3
65.46,3,2,7
65.48,3,1,2
65.5,4,7,5
65.52,4,2,2
65.54,7,5,5
65.56,2,1,1
65.58,1,4,1
65.6,5,3,2
65.62,6,10,2
65.64,0,6,2
65.66,3,0,9
65.68,4,3,5
65.7,3,1,4
65.72,3,3,1
65.74,4,5,5
65.76,3,5,6
65.78,8,1,0
65.8,5,3,4
65.82,4,6,3
65.84,2,4,2
65.86,5,1,1
65.88,3,1,4
65.9,4,0,5
65.92,7,5,4
65.94,4,1,2
65.96,3,3,3
65.98,0,4,7
66,2,6,1
66.02,2,2,3
66.04,2,3,3
66.06,3,2,6
66.08,7,4,4
66.1,3,4,2
66.12,2,5,2
66.14,6,6,4
66.16,4,7,0
66.18,3,3,5
66.2,2,5,10
66.22,4,6,4
66.24,1,2,6
66.26,1,2,4
66.28,5,5,3
66.3,2,5,7
66.32,4,2,3
66.34,2,1,5
66.36,5,6,4
66.38,4,11,4
66.4,4,2,4
66.42,4,7,2
66.44,1,3,3
66.46,4,4,3
66.48,3,6,7
66.5,13,2,5
66.52,3,1,1
66.54,5,4,3
66.56,4,2,2
66.58,4,6,5
66.6,1,7,3
66.62,2,7,3
66.64,3,0,2
66.66,2,3,0
66.68,5,2,5
66.7,1,4,4
66.72,2,4,0
66.74,3,0,4
66.76,5,1,3
66.78,4,4,3
66.8,4,1,2
66.82,5,5,8
66.84,10,5,4
66.86,2,6,3
66.88,2,4,3
66.9,6,2,7
66.92,5,7,2
66.94,1,2,3
66.96,2,7,2
66.98,4,3,8
67,3,4,2
67.02,7,6,4
67.04,6,3,3
67.06,4,2,1
67.08,4,6,3
67.1,1,4,4
67.12,8,4,3
67.14,1,3,2
67.16,1,0,6
67.18,4,3,1
67.2,3,3,2
67.22,4,7,3
67.24,2,3,4
67.26,3,3,5
67.28,6,2,2
67.3,5,1,2
67.32,6,2,3
67.34,3,2,4
67.36,5,7,2
67.38,6,4,3
67.4,3,4,3
67.42,4,7,4
67.44,3,5,2
67.46,6,1,2
67.48,4,7,3
67.5,2,8,2
67.52,1,3,2
67.54,4,2,4
67.56,0,4,2
67.58,2,3,4
67.6,7,1,8
67.62,1,3,3
67.64,3,10,3
67.66,6,2,2
67.68,2,1,4
67.7,5,1,4
67.72,4,0,1
67.74,5,0,4
67.76,3,2,3
67.78,3,2,8
67.8,3,7,1
67.82,5,2,6
67.84,4,8,2
67.86,2,7,5
67.88,0,2,3
67.9,3,6,9
67.92,5,6,3
67.94,2,6,3
67.96,3,3,4
67.98,3,1,4
68,3,3,0
68.02,3,3,2
68.04,1,1,2
68.06,1,1,4
68.08,4,2,3
68.1,3,4,5
68.12,1,2,3
68.14,3,1,5
68.16,1,6,6
68.18,5,2,3
68.2,3,3,1
68.22,3,3,5
68.24,1,2,5
68.26,1,0,5
68.28,1,9,5
68.3,2,3,3
68.32,1,3,5
68.34,3,1,3
68.36,2,3,4
68.38,3,3,7
68.4,3,3,2
68.42,1,5,3
68.44,1,0,4
68.46,1,3,1
68.48,2,2,3
68.5,3,6,2
68.52,5,2,4
68.54,1,5,1
68.56,4,1,6
68.58,3,9,6
68.6,6,3,4
68.62,2,4,4
68.64,2,4,2
68.66,1,4,6
68.68,1,3,2
68.7,4,2,5
68.72,2,4,5
68.74,5,6,3
68.76,3,6,2
68.78,1,6,4
68.8,2,2,2
68.82,4,3,4
68.84,4,4,2
68.86,6,2,4
68.88,7,3,7
68.9,2,6,4
68.92,0,0,4
68.94,2,2,2
68.96,2,3,4
68.98,4,1,2
69,1,7,3
69.02,4,4,6
69.04,0,1,3
69.06,6,5,3
69.08,3,5,3
69.1,1,0,1
69.12,8,2,5
69.14,7,1,5
69.16,3,0,0
69.18,5,1,6
69.2,5,2,3
69.22,4,1,1
69.24,7,3,3
69.26,6,2,4
69.28,3,2,5
69.3,2,1,6
69.32,4,0,5
69.34,1,6,6
69.36,4,2,4
69.38,3,1,1
69.4,2,3,2
69.42,5,5,2
69.44,5,5,4
69.46,3,1,4
69.48,3,1,8
69.5,6,3,2
69.52,0,4,1
69.54,2,2,3
69.56,3,3,1
69.58,3,1,2
69.6,7,5,5
69.62,2,4,3
69.64,5,2,7
69.66,2,2,2
69.68,0,1,7
69.7,6,4,6
69.72,0,0,4
69.74,0,3,4
69.76,2,2,1
69.78,3,2,1
69.8,2,9,8
69.82,5,5,2
69.84,5,3,4
69.86,5,3,4
69.88,2,2,2
69.9,3,6,5
69.92,2,2,2
69.94,4,7,0
69.96,7,7,4
69.98,5,6,0
70,2,4,7
70.02,5,2,6
70.04,1,5,4
70.06,3,5,5
70.08,7,3,3
70.1,2,5,5
70.12,1,6,5
70.14,4,4,5
70.16,0,3,1
70.18,3,1,2
70.2,3,3,5
70.22,2,8,5
70.24,5,4,5
70.26,3,3,2
70.28,1,1,3
70.3,6,1,2
70.32,2,0,3
70.34,0,2,3
70.36,2,1,2
70.38,0,7,0
70.4,8,5,2
70.42,6,4,5
70.44,4,2,3
70.46,2,6,2
70.48,7,5,5
70.5,2,5,4
70.52,3,2,2
70.54,2,0,1
70.56,5,2,3
70.58,4,4,5
70.6,11,4,6
70.62,3,2,2
70.64,6,2,3
70.66,5,2,4
70.68,5,4,3
70.7,5,1,7
70.72,2,5,3
70.74,4,6,3
70.76,4,8,4
70.78,2,3,3
70.8,4,3,4
70.82,4,2,7
70.84,5,6,1
70.86,5,5,5
70.88,3,5,3
70.9,2,3,5
70.92,3,9,4
70.94,4,2,1
70.96,6,2,3
70.98,3,4,3
71,8,1,4
71.02,6,3,1
71.04,5,1,6
71.06,2,3,4
71.08,1,3,1
71.1,5,6,1
71.12,4,3,3
71.14,6,1,7
71.16,5,1,5
71.18,7,4,1
71.2,2,0,2
71.22,5,4,1
71.24,7,3,3
71.26,2,4,2
71.28,4,7,1
71.3,2,7,4
71.32,4,6,1
71.34,4,1,5
71.36,6,2,5
71.38,7,9,2
71.4,1,5,2
71.42,9,3,4
71.44,2,8,0
71.46,3,3,5
71.48,1,2,1
71.5,1,4,5
71.52,7,4,2
71.54,2,2,2
71.56,5,4,3
71.58,3,1,2
71.6,2,6,8
71.62,1,4,6
71.64,4,3,3
71.66,2,3,7
71.68,3,1,1
71.7,6,4,2
71.72,5,7,4
71.74,4,3,3
71.76,2,2,5
71.78,1,3,2
71.8,4,1,7
71.82,3,5,1
71.84,1,6,1
71.86,1,1,0
71.88,2,5,2
71.9,1,5,2
71.92,2,6,4
71.94,6,2,0
71.96,4,1,3
71.98,3,5,4
72,4,5,2
72.02,3,3,4
72.04,7,6,5
72.06,1,1,3
72.08,3,2,6
72.1,3,3,2
72.12,6,4,5
72.14,0,1,8
72.16,4,2,3
72.18,3,0,2
72.2,6,9,3
72.22,5,2,8
72.24,4,2,4
72.26,3,2,2
72.28,6,4,4
72.3,1,7,5
72.32,5,3,4
72.34,7,3,9
72.36,4,3,6
72.38,7,0,4
72.4,3,2,2
72.42,3,2,2
72.44,7,1,1
72.46,5,0,2
72.48,5,5,6
72.5,1,7,5
72.52,2,2,1
72.54,7,3,3
72.56,3,2,5
72.58,2,5,2
72.6,3,3,0
72.62,2,2,6
72.64,2,3,4
72.66,6,0,1
72.68,8,9,2
72.7,3,5,4
72.72,0,5,3
72.74,1,4,3
72.76,1,2,7
72.78,5,5,5
72.8,1,7,6
72.82,4,1,5
72.84,6,7,3
72.86,3,1,1
72.88,4,4,7
72.9,6,6,1
72.92,8,2,2
72.94,2,1,3
72.96,5,2,3
72.98,4,3,2
73,4,3,3
73.02,2,1,3
73.04,4,2,5
73.06,7,5,5
73.08,2,2,5
73.1,3,3,2
73.12,2,1,2
73.14,4,3,2
73.16,3,2,1
73.18,3,1,1
73.2,2,1,2
73.22,3,3,3
73.24,3,5,1
73.26,5,2,1
73.28,4,2,5
73.3,5,0,2
73.32,4,2,5
73.34,1,1,3
73.36,4,6,2
73.38,3,2,5
73.4,3,4,9
73.42,5,5,6
73.44,2,8,5
73.46,1,3,4
73.48,5,1,6
73.5,6,2,3
73.52,6,1,5
73.54,2,2,2
73.56,6,3,2
73.58,3,3,2
73.6,5,4,2
73.62,4,5,7
73.64,8,2,5
73.66,4,4,4
73.68,4,4,2
73.7,0,4,5
73.72,7,2,3
73.74,5,4,5
73.76,2,5,1
73.78,5,2,3
73.8,3,1,3
73.82,4,1,3
73.84,4,1,3
73.86,6,2,1
73.88,1,2,2
73.9,3,3,2
73.92,0,4,3
73.94,6,2,0
73.96,3,3,0
73.98,5,1,3
74,1,2,3
74.02,5,6,2
74.04,4,7,2
74.06,3,5,4
74.08,2,4,3
74.1,3,3,7
74.12,6,0,2
74.14,2,3,0
74.16,3,0,4
74.18,4,0,7
74.2,1,5,6
74.22,3,6,2
74.24,3,3,4
74.26,2,4,2
74.28,3,0,2
74.3,6,2,4
74.32,3,3,2
74.34,8,1,4
74.36,2,6,3
74.38,5,5,2
74.4,8,3,0
74.42,5,2,5
74.44,2,6,8
74.46,0,0,0
74.48,5,2,2
74.5,2,1,4
74.52,5,2,1
74.54,2,3,2
74.56,4,3,1
74.58,7,6,5
74.6,3,1,4
74.62,4,2,0
74.64,2,1,3
74.66,7,6,4
74.68,3,2,1
74.7,3,4,0
74.72,7,7,4
74.74,5,1,4
74.76,2,2,7
74.78,2,1,4
74.8,1,3,5
74.82,3,4,4
74.84,3,5,5
74.86,4,1,4
74.88,6,5,2
74.9,6,1,5
74.92,4,5,2
74.94,4,5,1
74.96,6,2,8
74.98,1,3,1
75,4,8,9
75.02,4,2,6
75.04,8,1,0
75.06,3,3,1
75.08,7,8,4
75.1,6,3,3
75.12,2,4,6
75.14,5,0,2
75.16,1,5,6
75.18,5,2,1
75.2,3,0,6
75.22,4,6,1
75.24,2,1,6
75.26,3,2,1
75.28,6,2,2
75.3,3,3,1
75.32,4,7,5
75.34,3,2,0
75.36,3,1,5
75.38,4,4,6
75.4,1,2,2
75.42,3,2,1
75.44,2,5,2
75.46,0,2,2
75.48,5,3,3
75.5,3,2,6
75.52,5,6,7
75.54,4,3,8
75.56,5,5,6
75.58,10,4,9
75.6,9,7,3
75.62,4,3,1
75.64,1,2,3
75.66,2,2,4
75.68,3,5,2
75.7,7,2,6
75.72,6,6,3
75.74,2,3,4
75.76,4,8,3
75.78,4,4,3
75.8,4,4,2
75.82,4,4,3
75.84,2,3,2
75.86,0,5,4
75.88,5,4,2
75.9,2,6,2
75.92,3,3,5
75.94,4,4,5
75.96,3,9,3
75.98,1,3,4
76,5,5,5
76.02,4,3,1
76.04,3,4,4
76.06,3,3,5
76.08,3,1,6
76.1,6,6,0
76.12,4,3,1
76.14,2,5,4
76.16,0,9,3
76.18,8,2,2
76.2,3,3,3
76.22,6,4,2
76.24,6,1,2
76.26,2,4,2
76.28,4,1,7
76.3,2,4,7
76.32,7,1,0
76.34,3,5,6
76.36,5,6,5
76.38,2,2,5
76.4,4,4,4
76.42,3,2,5
76.44,5,5,2
76.46,7,3,1
76.48,6,0,5
76.5,2,2,5
76.52,5,5,6
76.54,4,3,4
76.56,2,4,1
76.58,5,9,6
76.6,10,4,1
76.62,5,2,4
76.64,5,0,0
76.66,4,5,3
76.68,7,0,1
76.7,6,3,3
76.72,4,4,2
76.74,6,2,4
76.76,3,4,2
76.78,1,1,7
76.8,3,2,5
76.82,6,6,3
76.84,6,6,6
76.86,6,5,5
76.88,0,1,2
76.9,2,3,2
76.92,1,8,1
76.94,2,7,5
76.96,5,3,4
76.98,4,1,3
77,3,3,5
77.02,4,2,3
77.04,4,3,3
77.06,2,2,3
77.08,3,2,4
77.1,4,10,5
77.12,4,3,2
77.14,5,3,4
77.16,3,2,3
77.18,4,8,3
77.2,2,2,5
77.22,2,6,1
77.24,3,4,3
77.26,1,3,2
77.28,2,3,4
77.3,3,5,7
77.32,5,1,1
77.34,5,4,3
77.36,3,1,2
77.38,5,2,3
77.4,3,2,4
77.42,2,3,7
77.44,7,4,4
77.46,1,1,6
77.48,3,2,2
77.5,3,2,3
77.52,2,2,5
77.54,3,3,3
77.56,3,0,5
77.58,4,4,2
77.6,6,2,6
77.62,3,6,3
77.64,0,4,1
77.66,2,6,5
77.68,2,5,2
77.7,3,0,4
77.72,6,4,4
77.74,2,2,3
77.76,3,1,2
77.78,3,3,6
77.8,4,4,4
77.82,0,4,1
77.84,2,2,2
77.86,4,2,5
77.88,5,5,0
77.9,1,5,1
77.92,3,1,9
77.94,2,2,5
77.96,5,0,3
77.98,1,4,2
78,5,2,6
78.02,2,0,6
78.04,3,5,4
78.06,3,3,6
78.08,2,3,5
78.1,7,6,5
78.12,3,0,4
78.14,4,0,2
78.16,4,1,8
78.18,6,0,5
78.2,2,2,5
78.22,6,6,1
78.24,2,3,2
78.26,3,4,8
78.28,5,5,3
78.3,7,3,3
78.32,4,3,4
78.34,7,1,3
78.36,6,3,8
78.38,4,2,2
78.4,6,4,5
78.42,4,2,5
78.44,2,5,6
78.46,5,3,2
78.48,4,4,3
78.5,4,1,2
78.52,5,2,4
78.54,4,0,7
78.56,2,1,4
78.58,5,5,7
78.6,1,5,4
78.62,7,6,2
78.64,2,4,5
78.66,5,3,2
78.68,3,1,4
78.7,1,4,3
78.72,1,5,0
78.74,3,6,5
78.76,2,7,6
78.78,3,2,2
78.8,6,2,4
78.82,3,2,6
78.84,5,8,4
78.86,3,3,3
78.88,3,2,1
78.9,3,3,4
78.92,2,2,3
78.94,3,6,10
78.96,0,4,5
78.98,6,8,3
79,2,3,6
79.02,1,4,6
79.04,3,4,4
79.06,5,5,6
79.08,4,4,2
79.1,0,2,3
79.12,1,5,3
79.14,0,4,2
79.16,5,4,1
79.18,6,6,1
79.2,0,4,6
79.22,7,3,3
79.24,3,5,3
79.26,4,12,2
79.28,2,4,4
79.3,3,5,3
79.32,2,3,5
79.34,5,2,4
79.36,2,2,0
79.38,3,2,3
79.4,1,1,2
79.42,1,2,8
79.44,6,1,6
79.46,4,3,8
79.48,4,3,5
79.5,2,5,7
79.52,3,4,1
79.54,2,3,2
79.56,3,0,6
79.58,6,2,4
79.6,0,2,7
79.62,1,3,3
79.64,2,6,2
79.66,5,3,1
79.68,3,5,3
79.7,6,6,5
79.72,6,4,2
79.74,6,4,9
79.76,4,2,2
79.78,5,2,3
79.8,5,2,7
79.82,1,5,5
79.84,2,1,5
79.86,7,1,5
79.88,2,5,6
79.9,5,7,1
79.92,4,1,1
79.94,6,1,4
79.96,3,7,2
79.98,3,2,5
80,2,4,3
80.02,3,6,3
80.04,3,5,2
80.06,4,7,2
80.08,6,3,3
80.1,3,5,3
80.12,3,4,4
80.14,7,3,2
80.16,6,1,3
80.18,6,2,7
80.2,3,2,4
80.22,0,3,2
80.24,2,3,2
80.26,4,4,3
80.28,2,3,5
80.3,4,4,5
80.32,3,3,4
80.34,6,2,3
80.36,1,4,2
80.38,3,0,4
80.4,2,3,1
80.42,3,8,2
80.44,3,2,5
80.46,3,7,4
80.48,1,5,3
80.5,3,1,3
80.52,3,0,1
80.54,5,4,2
80.56,3,2,3
80.58,3,8,1
80.6,4,0,4
80.62,2,4,3
80.64,3,3,7
80.66,1,2,0
80.68,1,4,7
80.7,1,5,2
80.72,2,4,1
80.74,3,5,5
80.76,8,3,2
80.78,8,2,2
80.8,1,2,2
80.82,6,3,5
80.84,5,0,4
80.86,5,6,1
80.88,3,4,4
80.9,4,5,4
80.92,6,4,2
80.94,4,7,2
80.96,5,4,2
80.98,3,4,2
81,6,2,4
81.02,7,7,4
81.04,3,2,10
81.06,4,5,3
81.08,4,2,3
81.1,5,5,3
81.12,1,5,5
81.14,5,3,5
81.16,5,5,0
81.18,5,6,2
81.2,8,4,0
81.22,3,2,5
81.24,5,3,3
81.26,4,4,9
81.28,2,4,2
81.3,2,3,4
81.32,0,1,6
81.34,5,4,6
81.36,1,3,3
81.38,1,0,6
81.4,4,2,3
81.42,6,4,0
81.44,2,8,5
81.46,4,4,5
81.48,5,3,6
81.5,0,3,2
81.52,0,3,4
81.54,4,7,4
81.56,4,8,3
81.58,4,2,1
81.6,2,5,7
81.62,4,5,2
81.64,7,5,5
81.66,5,4,4
81.68,5,0,2
81.7,4,4,7
81.72,3,4,2
81.74,4,1,7
81.76,2,1,4
81.78,3,2,3
81.8,5,1,6
81.82,1,4,4
81.84,5,2,5
81.86,4,3,5
81.88,5,4,5
