0,6,3,1
0.02,7,8,4
0.04,1,2,4
0.06,5,1,4
0.08,3,2,1
0.1,3,3,2
0.12,4,6,6
0.14,3,3,4
0.16,3,9,2
0.18,11202,11282,11035
0.2,32119,32202,31804
0.22,35160,34740,34350
0.24,35345,35247,35269
0.26,35190,35357,35065
0.28,35489,35514,34734
0.3,35161,35033,34646
0.32,34861,35145,34279
0.34,34236,34536,34106
0.36,24697,24634,24167
0.38,7919,7783,7713
0.4,3037,3149,2978
0.42,1763,1762,1659
0.44,1061,1038,1080
0.46,782,742,776
0.48,605,623,557
0.5,536,529,499
0.52,418,495,464
0.54,434,452,418
0.56,402,364,397
0.58,390,405,366
0.6,379,450,373
0.62,416,403,362
0.64,416,425,394
0.66,423,411,392
0.68,414,434,434
0.7,421,406,459
0.72,454,399,443
0.74,450,464,438
0.76,452,460,460
0.78,510,479,484
0.8,497,447,490
0.82,491,528,481
0.84,535,499,496
0.86,497,501,482
0.88,572,508,532
0.9,532,487,556
0.92,557,567,491
0.94,559,525,518
0.96,540,513,564
0.98,546,567,592
1,606,564,598
1.02,628,557,583
1.04,596,603,585
1.06,582,635,573
1.08,627,597,661
1.1,676,644,624
1.12,658,706,636
1.14,645,679,635
1.16,682,694,626
1.18,623,640,702
1.2,702,652,679
1.22,701,703,602
1.24,665,720,682
1.26,719,633,708
1.28,704,737,734
1.3,743,679,647
1.32,755,760,715
1.34,741,739,737
1.36,773,748,743
1.38,794,752,766
1.4,768,782,754
1.42,795,830,779
1.44,773,746,751
1.46,734,739,748
1.48,784,748,767
1.5,758,816,791
1.52,831,801,818
1.54,818,853,806
1.56,814,844,795
1.58,812,801,858
1.6,833,832,803
1.62,830,767,794
1.64,876,770,807
1.66,863,846,832
1.68,865,889,857
1.7,858,831,885
1.72,848,857,889
1.74,902,859,857
1.76,883,895,826
1.78,860,864,801
1.8,869,898,884
1.82,806,882,870
1.84,860,866,851
1.86,890,897,893
1.88,931,904,889
1.9,873,892,859
1.92,934,923,922
1.94,953,957,874
1.96,927,923,875
1.98,900,884,930
2,919,919,933
2.02,892,902,909
2.04,914,910,913
2.06,936,888,951
2.08,960,968,956
2.1,903,929,926
2.12,922,922,940
2.14,906,966,938
2.16,959,936,895
2.18,971,926,925
2.2,961,901,985
2.22,966,952,941
2.24,943,1031,922
2.26,977,931,974
2.28,1000,923,1007
2.3,940,983,920
2.32,980,886,918
2.34,978,954,953
2.36,938,945,906
2.38,976,952,901
2.4,922,933,952
2.42,910,973,926
2.44,1023,943,983
2.46,995,1014,984
2.48,1006,1029,946
2.5,958,978,909
2.52,991,1000,987
2.54,977,969,986
2.56,985,994,988
2.58,1068,1004,942
2.6,956,970,945
2.62,1024,971,943
2.64,967,957,953
2.66,953,969,1004
2.68,979,946,946
2.7,999,998,1004
2.72,919,941,972
2.74,1022,1045,953
2.76,1078,1005,997
2.78,1006,946,999
2.8,1012,951,972
2.82,952,993,976
2.84,1039,990,987
2.86,1001,987,989
2.88,1005,957,978
2.9,1064,964,1001
2.92,1002,1047,1007
2.94,950,1004,967
2.96,1045,977,982
2.98,1021,1013,957
3,938,987,1013
3.02,1005,999,1021
3.04,983,936,973
3.06,1031,1043,946
3.08,1011,1019,943
3.1,983,941,961
3.12,1018,985,910
3.14,970,929,924
3.16,1045,1054,1001
3.18,1052,932,942
3.2,970,964,1024
3.22,975,975,969
3.24,962,999,1002
3.26,969,955,971
3.28,993,993,938
3.3,943,893,964
3.32,979,987,984
3.34,1006,1007,992
3.36,1025,1005,1015
3.38,993,971,980
3.4,981,972,1030
3.42,986,999,944
3.44,984,1000,985
3.46,951,977,947
3.48,977,955,921
3.5,1006,1027,877
3.52,948,972,943
3.54,1016,978,902
3.56,856,958,906
3.58,978,955,921
3.6,957,982,946
3.62,926,1000,981
3.64,970,1019,922
3.66,955,990,962
3.68,982,972,945
3.7,986,987,834
3.72,915,971,946
3.74,934,952,920
3.76,930,964,950
3.78,891,946,962
3.8,935,945,996
3.82,995,952,858
3.84,1029,996,891
3.86,948,973,968
3.88,953,970,894
3.9,941,1019,948
3.92,871,949,927
3.94,1030,993,920
3.96,962,920,944
3.98,943,971,944
4,971,962,858
4.02,899,918,917
4.04,952,935,911
4.06,888,981,909
4.08,983,945,918
4.1,985,949,911
4.12,874,910,907
4.14,877,907,936
4.16,965,904,925
4.18,917,980,934
4.2,889,912,893
4.22,867,936,915
4.24,948,959,920
4.26,914,867,840
4.28,865,915,906
4.3,941,926,829
4.32,916,900,819
4.34,903,897,873
4.36,905,877,872
4.38,888,868,889
4.4,891,952,876
4.42,877,925,876
4.44,893,932,813
4.46,867,921,893
4.48,927,908,923
4.5,898,904,850
4.52,849,947,928
4.54,843,919,915
4.56,912,896,834
4.58,900,916,864
4.6,852,914,850
4.62,915,842,830
4.64,911,891,869
4.66,872,899,863
4.68,898,856,893
4.7,863,871,857
4.72,881,851,878
4.74,924,882,873
4.76,852,886,837
4.78,835,887,814
4.8,869,842,859
4.82,882,854,835
4.84,869,889,828
4.86,854,848,829
4.88,858,826,826
4.9,827,838,832
4.92,830,888,828
4.94,882,843,852
4.96,877,842,792
4.98,810,915,813
5,837,859,886
5.02,807,866,839
5.04,841,810,821
5.06,794,843,810
5.08,877,877,808
5.1,810,822,836
5.12,817,886,747
5.14,797,822,783
5.16,852,856,803
5.18,828,797,818
5.2,783,816,785
5.22,752,788,791
5.24,790,793,740
5.26,818,800,766
5.28,791,802,827
5.3,765,817,825
5.32,851,803,766
5.34,792,842,808
5.36,800,774,766
5.38,730,827,834
5.4,771,782,793
5.42,772,781,763
5.44,801,788,762
5.46,778,759,803
5.48,762,784,767
5.5,762,791,754
5.52,760,736,740
5.54,736,769,812
5.56,778,785,701
5.58,732,783,760
5.6,800,793,757
5.62,714,769,797
5.64,719,747,771
5.66,789,793,738
5.68,750,742,733
5.7,735,779,711
5.72,786,760,741
5.74,713,756,740
5.76,761,680,718
5.78,808,742,691
5.8,733,746,666
5.82,704,717,708
5.84,680,716,706
5.86,731,733,728
5.88,737,738,654
5.9,753,714,715
5.92,738,745,701
5.94,716,755,760
5.96,702,716,736
5.98,684,708,656
6,648,693,731
6.02,717,736,681
6.04,685,689,745
6.06,721,735,684
6.08,652,671,683
6.1,684,734,728
6.12,654,702,672
6.14,708,656,742
6.16,671,709,648
6.18,709,685,661
6.2,678,670,654
6.22,702,682,656
6.24,646,672,688
6.26,665,715,676
6.28,641,713,658
6.3,662,651,643
6.32,703,663,605
6.34,648,693,632
6.36,625,655,655
6.38,656,644,672
6.4,677,666,686
6.42,657,619,710
6.44,700,666,614
6.46,625,649,643
6.48,644,661,670
6.5,665,621,613
6.52,701,661,664
6.54,705,639,622
6.56,687,680,597
6.58,675,641,639
6.6,625,663,611
6.62,577,605,629
6.64,635,602,645
6.66,644,631,617
6.68,665,595,620
6.7,590,596,602
6.72,638,610,515
6.74,600,610,587
6.76,605,591,600
6.78,637,584,554
6.8,589,609,591
6.82,581,633,585
6.84,623,618,607
6.86,609,598,614
6.88,626,598,595
6.9,611,558,585
6.92,602,602,625
6.94,557,626,548
6.96,614,587,576
6.98,572,643,622
7,567,554,596
7.02,600,561,604
7.04,596,550,592
7.06,614,588,562
7.08,585,569,574
7.1,566,574,563
7.12,539,591,518
7.14,610,580,531
7.16,542,600,559
7.18,564,566,578
7.2,603,538,534
7.22,552,536,513
7.24,594,593,542
7.26,538,598,532
7.28,521,525,541
7.3,524,529,580
7.32,553,544,484
7.34,510,560,521
7.36,552,530,536
7.38,592,545,536
7.4,547,569,556
7.42,540,524,524
7.44,531,503,509
7.46,506,528,507
7.48,540,552,503
7.5,543,546,521
7.52,536,539,523
7.54,488,519,538
7.56,492,480,499
7.58,539,532,491
7.6,498,509,523
7.62,547,505,501
7.64,469,512,544
7.66,495,501,487
7.68,474,520,464
7.7,531,514,507
7.72,499,497,525
7.74,474,524,485
7.76,499,500,476
7.78,498,478,521
7.8,540,492,505
7.82,525,487,507
7.84,532,480,516
7.86,498,461,525
7.88,522,528,443
7.9,470,511,490
7.92,428,499,477
7.94,471,475,443
7.96,406,467,512
7.98,487,478,471
8,507,476,456
8.02,505,462,460
8.04,476,470,488
8.06,435,493,489
8.08,454,432,459
8.1,468,419,477
8.12,470,425,477
8.14,436,475,449
8.16,495,440,460
8.18,449,426,441
8.2,450,475,451
8.22,451,458,430
8.24,467,456,420
8.26,460,414,462
8.28,451,425,408
8.3,435,438,470
8.32,467,416,412
8.34,415,442,435
8.36,453,471,428
8.38,410,426,426
8.4,425,427,442
8.42,465,414,401
8.44,465,356,416
8.46,455,433,437
8.48,464,437,415
8.5,409,429,423
8.52,424,412,389
8.54,437,365,381
8.56,447,424,437
8.58,383,409,419
8.6,414,421,412
8.62,400,429,383
8.64,451,426,409
8.66,404,433,395
8.68,420,381,376
8.7,400,441,386
8.72,439,420,387
8.74,434,421,380
8.76,408,400,369
8.78,398,403,410
8.8,375,367,408
8.82,409,422,364
8.84,410,373,358
8.86,378,381,385
8.88,400,371,388
8.9,351,404,388
8.92,374,416,391
8.94,399,423,379
8.96,341,361,405
8.98,358,377,411
9,360,410,376
9.02,359,383,375
9.04,394,390,376
9.06,376,362,392
9.08,405,403,337
9.1,393,395,400
9.12,389,342,353
9.14,382,354,376
9.16,345,354,375
9.18,379,337,369
9.2,358,347,355
9.22,374,379,365
9.24,371,367,373
9.26,337,351,374
9.28,347,374,341
9.3,352,401,354
9.32,387,328,342
9.34,315,319,368
9.36,332,372,339
9.38,310,360,366
9.4,351,342,341
9.42,368,338,306
9.44,369,336,337
9.46,352,314,381
9.48,333,339,340
9.5,326,339,328
9.52,325,343,335
9.54,382,340,342
9.56,347,310,319
9.58,328,337,362
9.6,343,344,337
9.62,384,358,307
9.64,342,337,316
9.66,355,333,313
9.68,302,303,316
9.7,330,334,298
9.72,321,318,295
9.74,337,285,295
9.76,327,322,323
9.78,339,352,301
9.8,315,312,273
9.82,341,300,300
9.84,301,331,335
9.86,326,318,310
9.88,321,313,300
9.9,338,301,262
9.92,295,358,294
9.94,312,309,311
9.96,279,342,264
9.98,293,259,309
10,287,302,294
10.02,298,314,272
10.04,323,275,283
10.06,308,295,252
10.08,292,282,286
10.1,308,275,310
10.12,279,279,309
10.14,268,293,282
10.16,272,258,304
10.18,280,304,272
10.2,267,272,281
10.22,283,294,273
10.24,282,307,294
10.26,270,288,288
10.28,291,292,296
10.3,306,294,288
10.32,247,281,289
10.34,247,275,248
10.36,310,275,273
10.38,282,262,252
10.4,257,276,262
10.42,252,257,279
10.44,245,242,271
10.46,257,238,284
10.48,263,261,288
10.5,239,263,258
10.52,262,240,274
10.54,278,286,253
10.56,247,275,250
10.58,263,259,250
10.6,239,243,282
10.62,228,266,278
10.64,257,235,246
10.66,275,237,252
10.68,258,294,270
10.7,254,276,246
10.72,253,272,263
10.74,262,226,238
10.76,238,276,241
10.78,232,250,232
10.8,257,257,260
10.82,245,251,236
10.84,236,270,252
10.86,244,249,245
10.88,261,249,211
10.9,243,274,248
10.92,254,241,234
10.94,208,243,260
10.96,219,250,210
10.98,240,245,210
11,225,257,236
11.02,227,245,230
11.04,251,220,201
11.06,234,235,224
11.08,245,247,238
11.1,241,219,238
11.12,237,231,235
11.14,220,241,229
11.16,218,215,224
11.18,216,235,228
11.2,244,244,218
11.22,208,256,215
11.24,214,214,236
11.26,211,227,217
11.28,203,212,224
11.3,223,242,226
11.32,243,241,199
11.34,224,206,206
11.36,212,233,217
11.38,230,223,261
11.4,243,199,192
11.42,242,198,225
11.44,229,214,196
11.46,222,204,185
11.48,194,176,209
11.5,210,217,207
11.52,166,203,194
11.54,201,233,217
11.56,200,192,166
11.58,197,187,178
11.6,211,209,185
11.62,218,220,221
11.64,180,186,213
11.66,177,185,216
11.68,186,205,226
11.7,210,197,223
11.72,209,171,217
11.74,179,166,195
11.76,205,166,184
11.78,187,178,193
11.8,180,184,207
11.82,172,185,197
11.84,195,180,186
11.86,214,205,182
11.88,192,201,198
11.9,166,181,188
11.92,212,194,178
11.94,170,205,160
11.96,183,195,185
11.98,203,205,176
12,176,188,177
12.02,193,175,170
12.04,187,194,172
12.06,187,182,184
12.08,201,172,163
12.1,187,176,171
12.12,172,170,172
12.14,190,166,168
12.16,160,192,173
12.18,201,176,166
12.2,199,156,143
12.22,169,167,161
12.24,176,155,181
12.26,193,188,171
12.28,182,192,175
12.3,171,168,173
12.32,164,166,188
12.34,150,152,157
12.36,171,176,170
12.38,161,161,152
12.4,180,165,166
12.42,194,168,145
12.44,146,178,162
12.46,164,170,167
12.48,190,174,170
12.5,158,143,173
12.52,159,171,168
12.54,162,146,141
12.56,184,149,164
12.58,162,166,157
12.6,169,148,168
12.62,155,198,166
12.64,150,151,155
12.66,159,157,136
12.68,174,169,155
12.7,165,142,152
12.72,172,165,166
12.74,166,169,151
12.76,148,140,139
12.78,156,138,144
12.8,145,152,168
12.82,141,145,156
12.84,153,161,157
12.86,142,141,164
12.88,153,128,148
12.9,158,141,164
12.92,167,132,151
12.94,144,136,144
12.96,152,168,133
12.98,159,146,129
13,155,148,134
13.02,146,145,126
13.04,121,116,126
13.06,145,136,153
13.08,139,155,127
13.1,137,130,140
13.12,143,149,158
13.14,143,127,156
13.16,156,128,143
13.18,142,126,116
13.2,163,130,131
13.22,131,137,153
13.24,143,141,136
13.26,142,132,110
13.28,142,145,133
13.3,115,121,131
13.32,120,128,127
13.34,121,126,139
13.36,124,163,146
13.38,136,139,116
13.4,120,123,129
13.42,109,139,130
13.44,139,129,128
13.46,121,135,122
13.48,141,131,122
13.5,134,114,111
13.52,130,132,111
13.54,104,122,139
13.56,126,117,115
13.58,133,124,117
13.6,116,120,111
13.62,124,126,142
13.64,128,104,136
13.66,117,106,104
13.68,110,103,93
13.7,111,130,136
13.72,130,117,97
13.74,135,126,132
13.76,149,114,119
13.78,123,114,127
13.8,122,114,109
13.82,122,124,116
13.84,122,119,92
13.86,97,106,143
13.88,108,126,109
13.9,122,121,93
13.92,117,97,102
13.94,96,106,109
13.96,99,105,93
13.98,122,119,121
14,124,124,113
14.02,107,129,105
14.04,115,106,111
14.06,119,115,88
14.08,109,128,105
14.1,118,120,110
14.12,103,88,105
14.14,108,119,104
14.16,98,108,93
14.18,96,102,113
14.2,121,97,111
14.22,101,104,106
14.24,107,110,100
14.26,101,95,111
14.28,98,98,99
14.3,82,105,106
14.32,100,86,90
14.34,96,100,113
14.36,113,96,97
14.38,112,103,84
14.4,100,93,92
14.42,102,106,98
14.44,115,101,101
14.46,104,112,94
14.48,119,109,91
14.5,102,92,110
14.52,91,112,81
14.54,106,98,82
14.56,107,123,91
14.58,71,107,86
14.6,103,101,100
14.62,87,105,92
14.64,105,106,93
14.66,98,81,98
14.68,83,94,119
14.7,90,98,122
14.72,97,95,91
14.74,94,97,97
14.76,105,81,88
14.78,103,86,77
14.8,90,81,76
14.82,103,87,79
14.84,99,91,90
14.86,91,80,54
14.88,91,99,88
14.9,104,88,85
14.92,91,94,90
14.94,80,92,82
14.96,105,90,85
14.98,94,77,84
15,82,74,89
15.02,98,75,69
15.04,98,82,70
15.06,79,70,90
15.08,90,73,95
15.1,85,73,77
15.12,90,84,87
15.14,77,79,85
15.16,88,79,61
15.18,90,79,83
15.2,109,94,96
15.22,91,77,91
15.24,85,79,95
15.26,85,68,82
15.28,81,76,72
15.3,89,79,75
15.32,86,96,74
15.34,89,78,60
15.36,78,68,87
15.38,85,87,67
15.4,85,83,76
15.42,88,97,72
15.44,99,78,68
15.46,83,94,63
15.48,68,67,62
15.5,57,77,71
15.52,69,87,78
15.54,75,70,82
15.56,82,88,64
15.58,73,88,73
15.6,69,77,74
15.62,63,77,96
15.64,83,67,72
15.66,64,63,87
15.68,54,75,67
15.7,75,71,75
15.72,72,74,65
15.74,47,75,88
15.76,72,73,83
15.78,63,85,76
15.8,82,68,85
15.82,46,65,82
15.84,86,71,56
15.86,62,50,59
15.88,66,81,69
15.9,71,79,84
15.92,57,65,53
15.94,80,81,55
15.96,63,78,65
15.98,63,61,68
16,55,50,72
16.02,75,78,58
16.04,81,68,62
16.06,67,77,69
16.08,78,62,68
16.1,60,59,68
16.12,71,61,72
16.14,66,59,64
16.16,63,62,59
16.18,58,73,62
16.2,72,76,71
16.22,60,79,66
16.24,40,53,90
16.26,71,63,65
16.28,65,63,60
16.3,58,55,76
16.32,54,39,62
16.34,64,72,77
16.36,64,61,62
16.38,62,55,66
16.4,61,75,54
16.42,59,64,48
16.44,67,65,60
16.46,67,57,64
16.48,66,68,60
16.5,55,71,56
16.52,58,57,42
16.54,64,55,73
16.56,63,55,53
16.58,71,39,52
16.6,70,49,55
16.62,45,64,59
16.64,63,47,73
16.66,59,50,54
16.68,46,57,56
16.7,61,49,58
16.72,53,67,65
16.74,68,53,57
16.76,61,60,47
16.78,52,64,53
16.8,48,48,52
16.82,56,50,37
16.84,61,53,45
16.86,61,40,50
16.88,51,65,48
16.9,52,56,56
16.92,78,39,38
16.94,62,62,72
16.96,52,56,51
16.98,49,49,46
17,58,40,51
17.02,62,56,47
17.04,55,34,49
17.06,58,42,53
17.08,45,55,61
17.1,39,43,44
17.12,41,49,62
17.14,38,57,43
17.16,47,48,53
17.18,50,59,42
17.2,51,55,50
17.22,40,59,51
17.24,58,51,42
17.26,57,58,52
17.28,43,56,43
17.3,59,59,56
17.32,55,35,43
17.34,63,51,51
17.36,52,49,53
17.38,71,61,41
17.4,57,49,52
17.42,41,43,40
17.44,40,52,30
17.46,38,44,51
17.48,54,53,53
17.5,50,52,48
17.52,39,42,38
17.54,47,46,33
17.56,46,51,51
17.58,33,57,45
17.6,37,52,60
17.62,52,42,45
17.64,61,36,45
17.66,47,54,50
17.68,47,37,48
17.7,39,39,37
17.72,33,40,42
17.74,39,36,40
17.76,40,45,39
17.78,39,48,47
17.8,49,37,38
17.82,32,59,38
17.84,50,56,47
17.86,33,42,36
17.88,53,46,36
17.9,42,44,34
17.92,27,43,41
17.94,52,38,41
17.96,43,45,50
17.98,37,44,43
18,39,48,35
18.02,39,44,47
18.04,38,47,42
18.06,30,39,32
18.08,35,38,36
18.1,39,33,37
18.12,28,37,26
18.14,47,34,33
18.16,39,34,39
18.18,37,37,41
18.2,49,39,38
18.22,44,35,32
18.24,50,33,24
18.26,44,33,44
18.28,35,48,40
18.3,35,32,39
18.32,42,40,37
18.34,37,41,38
18.36,26,51,31
18.38,49,37,49
18.4,25,34,31
18.42,38,39,34
18.44,28,38,37
18.46,50,33,35
18.48,36,41,32
18.5,41,29,30
18.52,33,31,25
18.54,38,24,50
18.56,35,31,32
18.58,35,36,40
18.6,33,51,32
18.62,34,27,15
18.64,30,35,41
18.66,41,32,35
18.68,36,33,36
18.7,41,45,37
18.72,32,38,31
18.74,29,28,26
18.76,34,35,29
18.78,40,30,30
18.8,38,36,32
18.82,36,41,28
18.84,30,32,30
18.86,39,26,35
18.88,32,42,34
18.9,28,23,27
18.92,31,43,20
18.94,28,30,32
18.96,29,35,31
18.98,33,36,40
19,29,36,33
19.02,27,31,47
19.04,39,30,29
19.06,32,31,28
19.08,35,36,33
19.1,33,29,29
19.12,49,29,20
19.14,34,34,26
19.16,33,31,34
19.18,33,24,21
19.2,30,19,41
19.22,26,37,30
19.24,31,31,24
19.26,25,23,40
19.28,25,31,33
19.3,35,35,25
19.32,24,35,27
19.34,26,32,27
19.36,27,44,31
19.38,29,26,26
19.4,26,21,21
19.42,26,30,28
19.44,35,29,31
19.46,24,36,23
19.48,22,20,27
19.5,21,35,25
19.52,25,23,19
19.54,42,32,23
19.56,34,26,19
19.58,26,25,25
19.6,26,26,29
19.62,34,23,23
19.64,27,34,22
19.66,33,13,29
19.68,33,32,27
19.7,35,33,30
19.72,33,19,33
19.74,30,36,23
19.76,28,21,19
19.78,27,28,22
19.8,28,20,26
19.82,32,27,23
19.84,30,33,27
19.86,33,32,31
19.88,27,23,28
19.9,29,23,21
19.92,21,24,23
19.94,30,22,30
19.96,22,24,32
19.98,22,18,26
20,31,16,27
20.02,23,21,22
20.04,24,31,24
20.06,26,24,26
20.08,21,29,31
20.1,11,22,22
20.12,26,19,18
20.14,23,27,18
20.16,26,26,36
20.18,22,29,22
20.2,23,28,15
20.22,29,31,21
20.24,14,16,24
20.26,22,24,23
20.28,15,30,27
20.3,23,24,26
20.32,19,16,25
20.34,24,18,17
20.36,23,29,15
20.38,26,22,29
20.4,25,28,24
20.42,29,20,23
20.44,16,22,24
20.46,25,29,17
20.48,27,31,24
20.5,22,24,32
20.52,27,22,20
20.54,27,21,15
20.56,27,20,14
20.58,21,25,29
20.6,20,24,24
20.62,27,20,21
20.64,24,23,22
20.66,26,28,34
20.68,15,22,22
20.7,26,34,16
20.72,19,20,30
20.74,17,13,23
20.76,22,19,26
20.78,17,24,14
20.8,21,21,16
20.82,19,23,29
20.84,16,10,26
20.86,33,27,15
20.88,23,21,23
20.9,23,23,15
20.92,12,22,18
20.94,15,20,21
20.96,14,15,26
20.98,27,28,10
21,23,18,22
21.02,22,30,17
21.04,18,16,21
21.06,17,17,16
21.08,15,21,16
21.1,18,22,22
21.12,22,20,16
21.14,22,15,29
21.16,14,26,12
21.18,26,12,22
21.2,20,25,16
21.22,14,20,15
21.24,13,14,15
21.26,16,15,14
21.28,20,14,10
21.3,15,12,20
21.32,16,18,23
21.34,18,17,20
21.36,31,12,17
21.38,24,23,21
21.4,23,25,23
21.42,17,20,20
21.44,11,15,12
21.46,22,24,23
21.48,18,23,15
21.5,20,25,23
21.52,20,15,18
21.54,20,17,15
21.56,28,19,24
21.58,14,16,20
21.6,20,18,14
21.62,12,21,20
21.64,12,18,13
21.66,16,19,22
21.68,10,19,13
21.7,11,22,14
21.72,17,18,16
21.74,17,20,13
21.76,11,18,20
21.78,17,12,17
21.8,21,20,16
21.82,16,21,11
21.84,15,19,24
21.86,19,8,13
21.88,9,17,22
21.9,14,15,22
21.92,15,13,23
21.94,17,18,15
21.96,22,13,7
21.98,17,11,16
22,14,12,16
22.02,18,16,25
22.04,14,15,15
22.06,14,20,14
22.08,12,17,10
22.1,22,29,21
22.12,22,20,17
22.14,15,23,14
22.16,12,22,19
22.18,12,13,20
22.2,13,19,13
22.22,13,14,16
22.24,9,11,12
22.26,12,13,20
22.28,16,16,20
22.3,13,17,29
22.32,15,17,15
22.34,17,17,13
22.36,14,12,14
22.38,20,13,24
22.4,12,23,11
22.42,20,21,14
22.44,10,17,8
22.46,16,11,4
22.48,16,17,23
22.5,17,15,23
22.52,15,13,10
22.54,14,12,9
22.56,25,15,16
22.58,14,22,20
22.6,11,15,13
22.62,12,14,14
22.64,10,14,9
22.66,14,10,11
22.68,16,6,11
22.7,12,11,13
22.72,14,25,16
22.74,13,9,18
22.76,8,11,14
22.78,13,10,10
22.8,9,16,21
22.82,12,19,14
22.84,14,16,15
22.86,15,15,13
22.88,17,13,11
22.9,24,24,17
22.92,5,19,11
22.94,14,14,11
22.96,19,18,12
22.98,22,18,8
23,13,18,16
23.02,11,12,12
23.04,15,15,11
23.06,20,13,9
23.08,11,18,10
23.1,15,18,14
23.12,9,16,14
23.14,17,14,17
23.16,16,11,16
23.18,15,15,8
23.2,14,12,11
23.22,8,9,18
23.24,12,11,8
23.26,6,7,12
23.28,13,15,20
23.3,14,10,11
23.32,13,15,13
23.34,20,12,10
23.36,14,8,8
23.38,10,5,17
23.4,11,17,14
23.42,17,21,7
23.44,12,12,9
23.46,17,6,9
23.48,10,12,16
23.5,14,11,15
23.52,14,18,14
23.54,14,13,15
23.56,18,11,11
23.58,8,11,7
23.6,13,17,12
23.62,12,15,13
23.64,14,13,10
23.66,18,15,8
23.68,13,12,13
23.7,15,15,9
23.72,8,11,11
23.74,10,12,5
23.76,7,8,15
23.78,13,17,7
23.8,18,11,12
23.82,11,9,19
23.84,17,12,12
23.86,8,16,18
23.88,8,9,11
23.9,14,11,10
23.92,13,9,16
23.94,12,9,8
23.96,8,11,13
23.98,9,10,10
24,10,10,13
24.02,6,8,8
24.04,12,14,9
24.06,14,16,11
24.08,13,11,10
24.1,18,8,7
24.12,11,12,6
24.14,10,8,7
24.16,18,11,6
24.18,6,16,7
24.2,12,14,14
24.22,8,6,14
24.24,8,8,10
24.26,6,11,4
24.28,10,5,12
24.3,10,10,13
24.32,8,10,14
24.34,7,11,10
24.36,12,13,8
24.38,11,9,8
24.4,6,12,14
24.42,11,15,9
24.44,9,10,13
24.46,8,10,12
24.48,7,8,8
24.5,12,13,7
24.52,10,11,15
24.54,18,10,13
24.56,9,7,7
24.58,13,11,6
24.6,12,12,13
24.62,6,18,8
24.64,7,7,12
24.66,10,9,6
24.68,8,8,12
24.7,13,6,8
24.72,15,14,7
24.74,3,12,8
24.76,12,11,11
24.78,10,9,16
24.8,7,12,9
24.82,11,6,11
24.84,14,12,13
24.86,9,14,7
24.88,5,11,5
24.9,14,15,9
24.92,5,14,9
24.94,8,14,11
24.96,8,6,7
24.98,4,7,7
25,7,11,12
25.02,10,9,16
25.04,9,5,11
25.06,8,5,9
25.08,10,10,11
25.1,10,8,11
25.12,9,11,5
25.14,9,8,10
25.16,11,9,8
25.18,7,14,9
25.2,11,13,9
25.22,13,13,9
25.24,4,12,7
25.26,7,9,5
25.28,10,9,5
25.3,8,5,15
25.32,7,11,13
25.34,5,7,5
25.36,7,6,10
25.38,6,7,10
25.4,7,10,7
25.42,8,6,9
25.44,10,5,6
25.46,6,8,10
25.48,10,15,9
25.5,9,17,5
25.52,19,9,6
25.54,9,18,6
25.56,6,12,12
25.58,13,10,10
25.6,11,21,13
25.62,10,5,7
25.64,9,5,8
25.66,5,7,5
25.68,5,10,10
25.7,10,6,7
25.72,11,7,7
25.74,9,6,6
25.76,4,4,5
25.78,7,13,14
25.8,7,9,4
25.82,9,9,4
25.84,8,8,3
25.86,3,7,7
25.88,7,6,10
25.9,4,12,7
25.92,2,8,9
25.94,5,3,6
25.96,6,8,4
25.98,6,5,1
26,10,6,5
26.02,13,9,3
26.04,6,9,5
26.06,9,6,2
26.08,13,11,11
26.1,11,4,14
26.12,9,7,6
26.14,6,11,7
26.16,5,7,9
26.18,7,12,5
26.2,6,6,6
26.22,9,8,7
26.24,13,3,9
26.26,9,3,7
26.28,10,5,4
26.3,5,5,9
26.32,7,6,9
26.34,3,11,12
26.36,9,5,6
26.38,9,9,8
26.4,6,9,8
26.42,8,12,8
26.44,6,9,3
26.46,3,3,10
26.48,6,2,8
26.5,6,10,8
26.52,8,8,12
26.54,7,4,8
26.56,2,10,8
26.58,7,11,7
26.6,8,8,5
26.62,7,5,9
26.64,7,4,3
26.66,5,6,7
26.68,7,8,10
26.7,7,5,8
26.72,9,3,5
26.74,8,9,8
26.76,7,14,6
26.78,6,5,11
26.8,4,11,12
26.82,7,9,2
26.84,4,7,6
26.86,6,4,6
26.88,6,5,9
26.9,6,7,10
26.92,6,8,6
26.94,7,2,3
26.96,4,6,7
26.98,6,10,5
27,9,5,6
27.02,7,6,6
27.04,9,6,3
27.06,8,4,6
27.08,9,6,3
27.1,7,2,5
27.12,14,8,8
27.14,8,9,9
27.16,5,6,5
27.18,5,9,8
27.2,10,8,5
27.22,6,8,13
27.24,8,5,10
27.26,8,11,8
27.28,4,6,6
27.3,6,8,5
27.32,10,6,8
27.34,6,8,4
27.36,12,8,5
27.38,3,14,3
27.4,2,6,2
27.42,10,11,3
27.44,5,3,15
27.46,6,5,5
27.48,4,4,12
27.5,6,7,5
27.52,8,3,5
27.54,4,4,7
27.56,4,9,7
27.58,3,5,7
27.6,4,4,10
27.62,8,5,4
27.64,9,6,6
27.66,7,3,3
27.68,10,5,7
27.7,7,8,4
27.72,6,3,5
27.74,1,6,6
27.76,8,8,4
27.78,2,14,3
27.8,9,2,3
27.82,4,6,9
27.84,5,3,7
27.86,6,9,9
27.88,5,8,5
27.9,7,4,2
27.92,14,6,3
27.94,13,6,10
27.96,3,10,5
27.98,9,6,10
28,4,5,12
28.02,5,8,3
28.04,3,8,12
28.06,6,6,11
28.08,9,10,4
28.1,11,4,7
28.12,7,3,4
28.14,3,7,6
28.16,5,9,10
28.18,4,4,6
28.2,10,6,11
28.22,7,9,2
28.24,8,6,4
28.26,5,5,8
28.28,9,5,9
28.3,2,10,4
28.32,9,6,4
28.34,4,4,6
28.36,6,9,8
28.38,4,4,1
28.4,7,4,4
28.42,6,8,8
28.44,11,5,2
28.46,4,3,3
28.48,7,6,3
28.5,6,9,7
28.52,5,11,3
28.54,7,3,7
28.56,6,1,5
28.58,7,4,5
28.6,5,5,3
28.62,5,8,11
28.64,11,6,7
28.66,7,6,6
28.68,3,2,8
28.7,5,7,5
28.72,3,4,4
28.74,5,6,4
28.76,6,5,5
28.78,5,6,2
28.8,7,11,5
28.82,6,2,4
28.84,6,0,3
28.86,3,1,10
28.88,7,3,6
28.9,4,3,6
28.92,4,4,2
28.94,5,6,17
28.96,6,9,3
28.98,9,3,2
29,8,3,1
29.02,5,7,9
29.04,3,3,5
29.06,10,3,6
29.08,4,5,10
29.1,2,3,2
29.12,2,2,3
29.14,5,5,4
29.16,10,7,5
29.18,5,6,5
29.2,9,5,4
29.22,2,5,4
29.24,11,1,3
29.26,7,2,4
29.28,5,4,9
29.3,11,6,6
29.32,5,5,5
29.34,6,3,1
29.36,6,7,2
29.38,4,8,4
29.4,4,5,3
29.42,8,11,8
29.44,5,5,2
29.46,6,3,5
29.48,2,3,5
29.5,3,4,2
29.52,6,1,3
29.54,4,11,4
29.56,5,0,3
29.58,6,2,4
29.6,7,8,5
29.62,5,3,0
29.64,4,3,5
29.66,9,8,10
29.68,4,5,5
29.7,8,7,3
29.72,4,5,2
29.74,3,5,2
29.76,1,8,5
29.78,6,7,0
29.8,4,2,7
29.82,4,3,6
29.84,3,6,2
29.86,7,7,10
29.88,2,6,5
29.9,7,3,4
29.92,8,5,5
29.94,7,7,0
29.96,5,4,9
29.98,4,7,7
30,4,5,4
30.02,6,6,13
30.04,6,6,8
30.06,7,5,4
30.08,11,7,6
30.1,7,9,4
30.12,5,8,6
30.14,8,8,4
30.16,4,3,6
30.18,3,7,7
30.2,4,2,8
30.22,5,2,5
30.24,9,5,4
30.26,3,4,4
30.28,10,3,7
30.3,6,2,5
30.32,5,3,3
30.34,5,4,3
30.36,4,4,2
30.38,5,9,2
30.4,1,6,4
30.42,4,11,2
30.44,4,3,3
30.46,7,7,3
30.48,7,4,5
30.5,6,5,4
30.52,6,4,5
30.54,6,5,1
30.56,3,5,3
30.58,0,5,2
30.6,1,6,3
30.62,3,5,4
30.64,3,2,5
30.66,4,9,4
30.68,9,2,3
30.7,5,4,5
30.72,3,3,2
30.74,6,5,5
30.76,10,6,9
30.78,4,6,2
30.8,10,7,4
30.82,3,3,0
30.84,2,3,6
30.86,3,3,6
30.88,6,4,3
30.9,3,2,2
30.92,0,7,0
30.94,4,2,2
30.96,2,4,8
30.98,4,3,5
31,8,3,5
31.02,8,3,8
31.04,5,2,2
31.06,2,6,5
31.08,4,4,8
31.1,3,6,5
31.12,5,2,1
31.14,5,7,2
31.16,3,5,5
31.18,7,4,1
31.2,5,9,5
31.22,4,7,4
31.24,7,5,8
31.26,4,2,5
31.28,4,2,5
31.3,3,8,1
31.32,2,1,0
31.34,8,4,9
31.36,3,3,2
31.38,3,3,5
31.4,5,3,4
31.42,8,7,5
31.44,4,5,8
31.46,2,1,3
31.48,3,4,2
31.5,3,6,7
31.52,8,1,3
31.54,7,2,7
31.56,3,8,3
31.58,5,9,5
31.6,9,4,6
31.62,6,4,8
31.64,4,7,7
31.66,1,2,1
31.68,4,7,3
31.7,7,4,10
31.72,2,2,4
31.74,3,5,2
31.76,7,4,1
31.78,1,6,5
31.8,12,4,5
31.82,5,4,4
31.84,4,3,7
31.86,3,3,3
31.88,4,2,5
31.9,1,4,3
31.92,2,7,1
31.94,5,6,5
31.96,3,3,4
31.98,6,4,7
32,4,2,3
32.02,5,6,3
32.04,10,2,4
32.06,7,8,5
32.08,5,3,2
32.1,9,7,2
32.12,8,6,7
32.14,5,2,5
32.16,3,2,5
32.18,5,3,6
32.2,7,4,5
32.22,6,2,3
32.24,6,4,3
32.26,1,3,5
32.28,8,5,3
32.3,1,1,3
32.32,7,4,3
32.34,4,3,1
32.36,7,6,5
32.38,2,7,0
32.4,5,1,2
32.42,4,4,3
32.44,6,6,5
32.46,11,3,4
32.48,4,10,8
32.5,4,1,2
32.52,6,6,1
32.54,7,5,4
32.56,5,2,1
32.58,1,5,3
32.6,5,3,1
32.62,9,1,6
32.64,8,5,6
32.66,6,3,1
32.68,6,4,6
32.7,3,6,1
32.72,0,11,4
32.74,8,4,2
32.76,1,4,1
32.78,4,3,9
32.8,5,2,4
32.82,4,7,3
32.84,6,6,2
32.86,1,2,9
32.88,3,4,4
32.9,4,2,7
32.92,2,6,4
32.94,10,0,5
32.96,6,2,5
32.98,6,1,4
33,8,3,0
33.02,3,2,4
33.04,3,8,7
33.06,3,4,7
33.08,6,7,3
33.1,2,0,2
33.12,5,4,2
33.14,3,2,5
33.16,5,7,2
33.18,2,6,4
33.2,7,10,3
33.22,3,5,6
33.24,14,4,6
33.26,7,5,6
33.28,3,2,3
33.3,4,4,4
33.32,4,5,7
33.34,6,4,4
33.36,5,2,2
33.38,2,4,3
33.4,1,3,4
33.42,4,3,6
33.44,3,3,0
33.46,2,7,5
33.48,6,4,4
33.5,4,3,7
33.52,5,6,1
33.54,5,4,5
33.56,7,2,5
33.58,5,9,5
33.6,3,1,2
33.62,3,4,0
33.64,6,1,9
33.66,4,3,0
33.68,10,3,2
33.7,3,0,3
33.72,7,1,2
33.74,5,4,3
33.76,3,7,4
33.78,4,6,1
33.8,2,1,4
33.82,8,6,5
33.84,2,7,2
33.86,4,5,7
33.88,7,7,0
33.9,5,3,1
33.92,2,2,2
33.94,3,1,3
33.96,7,4,2
33.98,5,4,4
34,4,5,4
34.02,3,7,6
34.04,5,3,3
34.06,0,4,2
34.08,6,3,11
34.1,4,3,1
34.12,1,5,3
34.14,10,4,4
34.16,1,6,4
34.18,1,5,4
34.2,3,7,1
34.22,3,4,4
34.24,2,1,2
34.26,5,8,4
34.28,6,3,6
34.3,4,3,4
34.32,4,5,2
34.34,7,4,2
34.36,4,0,1
34.38,7,3,4
34.4,3,2,5
34.42,0,3,3
34.44,1,4,4
34.46,8,3,3
34.48,3,2,5
34.5,0,6,2
34.52,3,5,5
34.54,5,2,0
34.56,2,3,1
34.58,4,3,4
34.6,7,2,3
34.62,1,3,3
34.64,4,0,3
34.66,4,4,2
34.68,8,2,1
34.7,9,5,1
34.72,6,6,1
34.74,5,2,6
34.76,2,0,5
34.78,6,4,7
34.8,12,3,0
34.82,4,4,4
34.84,5,4,5
34.86,3,4,3
34.88,3,3,4
34.9,5,3,3
34.92,2,1,3
34.94,1,1,6
34.96,3,8,5
34.98,9,7,2
35,8,9,2
35.02,4,7,4
35.04,2,5,0
35.06,4,2,5
35.08,1,6,1
35.1,6,2,2
35.12,6,2,3
35.14,1,7,2
35.16,5,2,2
35.18,3,5,0
35.2,2,5,5
35.22,1,6,6
35.24,3,7,3
35.26,3,9,3
35.28,2,9,6
35.3,3,2,4
35.32,2,5,1
35.34,1,1,3
35.36,3,1,7
35.38,0,4,5
35.4,4,3,4
35.42,2,4,4
35.44,4,6,3
35.46,7,4,6
35.48,3,5,2
35.5,6,1,1
35.52,6,8,5
35.54,8,3,6
35.56,2,2,1
35.58,4,3,5
35.6,2,2,7
35.62,6,6,4
35.64,5,4,1
35.66,2,7,2
35.68,2,3,2
35.7,4,3,0
35.72,2,5,3
35.74,2,7,3
35.76,4,2,5
35.78,3,4,5
35.8,2,4,2
35.82,0,3,8
35.84,6,2,1
35.86,5,5,1
35.88,2,2,2
35.9,3,2,3
35.92,7,3,4
35.94,2,5,4
35.96,5,0,4
35.98,5,4,3
36,4,2,10
36.02,4,6,4
36.04,2,2,4
36.06,4,7,7
36.08,4,0,2
36.1,5,5,4
36.12,1,3,6
36.14,3,2,6
36.16,3,3,3
36.18,2,6,3
36.2,1,2,4
36.22,8,5,4
36.24,5,7,2
36.26,3,5,3
36.28,5,4,2
36.3,7,3,7
36.32,6,3,3
36.34,3,3,1
36.36,3,5,3
36.38,2,1,4
36.4,5,4,6
36.42,3,2,1
36.44,6,1,0
36.46,1,2,2
36.48,1,6,4
36.5,4,6,3
36.52,6,5,4
36.54,3,1,4
36.56,6,2,9
36.58,5,7,5
36.6,3,0,1
36.62,7,6,4
36.64,5,4,3
36.66,2,1,3
36.68,3,6,5
36.7,5,3,5
36.72,2,5,4
36.74,5,9,3
36.76,2,2,2
36.78,1,3,8
36.8,9,7,3
36.82,4,5,1
36.84,2,4,5
36.86,7,1,4
36.88,1,4,2
36.9,3,5,3
36.92,4,3,6
36.94,4,5,2
36.96,3,0,0
36.98,3,5,2
37,3,5,5
37.02,0,5,4
37.04,4,2,7
37.06,3,5,4
37.08,2,2,7
37.1,5,4,8
37.12,3,3,4
37.14,4,5,1
37.16,5,3,4
37.18,6,3,5
37.2,5,5,5
37.22,1,3,1
37.24,2,7,5
37.26,3,6,0
37.28,4,3,2
37.3,6,3,2
37.32,4,5,8
37.34,4,5,1
37.36,2,3,3
37.38,0,3,3
37.4,3,5,1
37.42,6,0,2
37.44,7,2,0
37.46,5,4,2
37.48,4,3,5
37.5,3,4,1
37.52,3,7,5
37.54,5,2,1
37.56,2,2,5
37.58,4,1,7
37.6,2,9,2
37.62,4,5,2
37.64,4,3,4
37.66,6,1,7
37.68,5,7,4
37.7,1,7,5
37.72,0,3,5
37.74,6,3,3
37.76,6,4,0
37.78,1,4,6
37.8,5,3,2
37.82,6,2,4
37.84,5,5,3
37.86,4,5,3
37.88,1,1,3
37.9,0,3,5
37.92,7,8,6
37.94,1,6,6
37.96,1,2,4
37.98,1,0,2
38,2,5,4
38.02,3,1,5
38.04,7,5,5
38.06,5,5,2
38.08,1,0,4
38.1,5,4,4
38.12,5,1,3
38.14,3,5,5
38.16,4,0,2
38.18,4,5,2
38.2,2,2,4
38.22,5,2,8
38.24,2,3,6
38.26,5,1,1
38.28,4,5,5
38.3,2,5,6
38.32,4,2,2
38.34,1,1,1
38.36,5,3,1
38.38,3,3,0
38.4,4,8,4
38.42,3,3,3
38.44,3,2,1
38.46,8,1,3
38.48,0,2,4
38.5,4,0,2
38.52,0,4,3
38.54,2,2,6
38.56,3,3,2
38.58,2,0,3
38.6,4,5,5
38.62,4,2,2
38.64,3,3,1
38.66,5,5,5
38.68,3,0,3
38.7,9,8,8
38.72,4,4,4
38.74,4,1,1
38.76,2,4,3
38.78,5,1,2
38.8,6,7,5
38.82,4,2,4
38.84,3,7,3
38.86,8,5,3
38.88,6,3,3
38.9,7,2,5
38.92,5,7,0
38.94,2,7,5
38.96,4,1,1
38.98,7,5,2
39,8,0,1
39.02,3,6,5
39.04,6,0,1
39.06,0,4,3
39.08,3,6,8
39.1,3,4,1
39.12,4,8,3
39.14,1,3,2
39.16,3,3,1
39.18,2,2,4
39.2,2,8,4
39.22,3,5,3
39.24,1,2,2
39.26,3,9,5
39.28,4,1,6
39.3,2,8,2
39.32,3,9,1
39.34,2,7,2
39.36,4,1,5
39.38,5,5,5
39.4,5,6,2
39.42,3,4,2
39.44,5,2,2
39.46,5,4,1
39.48,7,4,0
39.5,5,4,4
39.52,2,7,1
39.54,10,4,4
39.56,3,0,5
39.58,5,5,2
39.6,2,5,1
39.62,1,5,3
39.64,4,1,4
39.66,8,7,3
39.68,6,3,0
39.7,3,3,6
39.72,5,1,7
39.74,10,0,2
39.76,2,6,4
39.78,2,1,4
39.8,7,4,1
39.82,1,2,3
39.84,1,4,2
39.86,6,4,2
39.88,3,5,5
39.9,6,9,3
39.92,1,3,2
39.94,2,3,4
39.96,3,6,3
39.98,1,5,5
40,6,2,5
40.02,6,1,4
40.04,4,4,1
40.06,5,6,3
40.08,2,6,2
40.1,5,3,2
40.12,3,1,4
40.14,2,2,1
40.16,0,3,3
40.18,1,2,2
40.2,3,4,2
40.22,2,4,2
40.24,2,8,0
40.26,3,5,7
40.28,4,4,3
40.3,8,4,5
40.32,6,5,3
40.34,2,3,4
40.36,2,2,1
40.38,5,1,1
40.4,2,4,2
40.42,3,7,4
40.44,5,2,3
40.46,3,3,4
40.48,4,7,1
40.5,3,2,4
40.52,2,3,2
40.54,2,3,2
40.56,5,1,11
40.58,5,4,6
40.6,5,1,8
40.62,6,2,1
40.64,1,1,7
40.66,4,4,0
40.68,3,8,2
40.7,3,1,6
40.72,4,8,5
40.74,9,7,2
40.76,5,5,5
40.78,4,4,2
40.8,4,3,1
40.82,5,6,2
40.84,2,5,1
40.86,3,6,1
40.88,6,3,0
40.9,6,0,1
40.92,7,1,4
40.94,4,4,4
40.96,4,3,1
40.98,0,2,2
41,1,5,2
41.02,4,3,2
41.04,5,3,1
41.06,4,3,8
41.08,11,4,2
41.1,3,3,1
41.12,6,1,4
41.14,3,1,3
41.16,9,3,2
41.18,0,3,3
41.2,4,7,0
41.22,5,4,2
41.24,3,3,3
41.26,4,5,4
41.28,2,2,4
41.3,8,1,4
41.32,6,2,4
41.34,6,4,5
41.36,4,3,5
41.38,7,1,4
41.4,4,4,5
41.42,2,4,1
41.44,3,4,1
41.46,3,1,1
41.48,2,3,1
41.5,4,6,3
41.52,4,3,0
41.54,7,4,1
41.56,4,14,8
41.58,5,5,4
41.6,2,2,3
41.62,0,3,4
41.64,1,5,1
41.66,4,4,3
41.68,3,1,2
41.7,4,6,3
41.72,4,3,7
41.74,5,6,2
41.76,2,4,1
41.78,3,2,4
41.8,3,3,6
41.82,3,4,3
41.84,3,3,1
41.86,2,3,3
41.88,8,4,6
41.9,4,5,3
41.92,0,2,1
41.94,3,3,3
41.96,2,5,3
41.98,2,1,4
42,6,2,5
42.02,1,2,5
42.04,3,4,2
42.06,7,1,8
42.08,2,2,6
42.1,6,3,4
42.12,2,3,3
42.14,4,6,2
42.16,3,4,2
42.18,5,1,2
42.2,4,4,3
42.22,3,3,1
42.24,7,2,1
42.26,2,1,6
42.28,5,1,1
42.3,8,5,3
42.32,9,2,2
42.34,0,4,4
42.36,0,3,5
42.38,3,1,7
42.4,2,2,3
42.42,3,5,1
42.44,4,4,4
42.46,3,5,2
42.48,1,2,7
42.5,1,5,9
42.52,4,9,1
42.54,3,4,5
42.56,2,1,0
42.58,1,9,2
42.6,4,5,3
42.62,5,3,1
42.64,5,2,4
42.66,7,6,12
42.68,3,5,4
42.7,5,5,2
42.72,3,5,4
42.74,5,2,5
42.76,1,4,5
42.78,5,2,3
42.8,4,4,5
42.82,4,4,5
42.84,6,5,3
42.86,2,5,3
42.88,3,3,1
42.9,8,4,2
42.92,5,1,0
42.94,4,5,6
42.96,2,6,6
42.98,3,6,5
43,2,6,5
43.02,5,5,5
43.04,4,4,1
43.06,6,5,2
43.08,2,0,2
43.1,6,1,4
43.12,5,7,4
43.14,4,6,4
43.16,4,2,6
43.18,2,3,6
43.2,2,10,2
43.22,2,5,4
43.24,2,7,2
43.26,3,3,2
43.28,2,3,5
43.3,3,7,3
43.32,0,0,0
43.34,1,1,4
43.36,4,5,4
43.38,7,1,4
43.4,7,3,3
43.42,3,0,3
43.44,4,6,3
43.46,6,2,1
43.48,3,7,2
43.5,0,10,3
43.52,4,6,2
43.54,3,1,7
43.56,3,2,4
43.58,2,3,3
43.6,2,2,4
43.62,4,6,3
43.64,8,3,6
43.66,4,3,2
43.68,3,2,3
43.7,5,3,1
43.72,5,3,3
43.74,3,2,4
43.76,4,6,3
43.78,6,4,1
43.8,3,3,3
43.82,7,4,1
43.84,0,3,2
43.86,4,5,2
43.88,4,2,3
43.9,1,1,7
43.92,5,6,4
43.94,2,0,4
43.96,3,6,7
43.98,7,0,7
44,3,1,4
44.02,4,3,8
44.04,5,12,3
44.06,4,2,6
44.08,1,3,3
44.1,3,1,1
44.12,4,4,3
44.14,5,6,6
44.16,7,4,4
44.18,4,3,2
44.2,5,2,3
44.22,5,2,5
44.24,6,3,4
44.26,4,3,3
44.28,5,3,3
44.3,7,0,1
44.32,3,4,1
44.34,1,4,4
44.36,3,2,5
44.38,6,3,7
44.4,2,7,6
44.42,1,7,7
44.44,2,1,4
44.46,4,3,3
44.48,1,7,3
44.5,0,5,7
44.52,1,4,0
44.54,2,7,4
44.56,7,5,2
44.58,4,4,5
44.6,3,6,5
44.62,6,2,1
44.64,1,4,1
44.66,1,4,1
44.68,4,6,2
44.7,5,1,4
44.72,11,8,2
44.74,5,1,3
44.76,4,2,1
44.78,7,3,4
44.8,3,4,3
44.82,4,3,1
44.84,3,3,6
44.86,2,3,5
44.88,5,4,1
44.9,7,2,3
44.92,7,2,4
44.94,1,2,1
44.96,2,4,4
44.98,4,1,4
45,5,3,1
45.02,2,7,1
45.04,2,4,7
45.06,3,1,2
45.08,6,4,8
45.1,5,0,2
45.12,1,5,1
45.14,6,1,1
45.16,6,5,4
45.18,5,6,7
45.2,2,1,0
45.22,4,4,2
45.24,2,2,1
45.26,2,1,4
45.28,7,6,1
45.3,6,3,2
45.32,5,4,3
45.34,4,2,0
45.36,5,1,4
45.38,2,3,0
45.4,6,2,4
45.42,5,7,6
45.44,7,5,1
45.46,3,3,4
45.48,3,2,5
45.5,3,4,4
45.52,6,3,3
45.54,5,4,3
45.56,1,4,2
45.58,6,2,4
45.6,4,4,6
45.62,4,4,0
45.64,7,4,1
45.66,6,4,3
45.68,4,4,3
45.7,4,1,5
45.72,3,7,2
45.74,3,2,4
45.76,2,4,4
45.78,2,4,3
45.8,7,1,5
45.82,5,8,0
45.84,5,9,5
45.86,4,3,6
45.88,7,5,4
45.9,3,3,3
45.92,4,1,2
45.94,4,1,2
45.96,5,2,1
45.98,6,4,7
46,3,4,5
46.02,0,5,6
46.04,5,0,5
46.06,3,5,5
46.08,3,3,2
46.1,2,2,1
46.12,5,0,1
46.14,0,3,3
46.16,4,4,2
46.18,2,0,4
46.2,1,1,2
46.22,4,3,2
46.24,7,4,5
46.26,3,1,3
46.28,4,1,6
46.3,1,4,3
46.32,5,6,4
46.34,2,7,3
46.36,3,5,4
46.38,2,8,1
46.4,1,4,2
46.42,8,2,3
46.44,7,4,5
46.46,3,5,5
46.48,6,4,2
46.5,6,2,6
46.52,5,4,5
46.54,3,0,1
46.56,1,3,0
46.58,6,3,7
46.6,3,4,7
46.62,0,0,4
46.64,5,1,3
46.66,3,1,4
46.68,2,2,3
46.7,0,3,5
46.72,6,4,2
46.74,1,4,1
46.76,3,6,1
46.78,5,3,2
46.8,2,2,6
46.82,3,2,0
46.84,3,7,3
46.86,4,4,2
46.88,7,1,2
46.9,4,5,1
46.92,3,1,1
46.94,4,2,3
46.96,4,4,5
46.98,7,2,6
47,1,7,6
47.02,5,2,8
47.04,2,6,10
47.06,3,6,6
47.08,5,1,2
47.1,3,5,5
47.12,6,3,6
47.14,7,8,4
47.16,6,4,9
47.18,2,6,8
47.2,8,2,5
47.22,5,2,2
47.24,3,1,2
47.26,3,7,5
47.28,3,3,1
47.3,4,2,3
47.32,4,3,3
47.34,3,3,4
47.36,4,4,3
47.38,1,4,3
47.4,1,2,3
47.42,5,6,1
47.44,3,5,5
47.46,3,4,3
47.48,2,1,4
47.5,2,4,2
47.52,2,3,3
47.54,3,3,6
47.56,7,2,6
47.58,2,0,4
47.6,0,2,5
47.62,2,4,1
47.64,6,1,4
47.66,3,6,2
47.68,2,2,5
47.7,8,5,7
47.72,6,9,1
47.74,3,1,3
47.76,4,4,4
47.78,5,5,1
47.8,10,3,6
47.82,2,0,8
47.84,2,4,6
47.86,5,4,3
47.88,5,5,4
47.9,6,2,1
47.92,1,2,4
47.94,5,1,4
47.96,1,4,8
47.98,1,5,3
48,1,1,2
48.02,5,3,3
48.04,2,5,3
48.06,3,2,4
48.08,3,3,5
48.1,5,5,2
48.12,4,4,6
48.14,1,1,4
48.16,3,4,0
48.18,2,3,8
48.2,4,4,4
48.22,4,1,0
48.24,3,1,4
48.26,3,1,2
48.28,2,4,6
48.3,3,2,1
48.32,4,2,0
48.34,8,3,1
48.36,3,8,1
48.38,4,6,4
48.4,7,1,1
48.42,6,2,3
48.44,3,4,2
48.46,2,2,1
48.48,3,2,1
48.5,2,3,6
48.52,1,5,3
48.54,4,1,7
48.56,3,3,4
48.58,3,7,3
48.6,2,4,1
48.62,2,3,1
48.64,5,7,5
48.66,9,8,1
48.68,4,4,2
48.7,5,1,2
48.72,2,3,1
48.74,2,4,3
48.76,7,1,2
48.78,1,1,8
48.8,4,2,4
48.82,6,0,8
48.84,2,4,6
48.86,4,3,3
48.88,5,5,4
48.9,2,3,1
48.92,6,6,0
48.94,4,5,2
48.96,3,7,0
48.98,3,3,2
49,1,3,6
49.02,2,4,3
49.04,1,7,3
49.06,3,5,3
49.08,3,2,4
49.1,3,3,1
49.12,6,4,0
49.14,2,4,3
49.16,3,9,6
49.18,3,3,3
49.2,5,6,1
49.22,4,5,1
49.24,1,2,0
49.26,2,0,1
49.28,0,8,2
49.3,3,3,9
49.32,6,2,1
49.34,1,3,2
49.36,2,6,4
49.38,2,2,4
49.4,6,6,4
49.42,3,1,7
49.44,3,5,3
49.46,7,1,3
49.48,4,1,5
49.5,0,3,5
49.52,5,8,1
49.54,1,1,8
49.56,1,6,4
49.58,4,6,6
49.6,6,3,2
49.62,6,6,5
49.64,6,6,2
49.66,7,10,0
49.68,2,2,3
49.7,4,3,3
49.72,3,5,0
49.74,5,3,3
49.76,2,5,1
49.78,4,5,4
49.8,3,5,3
49.82,1,5,2
49.84,4,9,9
49.86,2,5,1
49.88,0,4,6
49.9,3,3,1
49.92,4,3,2
49.94,7,2,6
49.96,4,5,1
49.98,3,6,0
50,4,2,4
50.02,2,3,4
50.04,1,1,5
50.06,3,1,2
50.08,1,3,2
50.1,2,0,1
50.12,5,6,4
50.14,1,3,2
50.16,3,1,5
50.18,3,1,2
50.2,2,7,4
50.22,5,1,1
50.24,3,5,5
50.26,9,9,1
50.28,5,0,3
50.3,9,3,3
50.32,2,1,1
50.34,2,10,5
50.36,2,4,6
50.38,5,2,2
50.4,2,6,1
50.42,1,5,1
50.44,4,5,2
50.46,5,6,2
50.48,4,1,2
50.5,2,3,4
50.52,5,7,6
50.54,1,3,2
50.56,5,8,2
50.58,5,7,3
50.6,0,1,1
50.62,2,2,2
50.64,4,3,5
50.66,2,3,0
50.68,3,10,1
50.7,5,3,4
50.72,7,0,3
50.74,2,6,6
50.76,6,6,2
50.78,8,4,0
50.8,2,2,4
50.82,3,3,5
50.84,5,3,4
50.86,0,2,1
50.88,3,6,5
50.9,1,2,3
50.92,0,1,2
50.94,3,1,3
50.96,1,5,1
50.98,2,9,3
51,9,2,3
51.02,0,4,0
51.04,3,9,3
51.06,3,3,2
51.08,4,6,2
51.1,6,4,12
51.12,0,2,3
51.14,9,2,5
51.16,1,3,5
51.18,2,7,1
51.2,3,6,2
51.22,3,9,3
51.24,2,5,2
51.26,5,8,3
51.28,2,4,4
51.3,2,5,3
51.32,3,3,5
51.34,5,2,2
51.36,4,3,4
51.38,3,2,5
51.4,3,3,2
51.42,3,1,3
51.44,1,1,0
51.46,5,5,2
51.48,6,9,4
51.5,3,7,3
51.52,3,10,1
51.54,1,8,6
51.56,4,1,5
51.58,7,4,2
51.6,6,1,4
51.62,2,2,1
51.64,4,1,4
51.66,5,5,2
51.68,5,2,1
51.7,0,2,5
51.72,11,1,1
51.74,4,3,3
51.76,4,0,7
51.78,3,4,3
51.8,5,3,4
51.82,2,3,5
51.84,3,3,3
51.86,3,5,4
51.88,2,4,6
51.9,4,5,6
51.92,5,3,0
51.94,5,2,4
51.96,3,3,4
51.98,8,7,9
52,3,5,2
52.02,4,1,2
52.04,2,4,4
52.06,2,5,4
52.08,3,5,6
52.1,2,5,2
52.12,4,5,8
52.14,5,3,1
52.16,2,1,1
52.18,5,4,5
52.2,1,3,1
52.22,2,6,5
52.24,3,7,2
52.26,3,6,4
52.28,4,4,3
52.3,7,7,1
52.32,1,1,3
52.34,1,6,11
52.36,4,2,3
52.38,7,4,6
52.4,2,0,9
52.42,3,1,1
52.44,4,0,1
52.46,3,2,2
52.48,5,2,7
52.5,5,0,0
52.52,3,3,3
52.54,2,1,3
52.56,1,3,1
52.58,4,3,1
52.6,1,1,1
52.62,1,2,3
52.64,2,5,2
52.66,3,7,6
52.68,2,1,11
52.7,6,1,6
52.72,3,2,4
52.74,4,2,3
52.76,5,7,4
52.78,1,3,3
52.8,3,9,5
52.82,4,1,1
52.84,2,2,3
52.86,1,5,2
52.88,4,5,2
52.9,3,4,4
52.92,2,3,0
52.94,3,2,5
52.96,2,5,5
52.98,5,3,1
53,3,1,2
53.02,2,4,3
53.04,2,2,4
53.06,6,4,7
53.08,3,6,5
53.1,7,6,4
53.12,4,2,5
53.14,2,10,3
53.16,3,3,2
53.18,5,2,4
53.2,1,5,3
53.22,4,6,1
53.24,1,0,4
53.26,3,3,1
53.28,6,0,4
53.3,7,6,5
53.32,7,8,3
53.34,4,4,1
53.36,5,4,1
53.38,6,5,5
53.4,4,3,6
53.42,2,0,1
53.44,3,2,2
53.46,3,3,4
53.48,11,2,3
53.5,4,3,1
53.52,2,5,3
53.54,5,2,2
53.56,3,2,2
53.58,2,2,1
53.6,4,8,2
53.62,2,6,10
53.64,4,8,3
53.66,9,4,5
53.68,4,5,5
53.7,6,8,2
53.72,1,1,5
53.74,2,4,2
53.76,1,2,0
53.78,5,1,7
53.8,1,6,1
53.82,1,3,4
53.84,2,6,4
53.86,3,2,5
53.88,2,1,6
53.9,2,5,3
53.92,1,3,6
53.94,3,2,2
53.96,2,6,2
53.98,3,2,2
54,4,6,3
54.02,4,2,1
54.04,2,0,5
54.06,5,3,2
54.08,5,3,4
54.1,7,3,3
54.12,4,3,3
54.14,2,2,2
54.16,2,1,3
54.18,4,3,2
54.2,5,3,4
54.22,1,2,3
54.24,1,3,4
54.26,3,0,5
54.28,2,0,6
54.3,3,3,3
54.32,4,4,3
54.34,0,3,6
54.36,5,2,3
54.38,5,3,2
54.4,7,3,5
54.42,3,2,1
54.44,8,10,5
54.46,2,5,2
54.48,7,3,5
54.5,6,3,0
54.52,4,3,2
54.54,3,4,4
54.56,5,1,5
54.58,2,2,9
54.6,4,1,0
54.62,1,4,4
54.64,3,2,1
54.66,7,5,1
54.68,1,1,3
54.7,1,4,5
54.72,9,8,3
54.74,4,6,6
54.76,3,3,7
54.78,2,1,1
54.8,2,4,5
54.82,8,4,5
54.84,3,3,1
54.86,6,4,4
54.88,7,1,2
54.9,3,0,0
54.92,3,5,1
54.94,3,3,3
54.96,3,3,4
54.98,4,2,0
55,4,5,6
55.02,1,4,2
55.04,0,7,8
55.06,0,7,4
55.08,3,0,3
55.1,4,4,5
55.12,2,1,5
55.14,4,6,7
55.16,6,7,4
55.18,8,5,1
55.2,2,7,3
55.22,2,4,4
55.24,4,4,7
55.26,4,0,5
55.28,4,1,5
55.3,4,2,2
55.32,3,5,1
55.34,4,4,0
55.36,4,1,3
55.38,3,4,2
55.4,2,1,1
55.42,3,1,3
55.44,2,2,2
55.46,4,4,3
55.48,2,6,1
55.5,4,5,5
55.52,5,8,2
55.54,3,4,2
55.56,2,3,4
55.58,5,6,10
55.6,2,7,3
55.62,4,3,1
55.64,3,1,2
55.66,1,2,3
55.68,2,1,5
55.7,4,7,6
55.72,4,2,2
55.74,2,4,6
55.76,3,4,2
55.78,2,1,5
55.8,5,5,2
55.82,5,5,0
55.84,2,5,2
55.86,0,2,2
55.88,6,7,7
55.9,1,7,4
55.92,5,7,4
55.94,3,4,3
55.96,6,1,1
55.98,0,9,5
56,1,0,4
56.02,5,8,3
56.04,12,1,3
56.06,1,1,2
56.08,3,2,3
56.1,6,6,2
56.12,2,1,7
56.14,4,3,6
56.16,4,1,1
56.18,3,2,6
56.2,3,3,3
56.22,6,3,3
56.24,6,2,5
56.26,1,4,3
56.28,5,5,8
56.3,1,4,3
56.32,4,3,1
56.34,0,3,2
56.36,7,5,2
56.38,5,2,4
56.4,9,3,2
56.42,6,0,6
56.44,4,7,4
56.46,2,3,3
56.48,4,3,4
56.5,7,1,4
56.52,2,3,2
56.54,3,4,5
56.56,2,4,1
56.58,3,2,5
56.6,3,1,2
56.62,2,4,5
56.64,4,3,3
56.66,5,6,3
56.68,2,2,0
56.7,0,7,2
56.72,5,0,1
56.74,3,1,5
56.76,3,2,2
56.78,2,8,1
56.8,4,5,5
56.82,5,5,3
56.84,5,1,1
56.86,2,3,2
56.88,1,1,3
56.9,8,6,4
56.92,2,0,5
56.94,2,0,2
56.96,4,5,0
56.98,2,5,5
57,2,4,4
57.02,2,8,3
57.04,7,7,3
57.06,4,6,5
57.08,4,3,7
57.1,3,3,5
57.12,3,3,5
57.14,3,3,0
57.16,6,1,1
57.18,1,6,3
57.2,6,4,4
57.22,4,3,3
57.24,6,4,4
57.26,3,2,6
57.28,5,0,2
57.3,5,4,6
57.32,2,2,4
57.34,2,6,4
57.36,2,3,4
57.38,3,1,4
57.4,2,0,3
57.42,3,2,0
57.44,3,1,2
57.46,2,3,0
57.48,5,6,3
57.5,3,3,1
57.52,1,2,4
57.54,4,1,1
57.56,2,6,3
57.58,5,5,2
57.6,7,3,1
57.62,2,3,5
57.64,2,3,5
57.66,8,1,5
57.68,7,4,7
57.7,2,0,4
57.72,2,1,1
57.74,4,3,1
57.76,2,3,5
57.78,4,6,5
57.8,6,5,3
57.82,1,1,2
57.84,4,6,5
57.86,4,5,4
57.88,6,5,5
57.9,5,4,5
57.92,8,5,2
57.94,0,3,2
57.96,2,4,2
57.98,4,4,6
58,6,8,3
58.02,4,2,5
58.04,1,4,3
58.06,6,7,3
58.08,6,0,2
58.1,6,4,1
58.12,2,5,3
58.14,3,4,1
58.16,3,3,2
58.18,3,4,3
58.2,3,5,2
58.22,1,1,1
58.24,0,3,2
58.26,0,6,2
58.28,2,3,1
58.3,3,7,3
58.32,4,2,2
58.34,9,2,3
58.36,5,3,4
58.38,6,5,3
58.4,3,3,4
58.42,4,2,4
58.44,2,5,3
58.46,3,0,4
58.48,6,2,2
58.5,4,3,2
58.52,8,4,3
58.54,2,3,4
58.56,9,1,4
58.58,2,2,1
58.6,0,3,3
58.62,1,3,2
58.64,4,7,4
58.66,4,2,1
58.68,3,0,5
58.7,6,6,0
58.72,4,4,4
58.74,5,7,7
58.76,2,4,1
58.78,4,4,5
58.8,6,6,0
58.82,1,5,3
58.84,2,4,4
58.86,6,5,1
58.88,5,5,0
58.9,3,4,3
58.92,3,6,4
58.94,6,0,8
58.96,4,3,5
58.98,3,3,3
59,9,5,3
59.02,2,3,2
59.04,5,1,5
59.06,2,2,3
59.08,0,3,2
59.1,6,6,3
59.12,6,7,6
59.14,1,2,1
59.16,2,7,2
59.18,3,3,4
59.2,3,5,1
59.22,11,4,1
59.24,6,4,4
59.26,6,5,4
59.28,3,8,4
59.3,5,4,2
59.32,4,2,5
59.34,2,3,1
59.36,3,4,0
59.38,1,3,4
59.4,3,6,6
59.42,2,3,3
59.44,1,2,0
59.46,4,1,1
59.48,3,0,5
59.5,1,0,5
59.52,5,0,3
59.54,4,2,5
59.56,0,6,2
59.58,3,5,3
59.6,4,2,4
59.62,4,5,2
59.64,4,8,1
59.66,4,5,4
59.68,4,3,2
59.7,4,4,3
59.72,7,1,4
59.74,4,5,5
59.76,4,1,1
59.78,6,5,2
59.8,4,5,3
59.82,6,4,2
59.84,4,4,1
59.86,4,7,1
59.88,4,7,5
59.9,2,7,3
59.92,3,3,3
59.94,6,5,6
59.96,4,6,4
59.98,4,5,2
60,2,1,4
60.02,6,4,3
60.04,4,4,2
60.06,1,4,2
60.08,3,3,2
60.1,0,5,1
60.12,6,3,8
60.14,6,4,4
60.16,3,2,2
60.18,3,2,6
60.2,7,6,2
60.22,7,3,3
60.24,1,6,3
60.26,0,3,5
60.28,4,6,3
60.3,4,1,0
60.32,8,3,2
60.34,5,3,1
60.36,5,9,6
60.38,4,1,3
60.4,4,6,1
60.42,1,4,4
60.44,5,1,6
60.46,2,7,5
60.48,3,2,7
60.5,3,3,3
60.52,2,6,9
60.54,5,3,8
60.56,4,3,2
60.58,2,4,4
60.6,4,7,2
60.62,0,5,2
60.64,5,3,2
60.66,2,2,2
60.68,3,5,2
60.7,5,1,2
60.72,6,4,3
60.74,4,1,1
60.76,5,2,6
60.78,3,3,4
60.8,3,7,9
60.82,3,5,3
60.84,3,4,0
60.86,1,2,4
60.88,4,7,5
60.9,5,4,2
60.92,3,3,4
60.94,8,2,2
60.96,1,7,5
60.98,2,3,2
61,4,3,3
61.02,2,1,0
61.04,3,5,3
61.06,4,2,0
61.08,1,3,7
61.1,3,6,5
61.12,4,4,8
61.14,3,5,1
61.16,2,4,4
61.18,2,3,1
61.2,8,5,9
61.22,5,0,2
61.24,4,2,3
61.26,3,8,0
61.28,5,6,2
61.3,2,4,5
61.32,2,2,2
61.34,4,7,3
61.36,2,7,2
61.38,2,4,3
61.4,5,3,2
61.42,1,3,2
61.44,3,5,4
61.46,7,8,1
61.48,4,1,1
61.5,5,2,3
61.52,1,1,4
61.54,4,2,8
61.56,5,0,1
61.58,4,5,3
61.6,5,2,4
61.62,2,2,4
61.64,4,5,3
61.66,1,3,2
61.68,0,4,1
61.7,3,5,1
61.72,1,7,3
61.74,2,0,6
61.76,2,2,4
61.78,1,2,3
61.8,1,2,2
61.82,3,5,2
61.84,7,5,10
61.86,2,5,7
61.88,2,5,1
61.9,4,1,1
61.92,3,3,1
61.94,3,6,2
61.96,3,6,2
61.98,2,5,8
62,13,5,4
62.02,4,4,2
62.04,1,4,6
62.06,3,4,5
62.08,5,6,8
62.1,4,5,3
62.12,8,1,7
62.14,5,2,4
62.16,4,2,7
62.18,4,4,5
62.2,6,2,6
62.22,6,0,1
62.24,1,10,1
62.26,2,3,3
62.28,3,10,4
62.3,4,3,3
62.32,5,5,0
62.34,2,1,4
62.36,2,1,1
62.38,4,5,2
62.4,4,1,0
62.42,6,5,1
62.44,5,0,0
62.46,5,5,6
62.48,3,5,4
62.5,4,1,5
62.52,3,2,3
62.54,4,2,2
62.56,5,5,6
62.58,1,1,0
62.6,2,4,1
62.62,2,2,3
62.64,0,1,4
62.66,5,0,2
62.68,3,3,5
62.7,4,6,2
62.72,5,3,3
62.74,3,4,4
62.76,3,4,7
62.78,4,4,2
62.8,1,7,3
62.82,4,1,3
62.84,1,5,2
62.86,5,1,3
62.88,6,2,1
62.9,2,2,2
62.92,1,4,2
62.94,4,3,3
62.96,5,6,1
62.98,6,1,6
63,2,1,4
63.02,5,3,4
63.04,3,5,1
63.06,1,5,3
63.08,2,4,7
63.1,2,1,4
63.12,5,4,3
63.14,3,5,4
63.16,2,3,1
63.18,4,1,1
63.2,7,1,2
63.22,7,4,4
63.24,4,2,1
63.26,5,2,4
63.28,4,2,2
63.3,3,3,1
63.32,4,1,2
63.34,5,2,5
63.36,3,3,6
63.38,3,3,1
63.4,5,2,1
63.42,3,5,5
63.44,2,4,1
63.46,2,6,4
63.48,2,3,4
63.5,6,4,5
63.52,1,2,2
63.54,4,3,1
63.56,3,2,5
63.58,4,4,3
63.6,1,2,2
63.62,5,8,7
63.64,1,2,1
63.66,0,1,2
63.68,4,9,4
63.7,6,7,2
63.72,6,1,1
63.74,2,1,1
63.76,2,6,1
63.78,3,4,3
63.8,2,5,3
63.82,4,3,1
63.84,3,1,4
63.86,7,3,4
63.88,3,1,4
63.9,8,4,6
63.92,1,6,4
63.94,3,5,3
63.96,5,5,7
63.98,8,3,8
64,4,6,3
64.02,1,4,3
64.04,4,3,2
64.06,2,2,2
64.08,1,5,2
64.1,3,0,3
64.12,2,0,3
64.14,3,1,5
64.16,1,5,1
64.18,2,3,2
64.2,2,3,0
64.22,4,2,0
64.24,4,2,4
64.26,2,3,5
64.28,4,2,1
64.3,5,1,3
64.32,2,2,2
64.34,3,2,3
64.36,4,0,4
64.38,1,6,5
64.4,6,2,1
64.42,2,2,0
64.44,5,5,2
64.46,5,4,3
64.48,3,2,1
64.5,6,1,5
64.52,6,2,5
64.54,2,2,3
64.56,3,2,2
64.58,3,4,5
64.6,1,5,4
64.62,1,1,6
64.64,2,3,2
64.66,3,1,5
64.68,3,2,5
64.7,4,4,4
64.72,5,5,5
64.74,4,4,4
64.76,3,3,2
64.78,4,2,2
64.8,8,2,5
64.82,6,2,1
64.84,5,3,2
64.86,4,8,2
64.88,2,3,0
64.9,6,4,5
64.92,3,3,2
64.94,1,4,2
64.96,8,4,5
64.98,5,4,1
65,4,5,2
65.02,9,4,3
65.04,5,3,2
65.06,0,3,3
65.08,9,2,3
65.1,0,6,3
65.12,1,1,5
65.14,5,2,2
65.16,4,5,3
65.18,1,2,3
65.2,5,5,4
65.22,3,4,8
65.24,0,8,2
65.26,3,6,5
65.28,4,3,8
65.3,5,10,4
65.32,4,3,3
65.34,5,6,0
65.36,8,5,5
65.38,4,5,4
65.4,1,10,8
65.42,6,2,5
65.44,3,0,5
65.46,5,3,5
65.48,2,5,3
65.5,3,6,3
65.52,3,4,1
65.54,2,3,1
65.56,0,0,1
65.58,4,0,2
65.6,1,3,8
65.62,5,2,5
65.64,4,3,6
65.66,4,6,4
65.68,3,3,5
65.7,0,4,3
65.72,3,3,5
65.74,4,2,1
65.76,5,2,1
65.78,5,7,0
65.8,6,5,2
65.82,3,14,6
65.84,5,5,2
65.86,5,1,2
65.88,3,3,2
65.9,8,3,2
65.92,8,2,4
65.94,1,0,2
65.96,2,2,3
65.98,3,3,4
66,1,4,5
66.02,7,2,4
66.04,2,2,4
66.06,7,5,2
66.08,9,2,1
66.1,4,8,3
66.12,4,2,1
66.14,2,5,2
66.16,6,1,4
66.18,3,1,5
66.2,3,5,4
66.22,1,4,5
66.24,6,2,3
66.26,0,5,1
66.28,2,6,2
66.3,2,2,8
66.32,4,3,3
66.34,3,1,2
66.36,9,1,5
66.38,11,3,9
66.4,6,3,0
66.42,2,0,5
66.44,1,5,7
66.46,3,2,5
66.48,2,3,0
66.5,2,0,5
66.52,5,3,3
66.54,4,4,4
66.56,3,3,6
66.58,6,3,4
66.6,3,6,4
66.62,2,2,3
66.64,6,1,8
66.66,7,0,3
66.68,0,2,4
66.7,8,1,4
66.72,4,4,4
66.74,5,6,3
66.76,1,2,1
66.78,5,3,3
66.8,3,4,1
66.82,3,6,10
66.84,2,7,4
66.86,1,4,5
66.88,3,1,4
66.9,4,5,3
66.92,1,3,5
66.94,3,6,3
66.96,3,2,2
66.98,2,8,3
67,8,3,3
67.02,8,3,3
67.04,3,2,1
67.06,4,5,5
67.08,7,6,7
67.1,5,1,2
67.12,4,4,5
67.14,6,5,8
67.16,4,2,7
67.18,3,5,3
67.2,5,6,3
67.22,5,6,2
67.24,6,4,4
67.26,1,4,6
67.28,3,4,6
67.3,4,0,2
67.32,3,8,0
67.34,3,2,1
67.36,1,1,1
67.38,3,4,4
67.4,3,3,2
67.42,3,4,9
67.44,6,3,9
67.46,2,4,3
67.48,2,6,4
67.5,5,5,2
67.52,6,4,5
67.54,4,4,3
67.56,6,4,5
67.58,8,4,4
67.6,6,7,5
67.62,6,6,1
67.64,6,7,4
67.66,4,8,9
67.68,3,4,1
67.7,2,7,4
67.72,5,3,3
67.74,3,3,2
67.76,2,6,3
67.78,6,6,1
67.8,3,2,2
67.82,6,6,3
67.84,1,1,2
67.86,6,0,4
67.88,6,2,1
67.9,3,3,4
67.92,2,1,1
67.94,3,2,1
67.96,4,2,3
67.98,5,5,2
68,3,1,1
68.02,2,4,7
68.04,2,5,6
68.06,3,5,5
68.08,5,2,2
68.1,6,1,3
68.12,8,4,2
68.14,2,5,2
68.16,2,2,5
68.18,2,5,6
68.2,8,8,3
68.22,6,7,4
68.24,3,5,4
68.26,3,4,4
68.28,4,2,5
68.3,5,6,4
68.32,2,3,5
68.34,2,2,8
68.36,1,3,3
68.38,7,5,3
68.4,3,4,1
68.42,2,4,5
68.44,7,1,4
68.46,1,2,5
68.48,2,4,3
68.5,4,6,4
68.52,4,7,3
68.54,7,5,3
68.56,2,1,3
68.58,2,2,2
68.6,4,3,2
68.62,8,6,2
68.64,0,5,3
68.66,4,8,9
68.68,2,4,5
68.7,3,7,2
68.72,6,10,5
68.74,3,8,6
68.76,2,4,6
68.78,3,4,3
68.8,1,2,9
68.82,4,2,1
68.84,0,2,2
68.86,2,5,6
68.88,5,3,4
68.9,1,8,6
68.92,3,5,0
68.94,3,4,3
68.96,6,3,8
68.98,4,6,3
69,2,3,7
69.02,3,0,5
69.04,4,2,5
69.06,3,4,2
69.08,6,5,4
69.1,6,3,4
69.12,1,5,4
69.14,3,3,0
69.16,7,2,3
69.18,6,3,1
69.2,7,1,7
69.22,5,5,4
69.24,3,4,4
69.26,3,1,2
69.28,4,1,4
69.3,8,1,1
69.32,7,3,3
69.34,5,3,4
69.36,6,7,4
69.38,3,4,1
69.4,2,5,3
69.42,6,3,2
69.44,6,4,3
69.46,2,6,6
69.48,4,1,2
69.5,4,1,3
69.52,3,6,2
69.54,4,3,2
69.56,2,6,2
69.58,7,3,2
69.6,1,2,2
69.62,4,5,1
69.64,3,4,5
69.66,3,2,2
69.68,6,2,2
69.7,10,3,1
69.72,2,7,4
69.74,1,5,5
69.76,5,2,3
69.78,5,2,3
69.8,2,5,7
69.82,6,1,2
69.84,6,3,4
69.86,4,3,1
69.88,2,3,1
69.9,3,4,2
69.92,5,2,5
69.94,5,6,2
69.96,4,4,4
69.98,6,8,3
70,3,8,1
70.02,5,5,4
70.04,3,9,3
70.06,4,2,3
70.08,2,7,2
70.1,3,2,3
70.12,4,5,3
70.14,6,3,7
70.16,8,9,3
70.18,2,5,5
70.2,8,6,6
70.22,2,4,6
70.24,4,6,6
70.26,5,5,4
70.28,6,4,2
70.3,4,4,6
70.32,8,3,1
70.34,7,0,1
70.36,2,3,2
70.38,2,8,4
70.4,2,3,5
70.42,3,3,5
70.44,6,5,4
70.46,4,3,2
70.48,1,4,1
70.5,2,4,3
70.52,4,2,9
70.54,7,2,2
70.56,4,3,2
70.58,1,6,4
70.6,5,0,3
70.62,2,1,3
70.64,4,3,2
70.66,2,3,6
70.68,1,5,4
70.7,2,3,1
70.72,4,3,3
70.74,5,3,2
70.76,1,6,5
70.78,1,6,3
70.8,5,4,1
70.82,4,3,3
70.84,5,5,3
70.86,3,5,4
70.88,3,3,5
70.9,3,3,5
70.92,5,4,6
70.94,0,3,2
70.96,2,1,4
70.98,11,2,2
71,2,6,6
71.02,3,0,4
71.04,5,4,4
71.06,5,2,2
71.08,5,8,5
71.1,5,4,3
71.12,2,3,2
71.14,2,3,2
71.16,4,5,1
71.18,2,3,5
71.2,5,4,6
71.22,3,4,3
71.24,5,6,1
71.26,4,2,3
71.28,4,0,3
71.3,5,0,3
71.32,4,7,4
71.34,2,3,2
71.36,4,0,3
71.38,2,4,2
71.4,2,6,4
71.42,1,1,5
71.44,4,4,3
71.46,7,3,3
71.48,9,3,1
71.5,6,1,6
71.52,10,4,2
71.54,3,3,6
71.56,7,3,1
71.58,5,3,4
71.6,1,4,4
71.62,2,13,4
71.64,2,3,4
71.66,0,6,3
71.68,3,7,2
71.7,6,2,4
71.72,1,3,1
71.74,6,3,0
71.76,1,6,3
71.78,2,2,6
71.8,4,5,3
71.82,5,8,2
71.84,10,2,3
71.86,6,2,2
71.88,3,6,1
71.9,1,1,5
71.92,1,2,5
71.94,3,4,3
71.96,4,3,7
71.98,1,6,1
72,7,3,6
72.02,1,6,2
72.04,4,4,4
72.06,4,1,2
72.08,6,6,1
72.1,11,6,10
72.12,8,3,6
72.14,0,0,1
72.16,4,1,3
72.18,5,2,4
72.2,3,2,6
72.22,3,2,0
72.24,8,9,2
72.26,3,1,9
72.28,3,2,2
72.3,4,4,3
72.32,3,6,4
72.34,3,6,7
72.36,1,2,3
72.38,1,7,2
72.4,2,5,2
72.42,3,2,3
72.44,5,5,2
72.46,2,3,1
72.48,4,6,1
72.5,0,3,3
72.52,3,2,5
72.54,3,2,4
72.56,6,1,5
72.58,2,2,2
72.6,2,3,0
72.62,5,5,1
72.64,5,4,2
72.66,5,1,4
72.68,4,6,5
72.7,0,2,0
72.72,3,8,6
72.74,5,2,1
72.76,6,4,2
72.78,2,1,3
72.8,6,3,5
72.82,1,4,6
72.84,1,5,6
72.86,2,5,7
72.88,4,5,2
72.9,2,8,4
72.92,3,4,0
72.94,2,4,6
72.96,0,2,6
72.98,8,3,4
73,11,1,6
73.02,1,2,6
73.04,5,3,4
73.06,2,5,8
73.08,3,7,5
73.1,4,3,1
73.12,3,5,4
73.14,2,5,2
73.16,4,3,2
73.18,1,8,5
73.2,2,2,2
73.22,4,3,2
73.24,7,3,2
73.26,2,2,2
73.28,6,4,0
73.3,1,3,3
73.32,3,2,3
73.34,6,3,2
73.36,6,5,2
73.38,5,2,5
73.4,5,2,0
73.42,4,0,1
73.44,8,4,2
73.46,5,2,3
73.48,4,3,6
73.5,3,4,4
73.52,3,7,3
73.54,2,1,4
73.56,7,3,1
73.58,3,4,1
73.6,1,3,6
73.62,5,3,1
73.64,6,2,1
73.66,2,3,8
73.68,3,1,6
73.7,6,5,2
73.72,3,3,4
73.74,5,4,1
73.76,3,0,1
73.78,1,1,3
73.8,2,2,4
73.82,5,5,3
73.84,6,0,3
73.86,6,8,5
73.88,0,1,2
73.9,5,1,0
73.92,5,0,4
73.94,8,4,1
73.96,1,6,7
73.98,4,6,1
74,6,1,5
74.02,5,5,3
74.04,3,5,3
74.06,4,3,0
74.08,2,1,0
74.1,4,1,7
74.12,8,4,2
74.14,7,3,6
74.16,1,3,3
74.18,4,1,2
74.2,2,4,2
74.22,3,0,7
74.24,5,4,4
74.26,2,2,5
74.28,6,4,6
74.3,1,1,0
74.32,6,5,1
74.34,10,5,3
74.36,0,4,8
74.38,2,3,5
74.4,3,2,4
74.42,7,3,7
74.44,6,0,4
74.46,1,2,3
74.48,7,2,2
74.5,7,4,0
74.52,4,3,4
74.54,5,4,6
74.56,1,12,0
74.58,0,4,3
74.6,1,1,2
74.62,0,4,1
74.64,3,4,6
74.66,3,2,5
74.68,1,4,10
74.7,2,2,1
74.72,5,3,0
74.74,5,5,3
74.76,1,3,4
74.78,1,3,6
74.8,2,6,0
74.82,3,5,0
74.84,6,5,9
74.86,2,2,4
74.88,2,6,1
74.9,3,2,6
74.92,7,2,5
74.94,1,2,2
74.96,2,7,1
74.98,1,2,1
75,5,3,1
75.02,5,2,5
75.04,1,4,3
75.06,7,6,3
75.08,7,3,4
75.1,7,1,6
75.12,3,4,1
75.14,5,5,3
75.16,3,2,1
75.18,2,7,1
75.2,1,2,1
75.22,7,5,4
75.24,5,3,2
75.26,2,3,2
75.28,0,3,4
75.3,4,3,3
75.32,5,3,3
75.34,3,3,3
75.36,3,5,2
75.38,4,4,2
75.4,1,1,1
75.42,2,4,1
75.44,4,5,3
75.46,5,9,3
75.48,5,2,4
75.5,8,3,5
75.52,3,2,1
75.54,2,5,2
75.56,3,5,7
75.58,4,5,2
75.6,11,4,1
75.62,4,6,5
75.64,2,4,5
75.66,4,3,2
75.68,5,1,4
75.7,4,8,4
75.72,2,4,2
75.74,1,3,5
75.76,3,4,1
75.78,0,2,3
75.8,7,5,4
75.82,3,3,6
75.84,6,8,1
75.86,2,2,2
75.88,4,0,4
75.9,2,2,7
75.92,5,3,3
75.94,4,3,5
75.96,6,2,4
75.98,3,2,3
76,2,4,5
76.02,2,3,2
76.04,5,6,7
76.06,3,4,5
76.08,2,5,1
76.1,3,0,0
76.12,1,7,1
76.14,1,1,2
76.16,4,9,3
76.18,4,4,1
76.2,2,6,6
76.22,4,4,2
76.24,3,1,0
76.26,5,2,1
76.28,6,8,6
76.3,1,9,1
76.32,2,3,2
76.34,5,2,2
76.36,8,2,3
76.38,3,6,3
76.4,2,4,2
76.42,4,4,5
76.44,1,5,4
76.46,5,4,5
76.48,4,7,2
76.5,1,10,5
76.52,7,3,7
76.54,3,5,5
76.56,4,7,4
76.58,4,5,2
76.6,4,5,2
76.62,3,2,1
76.64,8,7,1
76.66,6,3,1
76.68,0,1,1
76.7,7,5,1
76.72,9,7,2
76.74,1,1,0
76.76,2,7,1
76.78,4,3,3
76.8,5,3,4
76.82,4,6,2
76.84,9,2,5
76.86,4,7,1
76.88,8,9,0
76.9,4,6,4
76.92,1,1,5
76.94,4,3,0
76.96,2,2,1
76.98,1,4,6
77,4,4,2
77.02,4,3,5
77.04,9,3,3
77.06,8,6,6
77.08,1,2,5
77.1,6,5,1
77.12,1,2,2
77.14,4,2,4
77.16,3,4,2
77.18,6,4,4
77.2,2,4,0
77.22,7,1,3
77.24,6,3,4
77.26,5,3,1
77.28,5,5,4
77.3,2,1,7
77.32,3,2,3
77.34,6,3,5
77.36,4,0,1
77.38,2,3,6
77.4,4,10,2
77.42,7,5,0
77.44,6,2,2
77.46,4,2,2
77.48,5,4,2
77.5,2,7,1
77.52,4,7,3
77.54,3,5,4
77.56,2,3,3
77.58,4,1,2
77.6,2,8,1
77.62,5,6,2
77.64,4,4,2
77.66,4,5,3
77.68,3,1,3
77.7,8,1,2
77.72,7,6,4
77.74,5,10,3
77.76,6,0,0
77.78,0,2,3
77.8,1,3,2
77.82,6,2,4
77.84,6,5,5
77.86,5,4,5
77.88,4,1,4
77.9,7,6,2
77.92,9,3,5
77.94,0,4,1
77.96,2,3,2
77.98,2,3,7
78,3,2,6
78.02,4,3,2
78.04,2,8,2
78.06,2,5,2
78.08,2,1,1
78.1,4,1,7
78.12,2,6,3
78.14,2,9,4
78.16,3,5,3
78.18,5,7,7
78.2,7,0,4
78.22,1,4,5
78.24,2,4,2
78.26,9,3,4
78.28,3,4,4
78.3,4,6,5
78.32,9,4,5
78.34,3,5,3
78.36,3,3,4
78.38,3,2,1
78.4,3,3,4
78.42,1,4,3
78.44,3,5,1
78.46,6,2,6
78.48,2,4,2
78.5,5,5,3
78.52,5,6,4
78.54,1,5,4
78.56,1,6,4
78.58,6,4,3
78.6,2,1,1
78.62,6,0,1
78.64,1,3,7
78.66,9,4,2
78.68,2,4,3
78.7,3,2,8
78.72,2,6,4
78.74,1,6,0
78.76,4,5,1
78.78,2,2,2
78.8,10,2,4
78.82,6,3,4
78.84,8,5,3
78.86,1,1,3
78.88,2,2,4
78.9,2,4,6
78.92,5,1,3
78.94,1,4,3
78.96,3,3,6
78.98,4,3,6
79,2,5,7
79.02,3,0,4
79.04,4,6,0
79.06,4,6,4
79.08,1,3,0
79.1,3,2,3
79.12,2,3,7
79.14,0,2,3
79.16,3,2,10
79.18,7,4,2
79.2,2,4,1
79.22,4,0,3
79.24,9,3,2
79.26,0,4,4
79.28,5,1,2
79.3,3,3,3
79.32,8,3,8
79.34,4,2,1
79.36,2,0,2
79.38,4,4,4
79.4,4,1,3
79.42,9,2,2
79.44,4,4,2
79.46,5,4,1
79.48,7,2,4
79.5,3,5,2
79.52,7,4,1
79.54,1,5,2
79.56,5,7,2
79.58,1,3,5
79.6,4,3,3
79.62,4,4,4
79.64,0,2,4
79.66,3,5,3
79.68,2,1,3
79.7,6,0,2
79.72,5,0,3
79.74,0,4,3
79.76,2,3,5
79.78,3,6,6
79.8,3,0,6
79.82,5,5,8
79.84,3,4,4
79.86,3,4,3
79.88,2,2,3
79.9,3,3,3
79.92,7,9,6
79.94,0,7,3
79.96,2,6,4
79.98,0,3,3
80,3,3,1
80.02,2,2,3
80.04,3,4,2
80.06,4,1,4
80.08,7,6,2
80.1,3,5,5
80.12,4,3,4
80.14,1,4,0
80.16,6,4,1
80.18,0,2,5
80.2,2,4,3
80.22,6,6,5
80.24,5,1,4
80.26,3,2,2
80.28,5,2,7
80.3,1,4,4
80.32,7,3,7
80.34,2,1,2
80.36,1,3,6
80.38,2,2,0
80.4,3,6,3
80.42,3,7,1
80.44,0,5,4
80.46,4,3,3
80.48,7,5,2
80.5,5,4,10
80.52,2,1,7
80.54,4,6,6
80.56,9,6,3
80.58,5,5,4
80.6,4,2,4
80.62,2,2,7
80.64,5,7,7
80.66,2,3,5
80.68,4,2,3
80.7,1,4,5
80.72,2,4,2
80.74,2,5,5
80.76,1,8,5
80.78,1,0,2
80.8,5,5,4
80.82,3,6,5
80.84,5,0,1
80.86,6,3,7
80.88,2,4,3
80.9,3,4,1
80.92,2,5,1
80.94,1,5,0
80.96,1,3,2
80.98,3,3,2
81,2,2,2
81.02,9,7,1
81.04,4,3,2
81.06,2,1,3
81.08,8,0,8
81.1,6,1,4
81.12,6,1,2
81.14,4,3,2
81.16,3,1,1
81.18,6,3,1
81.2,1,6,3
81.22,2,2,4
81.24,3,7,8
81.26,5,5,0
81.28,5,3,2
81.3,0,2,1
81.32,8,1,8
81.34,2,4,6
81.36,4,5,2
81.38,1,2,3
81.4,6,3,7
81.42,5,2,1
81.44,5,4,1
81.46,4,5,0
81.48,6,3,1
81.5,4,3,1
81.52,3,6,2
81.54,2,3,2
81.56,2,4,5
81.58,5,1,4
81.6,2,4,2
81.62,4,0,2
81.64,3,4,4
81.66,6,5,2
81.68,4,0,2
81.7,2,6,1
81.72,3,1,5
81.74,2,8,1
81.76,2,4,1
81.78,6,3,2
81.8,2,5,8
81.82,2,3,2
81.84,6,2,3
81.86,3,3,1
81.88,5,0,3
