458.9300, 0.0034204
460.0000, 0.0034655
461.0600, 0.0035070
461.9600, 0.0035972
463.0300, 0.0037252
463.9300, 0.0036662
465.0000, 0.0038726
466.0600, 0.0038282
466.9600, 0.0037309
468.0300, 0.0038318
468.9300, 0.0037961
470.0000, 0.0039178
471.0400, 0.0038766
471.9400, 0.0039693
472.9800, 0.0038690
474.0200, 0.0039529
475.0700, 0.0039133
475.9700, 0.0036963
477.0100, 0.0036601
478.0500, 0.0035430
478.9500, 0.0034767
480.0000, 0.0032536
481.0600, 0.0031135
481.9600, 0.0029940
483.0300, 0.0027650
483.9300, 0.0026178
485.0000, 0.0024261
486.0600, 0.0022391
486.9600, 0.0020770
488.0300, 0.0019411
488.9300, 0.0018521
490.0000, 0.0016971
491.0600, 0.0015987
491.9600, 0.0014708
493.0300, 0.0014223
493.9300, 0.0013295
495.0000, 0.0012366
496.0600, 0.0012152
496.9600, 0.0011215
498.0300, 0.0011057
498.9300, 0.0010331
500.0000, 0.0009936
501.0400, 0.0010413
501.9400, 0.0010333
502.9800, 0.0009290
504.0200, 0.0009503
505.0700, 0.0009004
505.9700, 0.0009052
507.0100, 0.0009035
508.0500, 0.0008652
508.9500, 0.0008486
510.0000, 0.0008328
511.0400, 0.0007560
511.9400, 0.0008264
512.9800, 0.0007667
514.0200, 0.0008802
515.0700, 0.0008294
515.9700, 0.0007848
517.0100, 0.0007490
518.0500, 0.0008096
518.9500, 0.0007464
520.0000, 0.0007835
521.0400, 0.0007724
521.9400, 0.0007787
522.9800, 0.0008210
524.0200, 0.0008810
525.0700, 0.0007698
525.9700, 0.0008041
527.0100, 0.0008717
528.0500, 0.0008682
528.9500, 0.0008719
530.0000, 0.0008755
531.0400, 0.0008744
531.9400, 0.0007966
532.9800, 0.0008408
534.0200, 0.0008572
535.0700, 0.0008621
535.9700, 0.0009281
537.0100, 0.0008741
538.0500, 0.0009390
538.9500, 0.0009179
540.0000, 0.0009289
541.0400, 0.0009171
541.9400, 0.0009825
542.9800, 0.0010470
544.0200, 0.0010128
545.0700, 0.0010166
545.9700, 0.0010528
547.0100, 0.0011389
548.0500, 0.0011551
548.9500, 0.0012026
550.0000, 0.0011763
551.0400, 0.0012361
551.9400, 0.0012066
552.9800, 0.0012660
554.0200, 0.0013148
555.0700, 0.0013213
555.9700, 0.0014132
557.0100, 0.0014837
558.0500, 0.0014913
558.9500, 0.0015585
560.0000, 0.0016525
561.0200, 0.0017081
562.0500, 0.0018584
562.9400, 0.0019322
563.9700, 0.0020710
565.0000, 0.0021463
566.0200, 0.0023319
567.0500, 0.0023958
567.9400, 0.0026075
568.9700, 0.0027717
570.0000, 0.0029512
571.0200, 0.0030789
572.0500, 0.0033668
572.9400, 0.0035453
573.9700, 0.0038430
575.0000, 0.0040793
576.0200, 0.0044148
577.0500, 0.0047877
577.9400, 0.0051206
578.9700, 0.0055090
580.0000, 0.0058488
581.0200, 0.0062718
582.0500, 0.0067498
582.9400, 0.0071518
583.9700, 0.0076637
585.0000, 0.0082369
586.0200, 0.0088701
587.0500, 0.0092645
587.9400, 0.0099007
588.9700, 0.0105917
590.0000, 0.0113943
591.0200, 0.0119910
592.0500, 0.0127997
592.9400, 0.0133516
593.9700, 0.0142192
595.0000, 0.0149525
596.0200, 0.0159622
597.0500, 0.0166700
597.9400, 0.0174578
598.9700, 0.0182503
600.0000, 0.0189962
601.0200, 0.0198992
602.0500, 0.0209382
602.9400, 0.0220567
603.9700, 0.0230213
605.0000, 0.0239977
606.0200, 0.0251850
607.0500, 0.0263670
607.9400, 0.0274749
608.9700, 0.0288157
610.0000, 0.0306747
611.0200, 0.0326675
612.0500, 0.0344764
612.9400, 0.0363051
613.9700, 0.0387230
615.0000, 0.0418680
616.0200, 0.0459259
617.0500, 0.0503539
617.9400, 0.0537361
618.9700, 0.0596568
620.0000, 0.0653841
621.0100, 0.0731901
622.0200, 0.0815018
623.0400, 0.0913490
624.0500, 0.1026585
625.0700, 0.1162819
625.9400, 0.1270415
626.9500, 0.1425146
627.9700, 0.1581127
628.9800, 0.1767886
630.0000, 0.1991181
631.0100, 0.2225923
632.0200, 0.2461645
633.0400, 0.2699253
634.0500, 0.2955163
635.0700, 0.3251018
635.9400, 0.3485937
636.9500, 0.3805294
637.9700, 0.4142079
638.9800, 0.4480503
640.0000, 0.4794968
641.0100, 0.5143008
642.0200, 0.5465704
643.0400, 0.5796899
644.0500, 0.6141771
645.0700, 0.6490656
645.9400, 0.6790972
646.9500, 0.7082245
647.9700, 0.7386835
648.9800, 0.7685231
650.0000, 0.7948587
651.0100, 0.8192428
652.0200, 0.8456033
653.0400, 0.8679240
654.0500, 0.8865002
655.0700, 0.9054505
655.9400, 0.9175129
656.9500, 0.9305774
657.9700, 0.9469569
658.9800, 0.9566501
660.0000, 0.9663310
661.0000, 0.9749653
662.0000, 0.9799780
663.0000, 0.9873849
664.0000, 0.9926810
665.0000, 0.9939747
666.0000, 0.9977896
667.0000, 0.9979270
668.0000, 0.9991238
669.0000, 0.9988565
670.0000, 1.0000000
671.0100, 0.9968343
672.0200, 0.9949127
673.0400, 0.9938167
674.0500, 0.9919250
675.0700, 0.9888338
675.9400, 0.9872458
676.9500, 0.9843399
677.9700, 0.9809529
678.9800, 0.9813628
680.0000, 0.9787792
681.0000, 0.9758907
682.0000, 0.9731779
683.0000, 0.9710990
684.0000, 0.9687336
685.0000, 0.9696221
686.0000, 0.9665326
687.0000, 0.9677407
688.0000, 0.9653741
689.0000, 0.9644445
690.0000, 0.9650312
691.0000, 0.9640989
692.0000, 0.9662456
693.0000, 0.9664686
694.0000, 0.9702391
695.0000, 0.9711992
696.0000, 0.9752288
697.0000, 0.9773555
698.0000, 0.9785510
699.0000, 0.9804742
700.0000, 0.9801768
700.9800, 0.9850428
701.9700, 0.9866962
702.9500, 0.9871228
703.9400, 0.9850607
705.0700, 0.9844813
706.0500, 0.9832831
707.0400, 0.9833239
708.0200, 0.9806193
709.0100, 0.9772598
710.0000, 0.9721405
711.0000, 0.9634412
712.0000, 0.9588672
713.0000, 0.9522087
714.0000, 0.9438240
715.0000, 0.9345306
716.0000, 0.9226674
717.0000, 0.9112147
718.0000, 0.8996348
719.0000, 0.8858824
720.0000, 0.8714807
720.9800, 0.8587611
721.9700, 0.8406765
722.9500, 0.8251533
723.9400, 0.8074803
725.0700, 0.7869231
726.0500, 0.7672750
727.0400, 0.7528701
728.0200, 0.7336766
729.0100, 0.7170227
730.0000, 0.6998423
730.9800, 0.6810229
731.9700, 0.6633701
732.9500, 0.6442662
733.9400, 0.6286072
735.0700, 0.6090796
736.0500, 0.5946396
737.0400, 0.5782154
738.0200, 0.5616144
739.0100, 0.5468436
740.0000, 0.5304673
740.9700, 0.5147255
741.9400, 0.4999924
743.0500, 0.4833895
744.0200, 0.4682556
745.0000, 0.4543816
745.9700, 0.4406826
746.9400, 0.4287445
748.0500, 0.4131473
749.0200, 0.4024022
750.0000, 0.3903897
750.9800, 0.3772610
751.9700, 0.3663316
752.9500, 0.3543656
753.9400, 0.3448264
755.0700, 0.3333401
756.0500, 0.3222751
757.0400, 0.3147845
758.0200, 0.3049204
759.0100, 0.2967177
760.0000, 0.2870084
760.9700, 0.2788697
761.9400, 0.2697618
763.0500, 0.2604816
764.0200, 0.2532560
765.0000, 0.2456482
765.9700, 0.2389155
766.9400, 0.2312747
768.0500, 0.2231311
769.0200, 0.2164815
770.0000, 0.2092686
770.9700, 0.2016139
771.9400, 0.1952165
773.0500, 0.1884024
774.0200, 0.1828764
775.0000, 0.1774691
775.9700, 0.1713636
776.9400, 0.1663734
778.0500, 0.1598096
779.0200, 0.1552296
780.0000, 0.1491612
780.9500, 0.1444743
782.0500, 0.1391201
783.0100, 0.1347935
783.9700, 0.1306552
785.0600, 0.1257770
786.0200, 0.1215191
786.9800, 0.1176317
787.9400, 0.1139718
789.0400, 0.1093951
790.0000, 0.1058668
790.9500, 0.1024033
792.0500, 0.0982188
793.0100, 0.0944799
793.9700, 0.0910747
795.0600, 0.0872327
796.0200, 0.0847518
796.9800, 0.0816910
797.9400, 0.0788142
799.0400, 0.0759251
800.0000, 0.0732537
800.9500, 0.0710589
802.0500, 0.0681901
803.0100, 0.0657899
803.9700, 0.0636390
805.0600, 0.0610348
806.0200, 0.0590672
806.9800, 0.0571373
807.9400, 0.0554268
809.0400, 0.0531773
810.0000, 0.0516673
810.9500, 0.0495112
812.0500, 0.0478091
813.0100, 0.0459807
813.9700, 0.0442024
815.0600, 0.0424734
816.0200, 0.0407903
816.9800, 0.0392091
817.9400, 0.0378769
819.0400, 0.0357747
820.0000, 0.0341848
820.9400, 0.0329645
822.0200, 0.0311420
822.9700, 0.0297053
824.0500, 0.0278740
825.0000, 0.0266934
825.9400, 0.0250832
827.0200, 0.0235334
827.9700, 0.0220673
829.0500, 0.0208628
830.0000, 0.0193722
830.9400, 0.0183765
832.0200, 0.0170521
832.9700, 0.0160270
834.0500, 0.0146640
835.0000, 0.0137872
835.9400, 0.0127988
837.0200, 0.0117488
837.9700, 0.0108272
839.0500, 0.0097975
840.0000, 0.0089969
840.9400, 0.0082286
842.0200, 0.0074264
842.9700, 0.0067579
844.0500, 0.0061299
845.0000, 0.0055890
845.9400, 0.0049287
847.0200, 0.0045012
847.9700, 0.0041463
849.0500, 0.0036230
850.0000, 0.0032026
851.0600, 0.0027945
852.0000, 0.0026018
853.0600, 0.0023010
854.0000, 0.0020547
855.0600, 0.0017478
856.0000, 0.0015736
857.0600, 0.0014337
858.0000, 0.0012609
859.0600, 0.0010691
860.0000, 0.0009597
861.0600, 0.0008723
862.0000, 0.0007677
863.0600, 0.0007048
864.0000, 0.0005920
865.0600, 0.0005123
866.0000, 0.0004509
867.0600, 0.0004031
868.0000, 0.0003319
869.0600, 0.0003558
870.0000, 0.0002977
871.0600, 0.0002500
872.0000, 0.0002374
873.0600, 0.0002296
874.0000, 0.0001481
875.0600, 0.0001823
876.0000, 0.0001476
877.0600, 0.0001281
878.0000, 0.0000856
879.0600, 0.0000903
880.0000, 0.0001053
881.0500, 0.0000865
881.9700, 0.0001140
883.0200, 0.0000756
883.9400, 0.0000619
885.0000, 0.0000461
886.0500, 0.0000490
886.9700, 0.0000090
888.0200, 0.0000000
888.9400, 0.0000002
890.0000, 0.0000437
891.0500, 0.0000000
891.9700, 0.0000000
893.0200, 0.0000000
893.9400, 0.0000000
895.0000, 0.0000000
896.0500, 0.0000000
896.9700, 0.0000000
898.0200, 0.0000000
898.9400, 0.0000000
900.0000, 0.0000000
