1149.9, 2
1150.5, -11
1151.1, 6
1151.7, -2
1152.3, 5
1152.9, 6
1153.5, 3
1154.1, -4
1154.7, -15
1155.3, -2
1155.9, -11
1156.5, 2
1157.1, -14
1157.7, 5
1158.3, -3
1158.9, -14
1159.5, 12
1160.1, -7
1160.7, -9
1161.3, -4
1161.9, 7
1162.5, -9
1163.1, 15
1163.7, 1
1164.3, 1
1164.9, 17
1165.5, -14
1166.1, 3
1166.7, 5
1167.3, -3
1167.9, 24
1168.5, 14
1169.1, 16
1169.7, -19
1170.3, -7
1170.9, 17
1171.5, 1
1172.1, 15
1172.7, -8
1173.3, -4
1173.9, 8
1174.5, -2
1175.1, 14
1175.7, 19
1176.3, 5
1176.9, -11
1177.5, 15
1178.1, 8
1178.7, 15
1179.3, -10
1179.9, 12
1180.5, 3
1181.1, 9
1181.7, 9
1182.3, 0
1182.9, 4
1183.5, -6
1184.1, 3
1184.7, 14
1185.3, 4
1185.9, -2
1186.5, 0
1187.1, 4
1187.7, -7
1188.3, -7
1188.9, 3
1189.5, 1
1190.1, 9
1190.7, -12
1191.3, 5
1191.9, 5
1192.5, 12
1193.1, 9
1193.7, -2
1194.3, 6
1194.9, 25
1195.5, 7
1196.1, -5
1196.7, -4
1197.3, 0
1197.9, 21
1198.5, 3
1199.1, 8
1199.7, 14
1200.3, 3
1200.9, -1
1201.5, -1
1202.1, 11
1202.7, 20
1203.3, 4
1203.9, 12
1204.5, 7
1205.1, 14
1205.7, 33
1206.3, 5
1206.9, 7
1207.5, 16
1208.1, 26
1208.7, 22
1209.3, -1
1209.9, 40
1210.5, 11
1211.1, 15
1211.7, -2
1212.3, 11
1212.9, 35
1213.5, 17
1214.1, 35
1214.7, 12
1215.3, 33
1215.9, 33
1216.5, 14
1217.1, 38
1217.7, 33
1218.3, 45
1218.9, 39
1219.5, 49
1220.1, 66
1220.7, 31
1221.3, 24
1221.9, 61
1222.5, 68
1223.1, 57
1223.7, 67
1224.3, 112
1224.9, 83
1225.5, 99
1226.1, 88
1226.7, 87
1227.3, 108
1227.9, 119
1228.5, 130
1229.1, 120
1229.7, 149
1230.3, 117
1230.9, 118
1231.5, 146
1232.1, 203
1232.7, 166
1233.3, 167
1233.9, 177
1234.5, 199
1235.1, 175
1235.7, 206
1236.3, 221
1236.9, 240
1237.5, 211
1238.1, 203
1238.7, 237
1239.3, 247
1239.9, 269
1240.5, 281
1241.1, 295
1241.7, 318
1242.3, 288
1242.9, 322
1243.5, 328
1244.1, 352
1244.7, 370
1245.3, 340
1245.9, 381
1246.5, 405
1247.1, 363
1247.7, 397
1248.3, 386
1248.9, 421
1249.5, 390
1250.1, 391
1250.7, 462
1251.3, 495
1251.9, 466
1252.5, 484
1253.1, 518
1253.7, 495
1254.3, 463
1254.9, 490
1255.5, 483
1256.1, 482
1256.7, 534
1257.3, 512
1257.9, 545
1258.5, 546
1259.1, 597
1259.7, 592
1260.3, 586
1260.9, 566
1261.5, 574
1262.1, 629
1262.7, 587
1263.3, 590
1263.9, 626
1264.5, 641
1265.1, 643
1265.7, 640
1266.3, 628
1266.9, 670
1267.5, 625
1268.1, 648
1268.7, 682
1269.3, 662
1269.9, 707
1270.5, 668
1271.1, 666
1271.7, 702
1272.3, 655
1272.9, 629
1273.5, 645
1274.1, 631
1274.7, 697
1275.3, 617
1275.9, 623
1276.5, 700
1277.1, 653
1277.7, 632
1278.3, 692
1278.9, 642
1279.5, 654
1280.1, 665
1280.7, 652
1281.3, 638
1281.9, 646
1282.5, 645
1283.1, 639
1283.7, 629
1284.3, 621
1284.9, 624
1285.5, 612
1286.1, 561
1286.7, 527
1287.3, 597
1287.9, 583
1288.5, 565
1289.1, 563
1289.7, 584
1290.3, 560
1290.9, 527
1291.5, 495
1292.1, 547
1292.7, 515
1293.3, 491
1293.9, 473
1294.5, 491
1295.1, 447
1295.7, 495
1296.3, 473
1296.9, 445
1297.5, 432
1298.1, 409
1298.7, 382
1299.3, 433
1299.9, 420
1300.5, 426
1301.1, 341
1301.7, 371
1302.3, 380
1302.9, 339
1303.5, 363
1304.1, 314
1304.7, 305
1305.3, 300
1305.9, 317
1306.5, 288
1307.1, 289
1307.7, 274
1308.3, 270
1308.9, 261
1309.5, 245
1310.1, 226
1310.7, 225
1311.3, 211
1311.9, 216
1312.5, 204
1313.1, 176
1313.7, 181
1314.3, 198
1314.9, 168
1315.5, 157
1316.1, 157
1316.7, 135
1317.3, 138
1317.9, 140
1318.5, 132
1319.1, 109
1319.7, 118
1320.3, 113
1320.9, 83
1321.5, 113
1322.1, 105
1322.7, 85
1323.3, 70
1323.9, 83
1324.5, 63
1325.1, 79
1325.7, 60
1326.3, 64
1326.9, 69
1327.5, 59
1328.1, 50
1328.7, 41
1329.3, 37
1329.9, 35
1330.5, 52
1331.1, 34
1331.7, 40
1332.3, 37
1332.9, 19
1333.5, 48
1334.1, 41
1334.7, 27
1335.3, 29
1335.9, 20
1336.5, 28
1337.1, 27
1337.7, 12
1338.3, 1
1338.9, 21
1339.5, 9
1340.1, 25
1340.7, 14
1341.3, 19
1341.9, 14
1342.5, 13
1343.1, 9
1343.7, 4
1344.3, 12
1344.9, 18
1345.5, 13
1346.1, 11
1346.7, 18
1347.3, 0
1347.9, 13
1348.5, 20
1349.1, -11
1349.7, -12
1350.3, -7
1350.9, -8
1351.5, 3
1352.1, -9
1352.7, 6
1353.3, 16
1353.9, 4
1354.5, -6
1355.1, 3
1355.7, 25
1356.3, 5
1356.9, 21
1357.5, -4
1358.1, 12
1358.7, 18
1359.3, 23
1359.9, -2
1360.5, 14
1361.1, 11
1361.7, -2
1362.3, 9
1362.9, -7
1363.5, -7
1364.1, 9
1364.7, 22
1365.3, 8
1365.9, -3
1366.5, 5
1367.1, -5
1367.7, 3
1368.3, 4
1368.9, -1
1369.5, -13
1370.1, -4
1370.7, 12
1371.3, 4
1371.9, 8
1372.5, 4
1373.1, -2
1373.7, 8
1374.3, -10
1374.9, -7
1375.5, 3
1376.1, 0
1376.7, 1
1377.3, 12
1377.9, 5
1378.5, -1
1379.1, 6
1379.7, -9
1380.3, -11
1380.9, -2
1381.5, 2
1382.1, -2
1382.7, 14
1383.3, -8
1383.9, 7
1384.5, 9
1385.1, -6
1385.7, -1
1386.3, -4
1386.9, 0
1387.5, 8
1388.1, 5
1388.7, 2
1389.3, 12
1389.9, 2
1390.5, 9
1391.1, -13
1391.7, -4
1392.3, 12
1392.9, -7
1393.5, 2
1394.1, 14
1394.7, -13
1395.3, -13
1395.9, -1
1396.5, 1
1397.1, -6
1397.7, 17
1398.3, -8
